# Blender 4.5.3 LTS
# www.blender.org
mtllib coche_rueda_izquierda_2.mtl
g llanta_izquierda_2_Mesh
v 0.451256 -2.577092 -1.438488
v 1.280403 -2.275305 -1.441638
v 1.956327 -1.708131 -1.444207
v 2.397509 -0.943980 -1.445883
v 2.550730 -0.075019 -1.446465
v 2.397509 0.793943 -1.445883
v 1.956331 1.558094 -1.444207
v 1.280401 2.125268 -1.441638
v 0.451256 2.427055 -1.438488
v -0.431107 2.427054 -1.435136
v -1.260254 2.125268 -1.431985
v -1.936178 1.558094 -1.429417
v -2.377359 0.793943 -1.427741
v -2.530581 -0.075018 -1.427159
v -2.377359 -0.943979 -1.427741
v -1.936182 -1.708131 -1.429417
v -1.260254 -2.275305 -1.431985
v -0.431107 -2.577092 -1.435136
v 0.487408 -2.770191 -0.884335
v 1.380547 -2.445113 -0.887729
v 2.108637 -1.834167 -0.890495
v 2.583864 -1.011042 -0.892301
v 2.748911 -0.075019 -0.892927
v 2.583862 0.861005 -0.892301
v 2.108637 1.684130 -0.890495
v 1.380545 2.295075 -0.887728
v 0.487410 2.620153 -0.884335
v -0.463045 2.620153 -0.880724
v -1.356184 2.295075 -0.877331
v -2.084274 1.684130 -0.874564
v -2.559504 0.861005 -0.872759
v -2.724548 -0.075018 -0.872131
v -2.559505 -1.011042 -0.872759
v -2.084278 -1.834167 -0.874564
v -1.356184 -2.445113 -0.877330
v -0.463049 -2.770191 -0.880724
v 0.499750 -2.828232 -0.330092
v 1.412121 -2.496153 -0.333558
v 2.155891 -1.872051 -0.336384
v 2.641354 -1.031199 -0.338229
v 2.809952 -0.075019 -0.338869
v 2.641352 0.881162 -0.338228
v 2.155891 1.722013 -0.336384
v 1.412121 2.346116 -0.333558
v 0.499748 2.678194 -0.330091
v -0.471174 2.678194 -0.326403
v -1.383545 2.346116 -0.322936
v -2.127316 1.722013 -0.320110
v -2.612778 0.881163 -0.318266
v -2.781380 -0.075018 -0.317625
v -2.612780 -1.031199 -0.318265
v -2.127317 -1.872050 -0.320110
v -1.383547 -2.496153 -0.322936
v -0.471176 -2.828232 -0.326403
v 0.501854 -2.828232 0.224191
v 1.414227 -2.496153 0.220724
v 2.157995 -1.872051 0.217898
v 2.643459 -1.031199 0.216054
v 2.812057 -0.075019 0.215414
v 2.643457 0.881162 0.216054
v 2.157997 1.722013 0.217898
v 1.414223 2.346116 0.220725
v 0.501854 2.678194 0.224191
v -0.469069 2.678194 0.227880
v -1.381441 2.346116 0.231346
v -2.125210 1.722013 0.234172
v -2.610672 0.881163 0.236017
v -2.779274 -0.075018 0.236657
v -2.610674 -1.031199 0.236017
v -2.125212 -1.872050 0.234172
v -1.381441 -2.496153 0.231347
v -0.469072 -2.828232 0.227880
v 0.493727 -2.770191 0.778512
v 1.386866 -2.445114 0.775118
v 2.114956 -1.834167 0.772353
v 2.590183 -1.011042 0.770547
v 2.755230 -0.075019 0.769919
v 2.590183 0.861005 0.770547
v 2.114956 1.684130 0.772353
v 1.386864 2.295075 0.775118
v 0.493729 2.620153 0.778512
v -0.456728 2.620153 0.782123
v -1.349867 2.295075 0.785516
v -2.077957 1.684130 0.788283
v -2.553185 0.861005 0.790089
v -2.718229 -0.075018 0.790716
v -2.553186 -1.011042 0.790089
v -2.077959 -1.834167 0.788283
v -1.349867 -2.445113 0.785516
v -0.456732 -2.770191 0.782123
v 0.458948 -2.561003 1.332934
v 1.282763 -2.261156 1.329804
v 1.954342 -1.697629 1.327253
v 2.392683 -0.938392 1.325587
v 2.544918 -0.075018 1.325009
v 2.392685 0.788355 1.325587
v 1.954342 1.547592 1.327253
v 1.282761 2.111119 1.329804
v 0.458944 2.410965 1.332934
v -0.417740 2.410964 1.336265
v -1.241554 2.111118 1.339395
v -1.913134 1.547592 1.341948
v -2.351475 0.788355 1.343613
v -2.503710 -0.075018 1.344191
v -2.351477 -0.938391 1.343612
v -1.913136 -1.697628 1.341947
v -1.241554 -2.261155 1.339396
v -0.417740 -2.561002 1.336265
v 0.360836 -1.998166 1.630712
v 0.998133 -1.766205 1.628291
v 1.517670 -1.330264 1.626317
v 1.856768 -0.742921 1.625029
v 1.974535 -0.075019 1.624581
v 1.856766 0.592884 1.625029
v 1.517666 1.180226 1.626317
v 0.998137 1.616168 1.628291
v 0.360836 1.848128 1.630712
v -0.317366 1.848127 1.633289
v -0.954666 1.616168 1.635710
v -1.474197 1.180226 1.637684
v -1.813297 0.592884 1.638973
v -1.931065 -0.075018 1.639421
v -1.813297 -0.742920 1.638973
v -1.474197 -1.330263 1.637684
v -0.954666 -1.766206 1.635710
v -0.317368 -1.998165 1.633289
v 0.294046 -1.619594 1.619374
v 0.805883 -1.433298 1.617429
v 1.223139 -1.083178 1.615844
v 1.495480 -0.611461 1.614809
v 1.590067 -0.075045 1.614450
v 1.495481 0.461372 1.614809
v 1.223137 0.933088 1.615844
v 0.805883 1.283209 1.617429
v 0.294044 1.469504 1.619374
v -0.250643 1.469504 1.621443
v -0.762482 1.283209 1.623389
v -1.179735 0.933088 1.624973
v -1.452078 0.461372 1.626008
v -1.546663 -0.075044 1.626368
v -1.452082 -0.611461 1.626008
v -1.179737 -1.083177 1.624973
v -0.762482 -1.433298 1.623389
v -0.250643 -1.619593 1.621443
v 0.270258 -1.485855 1.565141
v 0.737776 -1.315691 1.563364
v 1.118902 -0.995886 1.561916
v 1.367664 -0.565015 1.560971
v 1.454058 -0.075045 1.560642
v 1.367662 0.414925 1.560971
v 1.118902 0.845797 1.561916
v 0.737774 1.165602 1.563364
v 0.270254 1.335766 1.565141
v -0.227270 1.335766 1.567030
v -0.694790 1.165602 1.568808
v -1.075916 0.845797 1.570254
v -1.324678 0.414925 1.571200
v -1.411072 -0.075044 1.571528
v -1.324677 -0.565014 1.571200
v -1.075914 -0.995886 1.570254
v -0.694790 -1.315691 1.568807
v -0.227270 -1.485856 1.567030
v 0.236385 -1.309207 0.847874
v 0.645365 -1.160348 0.846322
v 0.978769 -0.880587 0.845054
v 1.196384 -0.503665 0.844227
v 1.271961 -0.075044 0.843940
v 1.196383 0.353576 0.844227
v 0.978769 0.730498 0.845054
v 0.645363 1.010260 0.846321
v 0.236383 1.159117 0.847875
v -0.198847 1.159117 0.849529
v -0.607826 1.010260 0.851082
v -0.941233 0.730498 0.852349
v -1.158846 0.353575 0.853177
v -1.234423 -0.075045 0.853463
v -1.158846 -0.503664 0.853177
v -0.941233 -0.880586 0.852349
v -0.607828 -1.160348 0.851083
v -0.198845 -1.309207 0.849529
v 0.236109 -1.309207 0.775208
v 0.645088 -1.160348 0.773654
v 0.978493 -0.880587 0.772388
v 1.196108 -0.503664 0.771561
v 1.271685 -0.075044 0.771274
v 1.196106 0.353576 0.771561
v 0.978493 0.730497 0.772388
v 0.645086 1.010260 0.773654
v 0.236107 1.159117 0.775208
v -0.199123 1.159117 0.776862
v -0.608103 1.010260 0.778416
v -0.941509 0.730498 0.779682
v -1.159122 0.353575 0.780509
v -1.234699 -0.075045 0.780796
v -1.159122 -0.503664 0.780509
v -0.941509 -0.880586 0.779682
v -0.608105 -1.160348 0.778416
v -0.199121 -1.309207 0.776862
v 0.093863 -0.504283 0.692632
v 0.236107 -0.452510 0.692092
v 0.352062 -0.355210 0.691651
v 0.427748 -0.224118 0.691363
v 0.454031 -0.075045 0.691264
v 0.427746 0.074028 0.691364
v 0.352060 0.205121 0.691651
v 0.236103 0.302421 0.692092
v 0.093863 0.354193 0.692632
v -0.057510 0.354193 0.693207
v -0.199755 0.302421 0.693748
v -0.315710 0.205121 0.694188
v -0.391397 0.074028 0.694476
v -0.417683 -0.075045 0.694576
v -0.391394 -0.224118 0.694476
v -0.315710 -0.355211 0.694188
v -0.199753 -0.452511 0.693748
v -0.057510 -0.504283 0.693207
v 0.073637 -0.390110 0.667986
v 0.178045 -0.352108 0.667590
v 0.263159 -0.280688 0.667266
v 0.318710 -0.184467 0.667055
v 0.338007 -0.075045 0.666982
v 0.318710 0.034377 0.667055
v 0.263157 0.130600 0.667266
v 0.178045 0.202019 0.667590
v 0.073637 0.240020 0.667986
v -0.037472 0.240020 0.668408
v -0.141880 0.202019 0.668805
v -0.226994 0.130600 0.669129
v -0.282547 0.034376 0.669340
v -0.301842 -0.075045 0.669413
v -0.282547 -0.184466 0.669340
v -0.226994 -0.280689 0.669129
v -0.141880 -0.352108 0.668805
v -0.037472 -0.390110 0.668409
v 0.058161 -0.303671 0.606013
v 0.133923 -0.276095 0.605725
v 0.195686 -0.224269 0.605491
v 0.235998 -0.154446 0.605337
v 0.249998 -0.075045 0.605284
v 0.235998 0.004357 0.605337
v 0.195686 0.074180 0.605490
v 0.133923 0.126006 0.605725
v 0.058161 0.153581 0.606013
v -0.022465 0.153581 0.606319
v -0.098228 0.126005 0.606607
v -0.159990 0.074181 0.606842
v -0.200304 0.004356 0.606995
v -0.214302 -0.075045 0.607048
v -0.200304 -0.154446 0.606995
v -0.159990 -0.224270 0.606842
v -0.098228 -0.276095 0.606607
v -0.022465 -0.303671 0.606319
v 0.050081 -0.255579 0.712328
v 0.109911 -0.233804 0.712101
v 0.158682 -0.192880 0.711916
v 0.190514 -0.137744 0.711795
v 0.201569 -0.075045 0.711753
v 0.190514 -0.012346 0.711795
v 0.158678 0.042791 0.711916
v 0.109907 0.083714 0.712101
v 0.050081 0.105489 0.712328
v -0.013584 0.105489 0.712571
v -0.073410 0.083714 0.712798
v -0.122181 0.042791 0.712983
v -0.154013 -0.012346 0.713104
v -0.165068 -0.075045 0.713146
v -0.154013 -0.137744 0.713104
v -0.122179 -0.192880 0.712983
v -0.073410 -0.233804 0.712798
v -0.013584 -0.255579 0.712571
v 0.040529 -0.199517 0.799599
v 0.081779 -0.184504 0.799443
v 0.115404 -0.156288 0.799315
v 0.137352 -0.118274 0.799232
v 0.144974 -0.075045 0.799203
v 0.137352 -0.031816 0.799232
v 0.115404 0.006199 0.799315
v 0.081776 0.034415 0.799443
v 0.040529 0.049428 0.799599
v -0.003368 0.049428 0.799766
v -0.044615 0.034415 0.799923
v -0.078239 0.006199 0.800051
v -0.100187 -0.031816 0.800134
v -0.107809 -0.075045 0.800163
v -0.100187 -0.118274 0.800134
v -0.078239 -0.156289 0.800051
v -0.044615 -0.184504 0.799923
v -0.003365 -0.199517 0.799766
v 0.025059 -0.109566 0.901809
v 0.036497 -0.105402 0.901765
v 0.045824 -0.097577 0.901730
v 0.051912 -0.087034 0.901707
v 0.054026 -0.075045 0.901699
v 0.051912 -0.063056 0.901707
v 0.045824 -0.052512 0.901730
v 0.036497 -0.044687 0.901765
v 0.025059 -0.040524 0.901809
v 0.012884 -0.040523 0.901855
v 0.001444 -0.044687 0.901899
v -0.007883 -0.052512 0.901934
v -0.013969 -0.063056 0.901958
v -0.016083 -0.075045 0.901966
v -0.013969 -0.087034 0.901958
v -0.007883 -0.097577 0.901934
v 0.001444 -0.105402 0.901899
v 0.012884 -0.109566 0.901855
v -0.011175 -0.022967 0.881467
v 0.008450 -0.015824 0.881392
v 0.029335 -0.015824 0.881313
v 0.048958 -0.022967 0.881238
v 0.064957 -0.036391 0.881178
v 0.075399 -0.054477 0.881138
v 0.079027 -0.075045 0.881124
v 0.075399 -0.095612 0.881138
v 0.064957 -0.113698 0.881178
v 0.048962 -0.127123 0.881238
v 0.029335 -0.134266 0.881313
v 0.008450 -0.134266 0.881392
v -0.011175 -0.127123 0.881467
v -0.027172 -0.113699 0.881528
v -0.037615 -0.095612 0.881568
v -0.041241 -0.075045 0.881581
v -0.037615 -0.054477 0.881568
v -0.027174 -0.036391 0.881528
v -0.024923 0.000678 0.855623
v 0.003611 0.011064 0.855514
v 0.033978 0.011065 0.855399
v 0.062511 0.000678 0.855290
v 0.085773 -0.018841 0.855202
v 0.100956 -0.045139 0.855144
v 0.106230 -0.075045 0.855124
v 0.100956 -0.104950 0.855144
v 0.085773 -0.131248 0.855202
v 0.062511 -0.150768 0.855290
v 0.033978 -0.161154 0.855399
v 0.003611 -0.161154 0.855514
v -0.024923 -0.150768 0.855623
v -0.048185 -0.131249 0.855711
v -0.063372 -0.104950 0.855769
v -0.068645 -0.075045 0.855789
v -0.063372 -0.045139 0.855769
v -0.048185 -0.018841 0.855711
v 0.021179 -0.087118 0.923049
v 0.025181 -0.085662 0.923034
v 0.028442 -0.082925 0.923022
v 0.030571 -0.079238 0.923014
v 0.031309 -0.075045 0.923011
v 0.030571 -0.070852 0.923014
v 0.028442 -0.067165 0.923022
v 0.025181 -0.064428 0.923034
v 0.021179 -0.062972 0.923049
v 0.016924 -0.062972 0.923066
v 0.012922 -0.064428 0.923081
v 0.009661 -0.067164 0.923093
v 0.007532 -0.070852 0.923101
v 0.006792 -0.075045 0.923104
v 0.007532 -0.079238 0.923101
v 0.009661 -0.082925 0.923093
v 0.012922 -0.085662 0.923081
v 0.016924 -0.087118 0.923066
v -0.933687 0.684461 0.759494
v -1.133772 0.344344 0.777583
v -1.198818 -0.044585 0.760473
v -0.503344 -0.007580 0.687078
v -0.427692 0.087246 0.698666
v -0.422224 0.206180 0.686428
v -0.218647 1.125779 0.757317
v -0.596077 0.989411 0.775846
v -0.907154 0.730661 0.760209
v -0.339071 0.312315 0.686561
v -0.214588 0.328140 0.696918
v -0.137764 0.418934 0.684882
v 0.606047 0.996287 0.753996
v 0.232620 1.139391 0.773120
v -0.169321 1.134286 0.757112
v -0.005959 0.449435 0.685101
v 0.099440 0.385748 0.695971
v 0.227064 0.420124 0.685485
v 1.158066 0.367596 0.751961
v 0.958342 0.713595 0.769707
v 0.652718 0.967734 0.753698
v 0.345863 0.359963 0.685770
v 0.377689 0.226615 0.695060
v 0.490973 0.168313 0.683903
v 1.170750 -0.459408 0.751215
v 1.253466 -0.075044 0.769433
v 1.175930 0.318364 0.751888
v 0.527140 0.038296 0.682712
v 0.489567 -0.075045 0.694853
v 0.528421 -0.188721 0.682844
v 0.651762 -1.123154 0.754061
v 0.956957 -0.862525 0.769568
v 1.143461 -0.523066 0.750982
v 0.483130 -0.316389 0.683130
v 0.377882 -0.376864 0.695086
v 0.340658 -0.500074 0.684658
v 0.232203 -1.287111 0.772870
v 0.600195 -1.144273 0.753605
v 0.220749 -0.560855 0.684380
v 0.098799 -0.532219 0.695588
v -0.006582 -0.603265 0.685493
v -0.160933 -1.277397 0.756355
v -0.895206 -0.880805 0.759369
v -0.599222 -1.144948 0.776517
v -0.223324 -1.267866 0.756718
v -0.138830 -0.576623 0.685664
v -0.212864 -0.475240 0.696549
v -0.342300 -0.465169 0.687009
v -1.204731 -0.100497 0.761011
v -1.138376 -0.496110 0.778114
v -0.929590 -0.835490 0.759159
v -0.431387 -0.365071 0.687735
v -0.422932 -0.235601 0.698116
v -0.507113 -0.142118 0.687466
v 0.232262 -1.293229 0.502533
v 0.585350 -1.140163 0.498873
v 0.257544 -0.636099 0.439638
v 0.111708 -0.610950 0.432685
v -0.017136 -0.686820 0.440926
v -0.150393 -1.268921 0.501540
v 0.654324 -1.108364 0.499212
v 0.961107 -0.866941 0.499276
v 1.129736 -0.528652 0.496284
v 0.559488 -0.350149 0.438260
v 0.437834 -0.427887 0.431956
v 0.385727 -0.570463 0.439871
v 1.163452 -0.446634 0.496471
v 1.258436 -0.075009 0.499058
v 1.168205 0.304922 0.497086
v 0.607065 0.062713 0.437836
v 0.568018 -0.075026 0.431651
v 0.608427 -0.212762 0.437968
v 1.143162 0.373488 0.497171
v 0.962626 0.718036 0.499428
v 0.655167 0.953314 0.498873
v 0.391211 0.430565 0.441020
v 0.437897 0.277825 0.431963
v 0.567896 0.201613 0.439060
v 0.590719 0.991954 0.499225
v 0.232676 1.145612 0.502795
v -0.158104 1.125046 0.502211
v -0.017046 0.533614 0.440604
v 0.112204 0.464483 0.433069
v 0.264231 0.495548 0.440775
v -0.227882 1.112776 0.502477
v -0.600307 0.994941 0.505543
v -0.892492 0.731369 0.505266
v -0.401768 0.369963 0.442226
v -0.255426 0.397333 0.434206
v -0.157904 0.501462 0.440413
v -0.932980 0.669976 0.504692
v -1.141113 0.346646 0.507329
v -1.189251 -0.034588 0.505644
v -0.588373 -0.002639 0.442806
v -0.502943 0.114314 0.436004
v -0.490812 0.256528 0.442104
v -1.194576 -0.110863 0.506123
v -1.145468 -0.498274 0.507830
v -0.929029 -0.820800 0.504362
v -0.500017 -0.415745 0.443434
v -0.498850 -0.262811 0.435526
v -0.592495 -0.146761 0.443229
v -0.881657 -0.881711 0.504525
v -0.603186 -1.150032 0.506160
v -0.232277 -1.255782 0.501961
v -0.159267 -0.658671 0.441158
v -0.253948 -0.544772 0.433883
v -0.404453 -0.522958 0.442644
v -1.464685 0.465946 1.614923
v -1.190022 0.941683 1.613880
v -0.769211 1.294788 1.612280
v -0.253008 1.482671 1.610320
v 0.296324 1.482672 1.608232
v 0.812523 1.294789 1.606271
v 1.233335 0.941683 1.604671
v 1.508001 0.465946 1.603629
v 1.603392 -0.075044 1.603266
v 1.507999 -0.616033 1.603629
v 1.233335 -1.091770 1.604671
v 0.812525 -1.444876 1.606271
v 0.296322 -1.632760 1.608232
v -0.253010 -1.632760 1.610320
v -0.769211 -1.444876 1.612280
v -1.190023 -1.091770 1.613880
v -1.464689 -0.616033 1.614923
v -1.560078 -0.075043 1.615285
v -1.482788 0.472553 1.628302
v -1.204769 0.954101 1.627245
v -0.778818 1.311519 1.625628
v -0.256310 1.501696 1.623642
v 0.299728 1.501697 1.621529
v 0.822233 1.311520 1.619544
v 1.248184 0.954101 1.617926
v 1.526207 0.472554 1.616869
v 1.622761 -0.075043 1.616502
v 1.526205 -0.622639 1.616869
v 1.248186 -1.104187 1.617926
v 0.822235 -1.461605 1.619545
v 0.299728 -1.651783 1.621529
v -0.256313 -1.651783 1.623642
v -0.778818 -1.461605 1.625628
v -1.204769 -1.104187 1.627245
v -1.482790 -0.622639 1.628302
v -1.579346 -0.075043 1.628669
v 0.369108 -2.119786 -1.836106
v 1.046711 -1.873157 -1.838680
v 1.599100 -1.409646 -1.840779
v 1.959642 -0.785159 -1.842149
v 2.084860 -0.075019 -1.842624
v 1.959642 0.635122 -1.842149
v 1.599096 1.259608 -1.840779
v 1.046711 1.723119 -1.838680
v 0.369108 1.969748 -1.836106
v -0.351982 1.969748 -1.833366
v -1.029583 1.723119 -1.830791
v -1.581972 1.259608 -1.828692
v -1.942516 0.635122 -1.827322
v -2.067732 -0.075018 -1.826847
v -1.942516 -0.785158 -1.827322
v -1.581972 -1.409645 -1.828692
v -1.029585 -1.873156 -1.830791
v -0.351982 -2.119786 -1.833366
v 0.284004 -1.636600 -1.810720
v 0.801487 -1.448250 -1.812686
v 1.223345 -1.094268 -1.814289
v 1.498690 -0.617350 -1.815336
v 1.594318 -0.075019 -1.815699
v 1.498692 0.467313 -1.815336
v 1.223343 0.944231 -1.814289
v 0.801485 1.298212 -1.812686
v 0.284006 1.486561 -1.810720
v -0.266689 1.486561 -1.808628
v -0.784174 1.298212 -1.806662
v -1.206028 0.944231 -1.805059
v -1.481375 0.467313 -1.804013
v -1.577002 -0.075018 -1.803650
v -1.481375 -0.617350 -1.804013
v -1.206028 -1.094267 -1.805059
v -0.784172 -1.448249 -1.806662
v -0.266691 -1.636599 -1.808628
v 0.256979 -1.483852 -1.835680
v 0.723843 -1.313926 -1.837453
v 1.104433 -0.994570 -1.838899
v 1.352848 -0.564301 -1.839843
v 1.439119 -0.075019 -1.840171
v 1.352844 0.414264 -1.839844
v 1.104435 0.844532 -1.838899
v 0.723841 1.163889 -1.837453
v 0.256977 1.333815 -1.835680
v -0.239851 1.333815 -1.833792
v -0.706717 1.163889 -1.832018
v -1.087307 0.844532 -1.830572
v -1.335722 0.414264 -1.829628
v -1.421993 -0.075018 -1.829300
v -1.335718 -0.564301 -1.829628
v -1.087309 -0.994569 -1.830572
v -0.706715 -1.313926 -1.832018
v -0.239849 -1.483852 -1.833792
v 1.543928 0.483792 -1.825232
v 1.260218 0.975202 -1.824154
v 0.825541 1.339940 -1.822503
v 0.292336 1.534012 -1.820477
v -0.275093 1.534012 -1.818321
v -0.808300 1.339940 -1.816295
v -1.242973 0.975202 -1.814643
v -1.526688 0.483792 -1.813566
v -1.625221 -0.075019 -1.813191
v -1.526688 -0.633829 -1.813566
v -1.242975 -1.125239 -1.814643
v -0.808300 -1.489977 -1.816295
v -0.275095 -1.684050 -1.818321
v 0.292334 -1.684050 -1.820477
v 0.825542 -1.489977 -1.822503
v 1.260216 -1.125239 -1.824154
v 1.543930 -0.633829 -1.825232
v 1.642464 -0.075019 -1.825607
v 1.481789 0.461195 -1.840333
v 1.209547 0.932733 -1.839299
v 0.792448 1.282722 -1.837714
v 0.280804 1.468946 -1.835770
v -0.263676 1.468946 -1.833701
v -0.775324 1.282721 -1.831757
v -1.192419 0.932733 -1.830173
v -1.464661 0.461195 -1.829138
v -1.559210 -0.075018 -1.828779
v -1.464661 -0.611232 -1.829138
v -1.192421 -1.082770 -1.830173
v -0.775322 -1.432759 -1.831757
v -0.263676 -1.618984 -1.833701
v 0.280806 -1.618984 -1.835770
v 0.792452 -1.432759 -1.837714
v 1.209547 -1.082771 -1.839299
v 1.481787 -0.611232 -1.840333
v 1.576336 -0.075019 -1.840692
v 0.250162 -1.444263 -1.791806
v 0.703909 -1.279112 -1.793529
v 1.073805 -0.968729 -1.794935
v 1.315239 -0.550552 -1.795852
v 1.399086 -0.075019 -1.796170
v 1.315237 0.400515 -1.795852
v 1.073805 0.818692 -1.794935
v 0.703907 1.129074 -1.793529
v 0.250160 1.294225 -1.791805
v -0.232704 1.294225 -1.789971
v -0.686449 1.129074 -1.788247
v -1.056347 0.818692 -1.786841
v -1.297779 0.400515 -1.785924
v -1.381628 -0.075019 -1.785605
v -1.297777 -0.550552 -1.785924
v -1.056347 -0.968729 -1.786842
v -0.686449 -1.279112 -1.788247
v -0.232702 -1.444263 -1.789971
vn 0.1426 -0.8208 -0.5532
vn 0.4871 -0.8451 -0.2202
vn 0.1686 -0.9610 -0.2190
vn 0.4146 -0.7218 -0.5542
vn 0.7467 -0.6273 -0.2212
vn 0.6363 -0.5357 -0.5551
vn 0.9162 -0.3338 -0.2219
vn 0.7811 -0.2850 -0.5556
vn 0.9750 -0.0000 -0.2221
vn 0.8313 -0.0000 -0.5558
vn 0.9162 0.3338 -0.2219
vn 0.7811 0.2850 -0.5556
vn 0.7467 0.6273 -0.2212
vn 0.6363 0.5357 -0.5551
vn 0.4871 0.8451 -0.2202
vn 0.4146 0.7218 -0.5542
vn 0.1686 0.9610 -0.2190
vn 0.1426 0.8208 -0.5532
vn -0.1703 0.9610 -0.2177
vn -0.1468 0.8208 -0.5521
vn -0.4888 0.8451 -0.2165
vn -0.4188 0.7218 -0.5511
vn -0.7484 0.6273 -0.2156
vn -0.6405 0.5357 -0.5502
vn -0.9178 0.3338 -0.2149
vn -0.7853 0.2850 -0.5497
vn -0.9767 -0.0000 -0.2147
vn -0.8355 -0.0000 -0.5495
vn -0.9178 -0.3338 -0.2149
vn -0.7853 -0.2850 -0.5497
vn -0.7484 -0.6273 -0.2156
vn -0.6405 -0.5357 -0.5502
vn -0.4888 -0.8451 -0.2165
vn -0.4188 -0.7218 -0.5511
vn -0.1703 -0.9610 -0.2177
vn -0.1468 -0.8208 -0.5521
vn 0.4991 -0.8648 -0.0545
vn 0.1732 -0.9834 -0.0533
vn 0.7648 -0.6419 -0.0555
vn 0.9382 -0.3415 -0.0562
vn 0.9984 -0.0000 -0.0564
vn 0.9382 0.3415 -0.0562
vn 0.7648 0.6419 -0.0555
vn 0.4991 0.8648 -0.0545
vn 0.1732 0.9834 -0.0533
vn -0.1736 0.9834 -0.0520
vn -0.4995 0.8648 -0.0507
vn -0.7652 0.6419 -0.0497
vn -0.9386 0.3415 -0.0491
vn -0.9988 -0.0000 -0.0488
vn -0.9386 -0.3415 -0.0491
vn -0.7652 -0.6419 -0.0497
vn -0.4995 -0.8648 -0.0507
vn -0.1736 -0.9834 -0.0520
vn 0.4995 -0.8648 0.0507
vn 0.1736 -0.9834 0.0520
vn 0.7652 -0.6419 0.0497
vn 0.9386 -0.3415 0.0491
vn 0.9988 -0.0000 0.0488
vn 0.9386 0.3415 0.0491
vn 0.7652 0.6419 0.0497
vn 0.4995 0.8648 0.0507
vn 0.1736 0.9834 0.0520
vn -0.1732 0.9834 0.0533
vn -0.4991 0.8648 0.0545
vn -0.7648 0.6419 0.0555
vn -0.9382 0.3415 0.0562
vn -0.9984 -0.0000 0.0564
vn -0.9382 -0.3415 0.0562
vn -0.7648 -0.6419 0.0555
vn -0.4991 -0.8648 0.0545
vn -0.1732 -0.9834 0.0533
vn 0.4874 -0.8427 0.2287
vn 0.1698 -0.9583 0.2299
vn 0.7463 -0.6255 0.2277
vn 0.9152 -0.3328 0.2271
vn 0.9739 -0.0000 0.2269
vn 0.9152 0.3328 0.2271
vn 0.7463 0.6255 0.2277
vn 0.4874 0.8427 0.2287
vn 0.1698 0.9583 0.2299
vn -0.1681 0.9583 0.2312
vn -0.4856 0.8427 0.2324
vn -0.7445 0.6255 0.2334
vn -0.9135 0.3328 0.2340
vn -0.9722 -0.0000 0.2343
vn -0.9135 -0.3328 0.2340
vn -0.7445 -0.6255 0.2334
vn -0.4856 -0.8427 0.2324
vn -0.1681 -0.9583 0.2312
vn 0.3838 -0.6605 0.6454
vn 0.1349 -0.7511 0.6463
vn 0.5867 -0.4902 0.6446
vn 0.7191 -0.2608 0.6441
vn 0.7651 -0.0000 0.6439
vn 0.7191 0.2608 0.6441
vn 0.5867 0.4902 0.6446
vn 0.3838 0.6605 0.6454
vn 0.1349 0.7511 0.6463
vn -0.1300 0.7511 0.6473
vn -0.3789 0.6605 0.6483
vn -0.5818 0.4902 0.6490
vn -0.7142 0.2608 0.6495
vn -0.7602 -0.0000 0.6497
vn -0.7142 -0.2608 0.6495
vn -0.5818 -0.4902 0.6490
vn -0.3789 -0.6605 0.6483
vn -0.1300 -0.7511 0.6473
vn 0.1290 -0.2171 0.9676
vn 0.0472 -0.2469 0.9679
vn 0.1957 -0.1611 0.9673
vn 0.2392 -0.0857 0.9672
vn 0.2544 -0.0000 0.9671
vn 0.2392 0.0857 0.9672
vn 0.1957 0.1611 0.9673
vn 0.1290 0.2171 0.9676
vn 0.0472 0.2469 0.9679
vn -0.0399 0.2469 0.9682
vn -0.1217 0.2171 0.9685
vn -0.1884 0.1611 0.9688
vn -0.2319 0.0857 0.9690
vn -0.2470 -0.0000 0.9690
vn -0.2319 -0.0857 0.9690
vn -0.1884 -0.1611 0.9688
vn -0.1217 -0.2171 0.9685
vn -0.0399 -0.2469 0.9682
vn -0.0451 0.2765 0.9599
vn -0.1367 0.2432 0.9603
vn -0.2114 0.1805 0.9606
vn -0.2602 0.0960 0.9608
vn -0.2771 -0.0000 0.9608
vn -0.2602 -0.0960 0.9608
vn -0.2114 -0.1805 0.9606
vn -0.1367 -0.2431 0.9603
vn -0.0451 -0.2765 0.9600
vn 0.0524 -0.2765 0.9596
vn 0.1440 -0.2432 0.9592
vn 0.2187 -0.1805 0.9590
vn 0.2675 -0.0960 0.9588
vn 0.2844 -0.0000 0.9587
vn 0.2675 0.0960 0.9588
vn 0.2187 0.1805 0.9589
vn 0.1440 0.2432 0.9592
vn 0.0524 0.2765 0.9596
vn -0.0610 0.3658 0.9287
vn -0.1822 0.3217 0.9292
vn -0.2810 0.2387 0.9295
vn -0.3455 0.1270 0.9298
vn -0.3679 -0.0000 0.9299
vn -0.3455 -0.1270 0.9298
vn -0.2810 -0.2387 0.9295
vn -0.1822 -0.3216 0.9292
vn -0.0610 -0.3658 0.9287
vn 0.0680 -0.3658 0.9282
vn 0.1892 -0.3217 0.9278
vn 0.2880 -0.2387 0.9274
vn 0.3525 -0.1270 0.9271
vn 0.3749 -0.0000 0.9270
vn 0.3525 0.1270 0.9271
vn 0.2880 0.2387 0.9274
vn 0.1892 0.3216 0.9278
vn 0.0680 0.3658 0.9282
vn -0.1675 0.9554 0.2432
vn -0.4957 0.8594 0.1258
vn -0.1718 0.9772 0.1245
vn -0.4841 0.8402 0.2444
vn -0.7597 0.6378 0.1268
vn -0.7422 0.6236 0.2454
vn -0.9320 0.3394 0.1274
vn -0.9107 0.3318 0.2460
vn -0.9918 -0.0000 0.1276
vn -0.9692 -0.0000 0.2463
vn -0.9320 -0.3394 0.1274
vn -0.9107 -0.3318 0.2460
vn -0.7597 -0.6378 0.1268
vn -0.7422 -0.6236 0.2454
vn -0.4957 -0.8594 0.1258
vn -0.4841 -0.8402 0.2444
vn -0.1718 -0.9772 0.1245
vn -0.1675 -0.9554 0.2432
vn 0.1728 -0.9772 0.1232
vn 0.1694 -0.9554 0.2419
vn 0.4966 -0.8594 0.1220
vn 0.4860 -0.8402 0.2407
vn 0.7606 -0.6378 0.1210
vn 0.7441 -0.6236 0.2397
vn 0.9329 -0.3394 0.1203
vn 0.9125 -0.3318 0.2391
vn 0.9928 -0.0000 0.1201
vn 0.9710 -0.0000 0.2389
vn 0.9329 0.3394 0.1203
vn 0.9125 0.3318 0.2391
vn 0.7606 0.6378 0.1210
vn 0.7441 0.6236 0.2397
vn 0.4966 0.8594 0.1220
vn 0.4860 0.8402 0.2407
vn 0.1728 0.9772 0.1232
vn 0.1694 0.9554 0.2419
vn -0.5000 0.8660 0.0019
vn -0.1737 0.9848 0.0007
vn -0.7660 0.6428 0.0029
vn -0.9397 0.3420 0.0036
vn -1.0000 -0.0000 0.0038
vn -0.9397 -0.3420 0.0036
vn -0.7660 -0.6428 0.0029
vn -0.5000 -0.8660 0.0019
vn -0.1736 -0.9848 0.0007
vn 0.1736 -0.9848 -0.0007
vn 0.5000 -0.8660 -0.0019
vn 0.7660 -0.6428 -0.0029
vn 0.9397 -0.3420 -0.0036
vn 1.0000 -0.0000 -0.0038
vn 0.9397 0.3420 -0.0036
vn 0.7660 0.6428 -0.0029
vn 0.5000 0.8660 -0.0019
vn 0.1736 0.9848 -0.0007
vn -0.0138 0.0995 0.9949
vn -0.0310 0.0964 0.9949
vn -0.0138 0.0996 0.9949
vn -0.0622 0.0786 0.9950
vn -0.0738 0.0649 0.9952
vn -0.0631 0.0783 0.9949
vn -0.0735 0.0651 0.9952
vn -0.0848 0.0516 0.9951
vn -0.0972 0.0178 0.9951
vn -0.0973 0.0001 0.9953
vn -0.0977 0.0170 0.9951
vn -0.0972 -0.0001 0.9953
vn -0.0972 -0.0174 0.9951
vn -0.0851 -0.0512 0.9951
vn -0.0740 -0.0646 0.9952
vn -0.0849 -0.0522 0.9950
vn -0.0736 -0.0649 0.9952
vn -0.0623 -0.0783 0.9950
vn -0.0313 -0.0964 0.9949
vn -0.0135 -0.0996 0.9949
vn -0.0306 -0.0970 0.9948
vn -0.0138 -0.0995 0.9949
vn 0.0034 -0.1025 0.9947
vn 0.0388 -0.0964 0.9946
vn 0.0540 -0.0878 0.9947
vn 0.0397 -0.0964 0.9945
vn 0.0543 -0.0875 0.9947
vn 0.0694 -0.0787 0.9945
vn 0.0925 -0.0513 0.9944
vn 0.0987 -0.0348 0.9945
vn 0.0934 -0.0506 0.9943
vn 0.0987 -0.0346 0.9945
vn 0.1046 -0.0182 0.9944
vn 0.1048 0.0178 0.9943
vn 0.0989 0.0343 0.9945
vn 0.1050 0.0187 0.9943
vn 0.0988 0.0344 0.9945
vn 0.0927 0.0509 0.9944
vn 0.0697 0.0786 0.9945
vn 0.0542 0.0876 0.9947
vn 0.0694 0.0793 0.9944
vn 0.0543 0.0875 0.9947
vn 0.0391 0.0962 0.9946
vn 0.0038 0.1026 0.9947
vn 0.0030 0.1029 0.9947
vn -0.0460 0.1222 0.9914
vn -0.1875 0.3308 0.9249
vn -0.0628 0.3762 0.9244
vn -0.0369 0.0790 0.9962
vn -0.2891 0.2455 0.9253
vn -0.1128 0.0626 0.9916
vn -0.3554 0.1306 0.9255
vn -0.0759 0.0367 0.9964
vn -0.3785 -0.0000 0.9256
vn -0.1246 -0.0291 0.9918
vn -0.3554 -0.1306 0.9255
vn -0.0807 -0.0257 0.9964
vn -0.2891 -0.2455 0.9253
vn -0.0778 -0.1040 0.9915
vn -0.1875 -0.3308 0.9249
vn -0.0492 -0.0760 0.9959
vn -0.0628 -0.3762 0.9244
vn 0.0071 -0.1325 0.9912
vn 0.0698 -0.3762 0.9239
vn 0.0102 -0.0865 0.9962
vn 0.1945 -0.3308 0.9234
vn 0.0937 -0.0957 0.9910
vn 0.2961 -0.2455 0.9231
vn 0.0660 -0.0618 0.9959
vn 0.3625 -0.1306 0.9228
vn 0.1343 -0.0165 0.9908
vn 0.3855 -0.0000 0.9227
vn 0.0925 -0.0069 0.9957
vn 0.3625 0.1307 0.9228
vn 0.1156 0.0702 0.9908
vn 0.2961 0.2455 0.9231
vn 0.0777 0.0522 0.9956
vn 0.1945 0.3308 0.9234
vn 0.0447 0.1256 0.9911
vn 0.0698 0.3762 0.9239
vn 0.0238 0.0859 0.9960
vn -0.2855 0.4998 0.8177
vn -0.0971 0.5684 0.8170
vn -0.4390 0.3710 0.8183
vn -0.5392 0.1974 0.8187
vn -0.5740 -0.0000 0.8188
vn -0.5392 -0.1974 0.8187
vn -0.4390 -0.3710 0.8183
vn -0.2855 -0.4998 0.8177
vn -0.0971 -0.5684 0.8170
vn 0.1033 -0.5684 0.8162
vn 0.2917 -0.4998 0.8155
vn 0.4452 -0.3710 0.8150
vn 0.5454 -0.1974 0.8146
vn 0.5802 -0.0000 0.8144
vn 0.5454 0.1974 0.8146
vn 0.4452 0.3710 0.8150
vn 0.2917 0.4998 0.8155
vn 0.1033 0.5684 0.8163
vn 0.1594 -0.8949 0.4169
vn 0.4405 -0.7598 0.4782
vn 0.1542 -0.8640 0.4793
vn 0.4559 -0.7869 0.4158
vn 0.6739 -0.5639 0.4773
vn 0.6977 -0.5841 0.4148
vn 0.8262 -0.3001 0.4768
vn 0.8555 -0.3108 0.4143
vn 0.8791 -0.0000 0.4766
vn 0.9103 -0.0000 0.4140
vn 0.8262 0.3001 0.4768
vn 0.8555 0.3108 0.4143
vn 0.6739 0.5639 0.4773
vn 0.6977 0.5841 0.4149
vn 0.4405 0.7598 0.4782
vn 0.4559 0.7869 0.4158
vn 0.1542 0.8640 0.4793
vn 0.1594 0.8949 0.4169
vn -0.1505 0.8640 0.4805
vn -0.1562 0.8949 0.4181
vn -0.4368 0.7598 0.4816
vn -0.4527 0.7869 0.4192
vn -0.6702 0.5639 0.4824
vn -0.6945 0.5841 0.4201
vn -0.8226 0.3001 0.4830
vn -0.8523 0.3108 0.4207
vn -0.8755 -0.0000 0.4832
vn -0.9071 -0.0000 0.4209
vn -0.8226 -0.3001 0.4830
vn -0.8523 -0.3108 0.4207
vn -0.6702 -0.5639 0.4824
vn -0.6945 -0.5841 0.4202
vn -0.4368 -0.7598 0.4816
vn -0.4527 -0.7869 0.4192
vn -0.1505 -0.8640 0.4805
vn -0.1562 -0.8949 0.4181
vn 0.4168 -0.7182 0.5573
vn 0.1461 -0.8167 0.5583
vn 0.6374 -0.5331 0.5564
vn 0.7814 -0.2836 0.5559
vn 0.8314 -0.0000 0.5557
vn 0.7814 0.2836 0.5559
vn 0.6374 0.5331 0.5564
vn 0.4168 0.7182 0.5572
vn 0.1461 0.8167 0.5582
vn -0.1419 0.8167 0.5594
vn -0.4125 0.7182 0.5604
vn -0.6331 0.5331 0.5612
vn -0.7772 0.2836 0.5618
vn -0.8272 -0.0000 0.5620
vn -0.7771 -0.2836 0.5618
vn -0.6331 -0.5331 0.5612
vn -0.4125 -0.7182 0.5604
vn -0.1419 -0.8167 0.5594
vn 0.1349 -0.7510 0.6464
vn 0.3837 -0.6604 0.6455
vn 0.5866 -0.4902 0.6447
vn 0.7190 -0.2608 0.6442
vn 0.7650 -0.0001 0.6440
vn 0.7190 0.2608 0.6442
vn 0.5866 0.4901 0.6447
vn 0.3837 0.6604 0.6455
vn 0.1349 0.7510 0.6464
vn -0.1300 0.7509 0.6474
vn -0.3788 0.6604 0.6484
vn -0.5817 0.4902 0.6491
vn -0.7141 0.2608 0.6496
vn -0.7601 -0.0000 0.6498
vn -0.7141 -0.2608 0.6496
vn -0.5817 -0.4902 0.6491
vn -0.3788 -0.6604 0.6483
vn -0.1300 -0.7510 0.6474
vn 0.3344 -0.5743 0.7473
vn 0.3305 -0.5674 0.7542
vn 0.1180 -0.6530 0.7481
vn 0.5108 -0.4263 0.7466
vn 0.5049 -0.4210 0.7535
vn 0.6259 -0.2268 0.7462
vn 0.6186 -0.2240 0.7531
vn 0.6659 -0.0000 0.7460
vn 0.6581 0.0001 0.7529
vn 0.6259 0.2268 0.7462
vn 0.6186 0.2242 0.7530
vn 0.5108 0.4262 0.7466
vn 0.5048 0.4213 0.7535
vn 0.3344 0.5743 0.7473
vn 0.3305 0.5675 0.7541
vn 0.1180 0.6530 0.7481
vn 0.1167 0.6453 0.7550
vn -0.1123 0.6530 0.7490
vn -0.1109 0.6453 0.7558
vn -0.3287 0.5743 0.7498
vn -0.3247 0.5675 0.7566
vn -0.5051 0.4263 0.7504
vn -0.4991 0.4212 0.7573
vn -0.6202 0.2268 0.7509
vn -0.6129 0.2241 0.7577
vn -0.6602 -0.0000 0.7511
vn -0.6524 -0.0000 0.7579
vn -0.6202 -0.2267 0.7509
vn -0.6129 -0.2241 0.7577
vn -0.5051 -0.4261 0.7505
vn -0.4991 -0.4212 0.7573
vn -0.3287 -0.5742 0.7498
vn -0.3248 -0.5675 0.7566
vn -0.1123 -0.6530 0.7490
vn -0.1109 -0.6453 0.7558
vn 0.1167 -0.6453 0.7549
vn 0.2036 -0.3468 0.9156
vn 0.0730 -0.3943 0.9161
vn 0.3101 -0.2575 0.9152
vn 0.3796 -0.1371 0.9149
vn 0.4038 -0.0000 0.9149
vn 0.3796 0.1369 0.9149
vn 0.3102 0.2572 0.9152
vn 0.2036 0.3467 0.9156
vn 0.0730 0.3943 0.9161
vn -0.0660 0.3943 0.9166
vn -0.1967 0.3466 0.9171
vn -0.3032 0.2572 0.9176
vn -0.3727 0.1369 0.9178
vn -0.3968 -0.0000 0.9179
vn -0.3727 -0.1369 0.9178
vn -0.3032 -0.2573 0.9175
vn -0.1966 -0.3468 0.9171
vn -0.0660 -0.3943 0.9166
vn 0.3230 -0.2184 0.9209
vn 0.1051 -0.0615 0.9926
vn 0.1490 -0.3720 0.9162
vn 0.1095 -0.0575 0.9923
vn 0.3204 0.2269 0.9197
vn 0.3732 -0.0128 0.9277
vn 0.0176 0.1361 0.9905
vn 0.0852 0.0351 0.9957
vn -0.0580 -0.1153 0.9916
vn 0.0770 -0.3867 0.9190
vn 0.0423 -0.1119 0.9928
vn -0.1579 -0.4232 0.8921
vn 0.0478 -0.1117 0.9926
vn 0.4875 -0.0082 0.8731
vn 0.1132 0.0979 0.9887
vn 0.0924 -0.0250 0.9954
vn -0.1209 -0.0425 0.9918
vn -0.1830 -0.3230 0.9285
vn -0.0389 -0.1103 0.9931
vn -0.3735 -0.2109 0.9034
vn -0.0344 -0.1140 0.9929
vn 0.3350 -0.2999 0.8932
vn 0.1461 0.0081 0.9892
vn 0.0522 -0.0758 0.9958
vn -0.1361 0.0353 0.9901
vn -0.3535 -0.1366 0.9254
vn -0.1000 -0.0571 0.9933
vn -0.4291 0.0771 0.9000
vn -0.0989 -0.0628 0.9931
vn 0.0514 -0.4114 0.9100
vn 0.1180 -0.1118 0.9867
vn -0.0102 -0.0916 0.9957
vn -0.0751 0.1151 0.9905
vn -0.2983 0.1149 0.9475
vn -0.1124 0.0230 0.9934
vn -0.2425 0.2833 0.9279
vn -0.1151 0.0178 0.9932
vn -0.2306 -0.3662 0.9015
vn 0.0421 -0.1304 0.9906
vn -0.0603 -0.0619 0.9963
vn 0.0226 0.1320 0.9910
vn -0.1691 0.3309 0.9284
vn -0.0688 0.0917 0.9934
vn 0.0070 0.4598 0.8880
vn -0.0748 0.0895 0.9932
vn -0.3325 -0.0794 0.9398
vn -0.0567 -0.1247 0.9906
vn -0.0854 -0.0045 0.9963
vn 0.1032 0.0989 0.9897
vn 0.0007 0.1204 0.9927
vn -0.3494 0.1608 0.9231
vn 0.0065 0.1185 0.9929
vn -0.1321 -0.0540 0.9898
vn -0.0701 0.0546 0.9960
vn 0.1449 0.0087 0.9894
vn 0.2422 0.2983 0.9233
vn 0.0547 0.3366 0.9401
vn 0.2745 0.2270 0.9344
vn 0.0821 0.0888 0.9927
vn 0.3972 0.0694 0.9151
vn 0.0788 0.0942 0.9924
vn -0.1631 0.3496 0.9226
vn -0.1360 0.0462 0.9896
vn -0.0178 0.0897 0.9958
vn 0.1199 -0.0845 0.9892
vn 0.1207 0.0180 0.9925
vn 0.3866 -0.2297 0.8932
vn 0.1216 0.0240 0.9923
vn 0.0485 0.3989 0.9157
vn -0.0689 0.1322 0.9888
vn 0.0463 0.0808 0.9956
vn 0.0364 -0.1338 0.9903
vn -0.1832 0.9830 -0.0113
vn -0.3746 0.9271 0.0144
vn -0.1838 0.9829 -0.0113
vn -0.8398 -0.5414 0.0402
vn -0.1902 -0.9438 0.2703
vn 0.1706 -0.9427 0.2868
vn -0.1761 -0.9480 0.2650
vn 0.1713 -0.9428 0.2859
vn 0.5074 -0.8194 0.2665
vn 0.9750 -0.2198 0.0330
vn 0.0486 0.9987 0.0130
vn 0.0633 0.9974 0.0358
vn -0.6302 0.7763 0.0155
vn -0.7834 0.6214 -0.0108
vn -0.6180 0.7852 0.0394
vn -0.7827 0.6223 -0.0110
vn -0.8832 0.4688 0.0143
vn -0.3020 -0.9526 0.0372
vn 0.5041 -0.8194 0.2728
vn 0.7482 -0.5990 0.2854
vn 0.5083 -0.8174 0.2712
vn 0.7511 -0.5966 0.2827
vn 0.9122 -0.3124 0.2650
vn 0.8926 0.4496 0.0351
vn -0.9723 0.2332 0.0175
vn -1.0000 -0.0033 -0.0075
vn -0.9681 0.2472 0.0401
vn -1.0000 -0.0029 -0.0074
vn -0.9783 -0.2065 0.0181
vn 0.3928 -0.9189 0.0366
vn 0.9214 -0.2753 0.2743
vn 0.9584 0.0043 0.2852
vn 0.9221 -0.2737 0.2737
vn 0.9585 0.0043 0.2851
vn 0.9192 0.2831 0.2736
vn 0.3849 0.9223 0.0352
vn -0.8783 -0.4778 0.0167
vn -0.7564 -0.6540 -0.0112
vn -0.8849 -0.4639 0.0410
vn -0.7568 -0.6535 -0.0113
vn -0.6282 -0.7779 0.0146
vn 0.8906 -0.4535 0.0342
vn 0.9794 -0.1461 0.1393
vn 0.9832 -0.0476 0.1761
vn 0.7572 0.5890 0.2822
vn 0.7579 0.5872 0.2841
vn 0.4719 0.8397 0.2686
vn -0.2897 0.9563 0.0391
vn -0.3804 -0.9247 0.0158
vn -0.1634 -0.9865 -0.0115
vn -0.3937 -0.9184 0.0393
vn -0.1640 -0.9864 -0.0115
vn 0.0267 -0.9995 0.0143
vn 0.9729 0.2284 0.0345
vn 0.4737 0.8376 0.2721
vn 0.1390 0.9474 0.2882
vn 0.4664 0.8427 0.2690
vn 0.1362 0.9487 0.2854
vn -0.2133 0.9399 0.2666
vn -0.8370 0.5457 0.0411
vn 0.3162 -0.9486 0.0137
vn 0.5078 -0.8614 -0.0142
vn 0.3017 -0.9526 0.0377
vn 0.5074 -0.8616 -0.0143
vn 0.6502 -0.7596 0.0121
vn 0.5956 0.8024 0.0365
vn -0.1495 0.9510 0.2708
vn -0.4557 0.8419 0.2890
vn -0.1631 0.9501 0.2660
vn -0.4530 0.8428 0.2908
vn -0.7106 0.6458 0.2793
vn -0.9921 -0.1178 0.0420
vn 0.8490 -0.5283 0.0094
vn 0.9438 -0.3300 -0.0171
vn 0.8405 -0.5408 0.0331
vn 0.9436 -0.3306 -0.0172
vn 0.9886 -0.1506 0.0082
vn -0.0492 0.9981 0.0373
vn -0.7672 0.5775 0.2792
vn -0.8957 0.3362 0.2911
vn -0.7677 0.5770 0.2789
vn -0.8950 0.3373 0.2919
vn -0.9568 0.0705 0.2819
vn -0.6794 -0.7327 0.0398
vn -0.6794 -0.7326 0.0398
vn 0.9900 0.1407 0.0106
vn 0.9318 0.3627 -0.0160
vn 0.9915 0.1258 0.0344
vn 0.9321 0.3620 -0.0162
vn 0.8442 0.5359 0.0100
vn -0.6829 0.7294 0.0406
vn -0.6829 0.7294 0.0405
vn -0.9618 0.0348 0.2714
vn -0.9048 -0.3119 0.2901
vn -0.9637 0.0212 0.2663
vn -0.9048 -0.3111 0.2908
vn -0.7366 -0.6181 0.2746
vn -0.0555 -0.9977 0.0384
vn 0.6833 0.7301 0.0118
vn 0.4884 0.8725 -0.0127
vn 0.6934 0.7198 0.0343
vn 0.4891 0.8722 -0.0127
vn 0.2978 0.9545 0.0127
vn -0.9913 0.1254 0.0408
vn -0.7586 -0.5921 0.2719
vn -0.4692 -0.8342 0.2897
vn -0.7496 -0.6061 0.2660
vn -0.4681 -0.8354 0.2881
vn -0.1144 -0.9571 0.2662
vn 0.6034 -0.7966 0.0349
vn 0.3229 -0.5542 0.7672
vn 0.1140 -0.6302 0.7680
vn 0.4931 -0.4113 0.7666
vn 0.6042 -0.2189 0.7662
vn 0.6428 -0.0000 0.7660
vn 0.6042 0.2189 0.7662
vn 0.4931 0.4113 0.7666
vn 0.3229 0.5541 0.7673
vn 0.1140 0.6302 0.7680
vn -0.1082 0.6301 0.7689
vn -0.3170 0.5542 0.7697
vn -0.4872 0.4113 0.7703
vn -0.5984 0.2189 0.7708
vn -0.6370 -0.0000 0.7709
vn -0.5984 -0.2189 0.7707
vn -0.4873 -0.4113 0.7703
vn -0.3170 -0.5542 0.7696
vn -0.1082 -0.6302 0.7689
vn 0.1141 -0.6302 0.7680
vn -0.2806 0.4914 0.8245
vn -0.4315 0.3647 0.8251
vn -0.5300 0.1940 0.8255
vn -0.5642 -0.0000 0.8256
vn -0.5300 -0.1940 0.8255
vn -0.4315 -0.3647 0.8251
vn -0.2805 -0.4913 0.8246
vn -0.0954 -0.5587 0.8238
vn 0.1016 -0.5587 0.8231
vn 0.2868 -0.4913 0.8224
vn 0.4377 -0.3647 0.8218
vn 0.5363 -0.1940 0.8214
vn 0.5705 -0.0000 0.8213
vn 0.5363 0.1941 0.8214
vn 0.4378 0.3647 0.8218
vn 0.2868 0.4914 0.8224
vn 0.1016 0.5587 0.8231
vn -0.0954 0.5588 0.8238
vn 0.0599 -0.3600 -0.9310
vn 0.1792 -0.3166 -0.9315
vn 0.2765 -0.2350 -0.9319
vn 0.3399 -0.1250 -0.9321
vn 0.3620 -0.0000 -0.9322
vn 0.3399 0.1250 -0.9321
vn 0.2765 0.2350 -0.9319
vn 0.1792 0.3166 -0.9315
vn 0.0599 0.3600 -0.9310
vn -0.0670 0.3600 -0.9306
vn -0.1863 0.3166 -0.9301
vn -0.2835 0.2350 -0.9297
vn -0.3470 0.1250 -0.9295
vn -0.3691 -0.0000 -0.9294
vn -0.3470 -0.1250 -0.9295
vn -0.2835 -0.2350 -0.9297
vn -0.1863 -0.3166 -0.9301
vn -0.0670 -0.3600 -0.9306
vn -0.0576 0.0932 -0.9940
vn -0.0862 0.0692 -0.9939
vn -0.1049 0.0368 -0.9938
vn -0.1114 -0.0000 -0.9938
vn -0.1049 -0.0368 -0.9938
vn -0.0862 -0.0692 -0.9939
vn -0.0576 -0.0932 -0.9940
vn -0.0225 -0.1060 -0.9941
vn 0.0149 -0.1060 -0.9943
vn 0.0500 -0.0932 -0.9944
vn 0.0787 -0.0692 -0.9945
vn 0.0973 -0.0368 -0.9946
vn 0.1038 -0.0000 -0.9946
vn 0.0974 0.0368 -0.9946
vn 0.0787 0.0692 -0.9945
vn 0.0500 0.0932 -0.9944
vn 0.0149 0.1060 -0.9943
vn -0.0225 0.1060 -0.9941
vn 0.4048 -0.7049 -0.5824
vn 0.1391 -0.8016 -0.5815
vn 0.6213 -0.5232 -0.5833
vn 0.7627 -0.2784 -0.5838
vn 0.8117 -0.0000 -0.5840
vn 0.7627 0.2784 -0.5838
vn 0.6213 0.5232 -0.5833
vn 0.4048 0.7049 -0.5825
vn 0.1391 0.8016 -0.5815
vn -0.1436 0.8016 -0.5804
vn -0.1435 0.8016 -0.5804
vn -0.4092 0.7049 -0.5794
vn -0.6257 0.5232 -0.5786
vn -0.7671 0.2784 -0.5780
vn -0.8162 -0.0000 -0.5778
vn -0.7671 -0.2784 -0.5780
vn -0.6257 -0.5232 -0.5786
vn -0.4092 -0.7049 -0.5794
vn -0.1436 -0.8016 -0.5804
vn -0.1435 -0.8016 -0.5804
vn -0.0381 0.1948 -0.9801
vn -0.1026 0.1713 -0.9799
vn -0.1553 0.1272 -0.9796
vn -0.1896 0.0677 -0.9795
vn -0.2016 -0.0000 -0.9795
vn -0.1896 -0.0677 -0.9795
vn -0.1553 -0.1272 -0.9797
vn -0.1026 -0.1713 -0.9798
vn -0.0381 -0.1948 -0.9801
vn 0.0306 -0.1948 -0.9804
vn 0.0952 -0.1713 -0.9806
vn 0.1478 -0.1272 -0.9808
vn 0.1822 -0.0677 -0.9809
vn 0.1941 -0.0000 -0.9810
vn 0.1822 0.0677 -0.9809
vn 0.1478 0.1272 -0.9808
vn 0.0952 0.1713 -0.9806
vn 0.0306 0.1948 -0.9804
vn -0.0038 -0.0000 -1.0000
vn -0.3711 0.6384 -0.6744
vn -0.1306 0.7259 -0.6753
vn -0.5672 0.4738 -0.6736
vn -0.6952 0.2521 -0.6731
vn -0.7397 -0.0000 -0.6730
vn -0.6952 -0.2521 -0.6731
vn -0.5672 -0.4738 -0.6736
vn -0.3711 -0.6384 -0.6744
vn -0.3711 -0.6383 -0.6744
vn -0.1306 -0.7259 -0.6753
vn 0.1254 -0.7259 -0.6763
vn 0.3660 -0.6383 -0.6772
vn 0.5621 -0.4738 -0.6779
vn 0.6901 -0.2521 -0.6784
vn 0.7345 -0.0000 -0.6786
vn 0.6901 0.2521 -0.6784
vn 0.5621 0.4738 -0.6779
vn 0.3660 0.6384 -0.6772
vn 0.1254 0.7259 -0.6763
vn -0.0315 0.0964 0.9948
vn -0.0852 0.0513 0.9950
vn -0.0973 -0.0179 0.9951
vn -0.0621 -0.0788 0.9950
vn 0.0039 -0.1027 0.9947
vn 0.0699 -0.0785 0.9945
vn 0.1049 -0.0176 0.9943
vn 0.0926 0.0515 0.9944
vn 0.0388 0.0965 0.9946
vn -0.3600 0.9323 0.0360
vn 0.5236 -0.8129 0.2551
vn -0.8750 0.4827 0.0366
vn 0.9193 -0.2993 0.2553
vn -0.9807 -0.1915 0.0398
vn 0.9190 0.2853 0.2722
vn -0.6401 -0.7674 0.0373
vn 0.4620 0.8478 0.2604
vn 0.0112 -0.9993 0.0367
vn -0.2320 0.9389 0.2542
vn 0.6381 -0.7692 0.0346
vn -0.7155 0.6420 0.2757
vn 0.9856 -0.1662 0.0305
vn -0.9562 0.0731 0.2835
vn 0.8521 0.5224 0.0320
vn -0.7310 -0.6278 0.2675
vn 0.3122 0.9494 0.0341
vn -0.0935 -0.9633 0.2516
vt 0.518112 0.006679
vt 0.533542 0.016496
vt 0.517701 0.016506
vt 0.533614 0.006679
vt 0.549382 0.016383
vt 0.549382 0.006556
vt 0.565233 0.016363
vt 0.565233 0.006515
vt 0.581084 0.016342
vt 0.581074 0.006505
vt 0.596925 0.016332
vt 0.596925 0.006494
vt 0.612776 0.016332
vt 0.612776 0.006484
vt 0.628616 0.016321
vt 0.628616 0.006474
vt 0.644467 0.016321
vt 0.644467 0.006474
vt 0.660308 0.016311
vt 0.660308 0.006463
vt 0.676159 0.016321
vt 0.676159 0.006474
vt 0.692010 0.016321
vt 0.692010 0.006484
vt 0.707850 0.016332
vt 0.707850 0.006494
vt 0.723701 0.016352
vt 0.723691 0.006515
vt 0.739542 0.016383
vt 0.739521 0.006546
vt 0.755382 0.016445
vt 0.755280 0.006618
vt 0.771223 0.016424
vt 0.770791 0.006597
vt 0.787094 0.015746
vt 0.503074 0.005888
vt 0.501819 0.015838
vt 0.533439 0.025768
vt 0.517383 0.025809
vt 0.549362 0.025706
vt 0.565233 0.025686
vt 0.581084 0.025686
vt 0.596935 0.025676
vt 0.612776 0.025676
vt 0.628627 0.025676
vt 0.644467 0.025666
vt 0.660308 0.025666
vt 0.676159 0.025666
vt 0.692010 0.025666
vt 0.707850 0.025676
vt 0.723701 0.025676
vt 0.739573 0.025686
vt 0.755495 0.025717
vt 0.771542 0.025727
vt 0.787752 0.025501
vt 0.501182 0.025604
vt 0.533460 0.034968
vt 0.517424 0.035050
vt 0.549382 0.034948
vt 0.565244 0.034958
vt 0.581095 0.034968
vt 0.596935 0.034968
vt 0.612776 0.034968
vt 0.628627 0.034968
vt 0.644467 0.034968
vt 0.660318 0.034968
vt 0.676159 0.034958
vt 0.691999 0.034958
vt 0.707850 0.034958
vt 0.723701 0.034948
vt 0.739562 0.034937
vt 0.755475 0.034907
vt 0.771521 0.034978
vt 0.787721 0.035328
vt 0.501223 0.035420
vt 0.533624 0.044230
vt 0.517814 0.044343
vt 0.549434 0.044261
vt 0.565264 0.044292
vt 0.581095 0.044312
vt 0.596935 0.044312
vt 0.612786 0.044322
vt 0.628627 0.044322
vt 0.644467 0.044312
vt 0.660318 0.044312
vt 0.676159 0.044312
vt 0.691999 0.044302
vt 0.707840 0.044292
vt 0.723681 0.044271
vt 0.739511 0.044251
vt 0.755331 0.044179
vt 0.771141 0.044271
vt 0.787002 0.045093
vt 0.501953 0.045186
vt 0.533768 0.054139
vt 0.518329 0.054263
vt 0.549465 0.054191
vt 0.565275 0.054222
vt 0.581105 0.054242
vt 0.596945 0.054252
vt 0.612786 0.054263
vt 0.628627 0.054263
vt 0.644467 0.054252
vt 0.660318 0.054252
vt 0.676159 0.054252
vt 0.691999 0.054232
vt 0.707840 0.054232
vt 0.723670 0.054211
vt 0.739490 0.054170
vt 0.755197 0.054098
vt 0.770637 0.054191
vt 0.785594 0.055136
vt 0.503382 0.055229
vt 0.879471 0.084694
vt 0.862681 0.085718
vt 0.870963 0.078051
vt 0.868637 0.094729
vt 0.852386 0.090350
vt 0.855169 0.100788
vt 0.841171 0.091445
vt 0.840477 0.102226
vt 0.830182 0.088909
vt 0.826079 0.098914
vt 0.820570 0.083009
vt 0.813504 0.091186
vt 0.813341 0.074347
vt 0.804037 0.079852
vt 0.809248 0.063841
vt 0.798679 0.066103
vt 0.808698 0.052584
vt 0.797967 0.051355
vt 0.811763 0.041728
vt 0.801975 0.037147
vt 0.818133 0.032427
vt 0.810291 0.024969
vt 0.827060 0.025528
vt 0.822024 0.015998
vt 0.837782 0.022006
vt 0.836068 0.011333
vt 0.849059 0.022049
vt 0.850841 0.011393
vt 0.859731 0.025684
vt 0.864833 0.016165
vt 0.868686 0.032548
vt 0.876561 0.025163
vt 0.874962 0.041932
vt 0.884778 0.037429
vt 0.877945 0.052864
vt 0.886556 0.071782
vt 0.876379 0.068095
vt 0.866297 0.074443
vt 0.859418 0.080800
vt 0.850868 0.084636
vt 0.841551 0.085556
vt 0.832415 0.083446
vt 0.824432 0.078533
vt 0.818426 0.071340
vt 0.815027 0.062610
vt 0.814567 0.053254
vt 0.817125 0.044235
vt 0.822428 0.036492
vt 0.829812 0.030727
vt 0.838705 0.027846
vt 0.848084 0.027874
vt 0.856942 0.030892
vt 0.864382 0.036582
vt 0.869590 0.044363
vt 0.870742 0.066235
vt 0.448485 0.004104
vt 0.456976 0.007331
vt 0.448372 0.006560
vt 0.457367 0.004905
vt 0.465477 0.009059
vt 0.466135 0.006684
vt 0.473701 0.011700
vt 0.474678 0.009428
vt 0.481411 0.015185
vt 0.405817 0.032692
vt 0.414952 0.030882
vt 0.407325 0.034576
vt 0.413910 0.028634
vt 0.423096 0.028019
vt 0.422376 0.025669
vt 0.431537 0.026061
vt 0.431107 0.023639
vt 0.440151 0.025035
vt 0.440000 0.022582
vt 0.448834 0.024978
vt 0.448961 0.022524
vt 0.457474 0.025866
vt 0.457867 0.023442
vt 0.465947 0.027715
vt 0.466626 0.025342
vt 0.474131 0.030459
vt 0.475136 0.028190
vt 0.481803 0.034039
vt 0.405341 0.014024
vt 0.414490 0.012266
vt 0.406853 0.015889
vt 0.413463 0.010014
vt 0.422652 0.009459
vt 0.421953 0.007095
vt 0.431112 0.007547
vt 0.430681 0.005132
vt 0.439737 0.006581
vt 0.439562 0.004124
vt 0.455167 0.019605
vt 0.447828 0.018968
vt 0.462342 0.021055
vt 0.469291 0.023316
vt 0.475973 0.026246
vt 0.419663 0.042382
vt 0.413064 0.045494
vt 0.426557 0.039938
vt 0.433671 0.038273
vt 0.440932 0.037416
vt 0.448237 0.037362
vt 0.455514 0.038120
vt 0.462649 0.039676
vt 0.469572 0.042016
vt 0.476224 0.045036
vt 0.419137 0.023789
vt 0.412517 0.026863
vt 0.426045 0.021394
vt 0.433179 0.019780
vt 0.440457 0.018968
vt 0.454972 0.020808
vt 0.447776 0.020181
vt 0.462023 0.022237
vt 0.468870 0.024457
vt 0.475510 0.027366
vt 0.420117 0.043508
vt 0.413560 0.046602
vt 0.426897 0.041101
vt 0.433887 0.039474
vt 0.441014 0.038622
vt 0.448185 0.038574
vt 0.455318 0.039317
vt 0.462331 0.040847
vt 0.469142 0.043153
vt 0.475743 0.046150
vt 0.419579 0.024920
vt 0.413000 0.027973
vt 0.426374 0.022556
vt 0.433384 0.020983
vt 0.440539 0.020181
vt 0.482953 0.970703
vt 0.485271 0.981545
vt 0.482945 0.982383
vt 0.480021 0.982743
vt 0.473637 0.972557
vt 0.476026 0.973435
vt 0.473608 0.984070
vt 0.471329 0.973277
vt 0.457610 0.971786
vt 0.463840 0.981829
vt 0.461537 0.981150
vt 0.463840 0.970192
vt 0.466153 0.981171
vt 0.460114 0.981980
vt 0.453729 0.971833
vt 0.456112 0.972682
vt 0.453729 0.983376
vt 0.451277 0.972890
vt 0.437315 0.971174
vt 0.443686 0.981332
vt 0.441278 0.980372
vt 0.443686 0.969674
vt 0.446035 0.980560
vt 0.439937 0.981739
vt 0.433562 0.971500
vt 0.435847 0.972210
vt 0.433529 0.983136
vt 0.431209 0.972336
vt 0.416458 0.970789
vt 0.422746 0.980819
vt 0.420421 0.980187
vt 0.422746 0.969369
vt 0.425080 0.980143
vt 0.495618 0.972419
vt 0.502003 0.982582
vt 0.499632 0.981767
vt 0.502003 0.970974
vt 0.504399 0.981682
vt 0.499174 0.982712
vt 0.492880 0.972489
vt 0.495247 0.973449
vt 0.492880 0.984274
vt 0.490559 0.973352
vt 0.476698 0.972223
vt 0.480598 0.981503
vt 0.420373 0.069080
vt 0.423326 0.069147
vt 0.421880 0.070354
vt 0.422346 0.067430
vt 0.425090 0.068516
vt 0.424770 0.066562
vt 0.426979 0.068514
vt 0.427339 0.066574
vt 0.428732 0.069158
vt 0.429723 0.067440
vt 0.430175 0.070359
vt 0.431680 0.069068
vt 0.431113 0.071981
vt 0.432965 0.071282
vt 0.431444 0.073830
vt 0.433426 0.073830
vt 0.431126 0.075680
vt 0.432992 0.076354
vt 0.430186 0.077309
vt 0.431693 0.078583
vt 0.428741 0.078517
vt 0.429720 0.080233
vt 0.426976 0.079147
vt 0.427287 0.081096
vt 0.425107 0.079137
vt 0.424750 0.081091
vt 0.423345 0.078488
vt 0.422358 0.080197
vt 0.421911 0.077292
vt 0.420402 0.078569
vt 0.420958 0.075673
vt 0.419115 0.076378
vt 0.420622 0.073830
vt 0.418655 0.073830
vt 0.420945 0.071974
vt 0.419088 0.071306
vt 0.424217 0.070706
vt 0.423258 0.071505
vt 0.425399 0.070284
vt 0.426656 0.070286
vt 0.427832 0.070716
vt 0.428792 0.071520
vt 0.429428 0.072599
vt 0.429648 0.073830
vt 0.429436 0.075072
vt 0.428808 0.076158
vt 0.427849 0.076957
vt 0.426673 0.077370
vt 0.425415 0.077368
vt 0.424239 0.076938
vt 0.423279 0.076135
vt 0.422649 0.075047
vt 0.422418 0.073830
vt 0.422630 0.072591
vt 0.480969 0.091183
vt 0.482731 0.089241
vt 0.482929 0.090482
vt 0.480645 0.089241
vt 0.482959 0.087978
vt 0.481008 0.087250
vt 0.483602 0.086895
vt 0.482002 0.085553
vt 0.484587 0.086072
vt 0.483555 0.084261
vt 0.485786 0.085640
vt 0.485430 0.083584
vt 0.487066 0.085641
vt 0.487436 0.083587
vt 0.488263 0.086077
vt 0.489305 0.084273
vt 0.489234 0.086898
vt 0.490838 0.085564
vt 0.489853 0.087999
vt 0.491828 0.087301
vt 0.490066 0.089241
vt 0.492152 0.089241
vt 0.489830 0.090512
vt 0.491781 0.091240
vt 0.489195 0.091589
vt 0.490793 0.092929
vt 0.488196 0.092410
vt 0.489233 0.094229
vt 0.486997 0.092842
vt 0.487352 0.094897
vt 0.485731 0.092843
vt 0.485361 0.094897
vt 0.484534 0.092407
vt 0.483492 0.094211
vt 0.483564 0.091586
vt 0.481959 0.092920
vt 0.484534 0.089241
vt 0.484636 0.089876
vt 0.484657 0.088607
vt 0.484988 0.088058
vt 0.485490 0.087653
vt 0.486102 0.087428
vt 0.486746 0.087425
vt 0.487350 0.087633
vt 0.487846 0.088048
vt 0.488162 0.088608
vt 0.488263 0.089241
vt 0.488134 0.089869
vt 0.487802 0.090419
vt 0.487299 0.090837
vt 0.486695 0.091056
vt 0.486051 0.091059
vt 0.485441 0.090843
vt 0.484951 0.090436
vt 0.485749 0.089469
vt 0.485723 0.089241
vt 0.485780 0.089032
vt 0.485911 0.088832
vt 0.486089 0.088691
vt 0.486399 0.088607
vt 0.486538 0.088598
vt 0.486759 0.088670
vt 0.486930 0.088817
vt 0.487043 0.089007
vt 0.487066 0.089241
vt 0.487017 0.089452
vt 0.486887 0.089651
vt 0.486700 0.089799
vt 0.486399 0.089877
vt 0.486244 0.089884
vt 0.486032 0.089805
vt 0.485859 0.089673
vt 0.486399 0.089241
vt 0.485928 0.089241
vt 0.485989 0.089087
vt 0.486399 0.089380
vt 0.486089 0.088983
vt 0.486399 0.089376
vt 0.486233 0.088871
vt 0.486399 0.088821
vt 0.486541 0.088815
vt 0.486707 0.088875
vt 0.486802 0.088961
vt 0.486863 0.089098
vt 0.486861 0.089241
vt 0.486800 0.089403
vt 0.486399 0.089103
vt 0.486708 0.089501
vt 0.486399 0.089108
vt 0.486558 0.089604
vt 0.486399 0.089663
vt 0.486256 0.089668
vt 0.486090 0.089609
vt 0.485986 0.089529
vt 0.485926 0.089392
vt 0.486521 0.089345
vt 0.486540 0.089361
vt 0.486546 0.089366
vt 0.486537 0.089358
vt 0.486510 0.089241
vt 0.486399 0.089357
vt 0.486276 0.089139
vt 0.486255 0.089121
vt 0.486243 0.089112
vt 0.486253 0.089120
vt 0.486280 0.089241
vt 0.486399 0.089118
vt 0.429787 0.094693
vt 0.422458 0.094332
vt 0.429120 0.094142
vt 0.422377 0.094760
vt 0.416270 0.091852
vt 0.415470 0.092149
vt 0.422650 0.082015
vt 0.424639 0.081715
vt 0.426402 0.082650
vt 0.442361 0.087389
vt 0.436376 0.091566
vt 0.441644 0.087355
vt 0.436577 0.091896
vt 0.430107 0.094119
vt 0.428655 0.082325
vt 0.429961 0.080658
vt 0.431945 0.080307
vt 0.447252 0.073830
vt 0.445697 0.080912
vt 0.446657 0.074273
vt 0.445990 0.081021
vt 0.442209 0.086685
vt 0.433520 0.078606
vt 0.433479 0.076540
vt 0.435056 0.074958
vt 0.442313 0.060251
vt 0.445675 0.066703
vt 0.442181 0.060994
vt 0.446065 0.066560
vt 0.446637 0.073300
vt 0.435170 0.072686
vt 0.433488 0.071097
vt 0.433575 0.068951
vt 0.429681 0.052958
vt 0.436435 0.055836
vt 0.430139 0.053768
vt 0.436584 0.055578
vt 0.441553 0.060252
vt 0.431987 0.067323
vt 0.430021 0.066924
vt 0.428707 0.065417
vt 0.415462 0.055444
vt 0.422427 0.053351
vt 0.416110 0.055699
vt 0.422343 0.052900
vt 0.428905 0.053602
vt 0.426452 0.065005
vt 0.424674 0.066009
vt 0.422563 0.065513
vt 0.409837 0.060149
vt 0.415328 0.056292
vt 0.410109 0.060377
vt 0.420623 0.066756
vt 0.420013 0.068777
vt 0.418097 0.069712
vt 0.406983 0.066204
vt 0.406141 0.066490
vt 0.406106 0.081045
vt 0.405401 0.073830
vt 0.406541 0.080311
vt 0.405115 0.073830
vt 0.406594 0.067226
vt 0.417352 0.071906
vt 0.418217 0.073830
vt 0.417297 0.075826
vt 0.410006 0.087261
vt 0.415343 0.091423
vt 0.409730 0.087493
vt 0.406935 0.081274
vt 0.418010 0.077983
vt 0.419971 0.078925
vt 0.420616 0.080912
vt 0.485897 0.004277
vt 0.483604 0.011823
vt 0.481589 0.005696
vt 0.487716 0.010651
vt 0.484971 0.021866
vt 0.489299 0.022277
vt 0.485105 0.024318
vt 0.489710 0.024318
vt 0.484982 0.026862
vt 0.489299 0.026441
vt 0.483655 0.036843
vt 0.487778 0.038005
vt 0.481692 0.042960
vt 0.452969 0.070285
vt 0.448374 0.063757
vt 0.454428 0.066255
vt 0.486605 0.070902
vt 0.479368 0.068024
vt 0.485515 0.066502
vt 0.480241 0.072207
vt 0.469314 0.068661
vt 0.468594 0.072948
vt 0.466888 0.068599
vt 0.466631 0.073194
vt 0.464359 0.068291
vt 0.464472 0.072629
vt 0.458861 0.047290
vt 0.463597 0.053547
vt 0.457556 0.051359
vt 0.424942 0.047937
vt 0.432495 0.050475
vt 0.426206 0.052294
vt 0.431467 0.046313
vt 0.442739 0.049478
vt 0.443324 0.045183
vt 0.445045 0.049478
vt 0.445308 0.044875
vt 0.447548 0.049653
vt 0.447281 0.045327
vt 0.453099 0.084577
vt 0.448095 0.078391
vt 0.454281 0.080457
vt 0.486862 0.082727
vt 0.479279 0.080457
vt 0.485444 0.078422
vt 0.480461 0.084577
vt 0.469508 0.081772
vt 0.469087 0.086087
vt 0.466760 0.081926
vt 0.466760 0.086539
vt 0.464299 0.081803
vt 0.464720 0.086128
vt 0.493477 0.038311
vt 0.487254 0.043258
vt 0.489373 0.037077
vt 0.492026 0.004277
vt 0.489702 0.011919
vt 0.487707 0.005666
vt 0.493826 0.010788
vt 0.490936 0.022101
vt 0.495246 0.022585
vt 0.491008 0.024508
vt 0.495626 0.024621
vt 0.490833 0.027162
vt 0.495164 0.026802
vt 0.456826 0.041153
vt 0.461864 0.047342
vt 0.455644 0.045275
vt 0.422582 0.043117
vt 0.430282 0.045306
vt 0.424031 0.047414
vt 0.429100 0.041194
vt 0.440470 0.043939
vt 0.440891 0.039621
vt 0.442937 0.043816
vt 0.442937 0.039210
vt 0.445363 0.043908
vt 0.444931 0.039590
vt 0.450700 0.063778
vt 0.445643 0.057734
vt 0.451799 0.059635
vt 0.484371 0.061434
vt 0.476796 0.059245
vt 0.482891 0.057148
vt 0.478029 0.063346
vt 0.466764 0.060735
vt 0.466415 0.065062
vt 0.464334 0.060869
vt 0.464334 0.065473
vt 0.461934 0.060828
vt 0.462427 0.065135
vt 0.473852 0.088359
vt 0.478899 0.094538
vt 0.472680 0.092482
vt 0.440048 0.090190
vt 0.447656 0.092472
vt 0.441466 0.094497
vt 0.446484 0.088359
vt 0.457526 0.091156
vt 0.457947 0.086838
vt 0.460183 0.091022
vt 0.460183 0.086416
vt 0.462594 0.091135
vt 0.462162 0.086817
vt 0.443577 0.056798
vt 0.438757 0.050540
vt 0.444861 0.052718
vt 0.477406 0.055935
vt 0.469904 0.053417
vt 0.476111 0.051588
vt 0.470963 0.057568
vt 0.459823 0.054496
vt 0.459289 0.058802
vt 0.457311 0.054558
vt 0.457311 0.059162
vt 0.454798 0.054342
vt 0.455086 0.058668
vt 0.457429 0.004607
vt 0.448496 0.003805
vt 0.466228 0.006396
vt 0.474832 0.009161
vt 0.483107 0.013057
vt 0.482881 0.013273
vt 0.413754 0.028382
vt 0.405587 0.032489
vt 0.422283 0.025378
vt 0.431056 0.023339
vt 0.439979 0.022283
vt 0.448972 0.022216
vt 0.457919 0.023146
vt 0.466719 0.025058
vt 0.475289 0.027939
vt 0.483512 0.031929
vt 0.483289 0.032137
vt 0.413308 0.009758
vt 0.405115 0.013818
vt 0.421851 0.006807
vt 0.430619 0.004834
vt 0.439542 0.003826
vt 0.859194 0.080468
vt 0.850772 0.084248
vt 0.841574 0.085151
vt 0.832567 0.083079
vt 0.824696 0.078232
vt 0.818773 0.071141
vt 0.815413 0.062524
vt 0.814968 0.053297
vt 0.817490 0.044396
vt 0.822715 0.036774
vt 0.829999 0.031082
vt 0.838779 0.028240
vt 0.848011 0.028268
vt 0.856751 0.031251
vt 0.864104 0.036849
vt 0.869219 0.044525
vt 0.872034 0.053384
vt 0.871638 0.053415
vt 0.865979 0.074208
vt 0.983335 0.085744
vt 0.966550 0.087173
vt 0.975411 0.079248
vt 0.990973 0.072844
vt 0.981455 0.069041
vt 0.994344 0.058237
vt 0.984127 0.057477
vt 0.993152 0.043281
vt 0.983171 0.045656
vt 0.987488 0.029394
vt 0.978700 0.034678
vt 0.977898 0.017871
vt 0.971114 0.025550
vt 0.965275 0.009782
vt 0.961122 0.019156
vt 0.950802 0.005876
vt 0.949672 0.016062
vt 0.935815 0.006523
vt 0.937820 0.016576
vt 0.921733 0.011673
vt 0.926677 0.020647
vt 0.909861 0.020832
vt 0.917293 0.027894
vt 0.901309 0.033157
vt 0.910518 0.037638
vt 0.896878 0.047485
vt 0.907024 0.048976
vt 0.896991 0.062482
vt 0.907116 0.060838
vt 0.901648 0.076740
vt 0.910786 0.072124
vt 0.910375 0.088900
vt 0.917714 0.081787
vt 0.922216 0.097914
vt 0.927335 0.088962
vt 0.972162 0.095725
vt 0.955603 0.092086
vt 0.969685 0.074530
vt 0.974557 0.066276
vt 0.976706 0.056932
vt 0.975945 0.047383
vt 0.972316 0.038502
vt 0.966190 0.031132
vt 0.958111 0.025951
vt 0.948849 0.023453
vt 0.939269 0.023864
vt 0.930275 0.027174
vt 0.922679 0.033023
vt 0.917210 0.040896
vt 0.914373 0.050055
vt 0.914445 0.059645
vt 0.917406 0.068763
vt 0.922967 0.076565
vt 0.930645 0.082239
vt 0.962562 0.080933
vt 0.782578 0.223374
vt 0.773737 0.220156
vt 0.782424 0.223641
vt 0.789784 0.229419
vt 0.789547 0.229614
vt 0.794482 0.237560
vt 0.794194 0.237673
vt 0.796116 0.246827
vt 0.795808 0.246827
vt 0.794482 0.256095
vt 0.794194 0.255992
vt 0.789784 0.264236
vt 0.789547 0.264041
vt 0.782578 0.270281
vt 0.782424 0.270024
vt 0.773737 0.273498
vt 0.773686 0.273200
vt 0.764331 0.273498
vt 0.764382 0.273200
vt 0.755490 0.270281
vt 0.755645 0.270024
vt 0.748285 0.264236
vt 0.748521 0.264041
vt 0.743576 0.256095
vt 0.743864 0.255992
vt 0.741942 0.246827
vt 0.742250 0.246827
vt 0.743576 0.237560
vt 0.743864 0.237673
vt 0.748285 0.229419
vt 0.748521 0.229614
vt 0.755491 0.223374
vt 0.755645 0.223641
vt 0.764331 0.220156
vt 0.764383 0.220454
vt 0.773686 0.220454
vt 0.962119 0.080224
vt 0.969037 0.073995
vt 0.973776 0.065967
vt 0.975873 0.056870
vt 0.975123 0.047568
vt 0.971597 0.038933
vt 0.965635 0.031758
vt 0.957771 0.026722
vt 0.948757 0.024286
vt 0.939434 0.024676
vt 0.930676 0.027914
vt 0.923285 0.033598
vt 0.917961 0.041267
vt 0.915206 0.050179
vt 0.915278 0.059512
vt 0.918156 0.068383
vt 0.923552 0.075969
vt 0.953835 0.084809
vt 0.953660 0.083997
vt 0.773275 0.222767
vt 0.781252 0.225666
vt 0.787749 0.231125
vt 0.791994 0.238475
vt 0.793464 0.246827
vt 0.791994 0.255190
vt 0.787749 0.262540
vt 0.781252 0.267988
vt 0.773275 0.270898
vt 0.764783 0.270898
vt 0.756817 0.267988
vt 0.750310 0.262540
vt 0.746074 0.255190
vt 0.744594 0.246827
vt 0.746074 0.238475
vt 0.750310 0.231125
vt 0.756817 0.225666
vt 0.764783 0.222767
vt 0.773151 0.223436
vt 0.780902 0.226263
vt 0.787224 0.231567
vt 0.791346 0.238711
vt 0.792786 0.246827
vt 0.791346 0.254954
vt 0.787224 0.262098
vt 0.780902 0.267392
vt 0.773151 0.270219
vt 0.764907 0.270219
vt 0.757156 0.267392
vt 0.750834 0.262098
vt 0.746711 0.254953
vt 0.745283 0.246827
vt 0.746711 0.238711
vt 0.750834 0.231567
vt 0.757156 0.226263
vt 0.764907 0.223436
vt 0.785830 0.005785
vt 0.888696 0.051629
vt 0.489243 0.972224
vt 0.467444 0.982575
vt 0.470214 0.971703
vt 0.447391 0.981961
vt 0.450091 0.971164
vt 0.427078 0.981746
vt 0.429034 0.970792
vt 0.508331 0.972544
vt 0.486594 0.982690
vt 0.486010 0.044358
vt 0.446657 0.067952
vt 0.465149 0.049211
vt 0.446657 0.082696
vt 0.491440 0.044739
vt 0.463293 0.043034
vt 0.444296 0.062061
vt 0.480318 0.090241
vt 0.437216 0.054851
vt 0.870371 0.066103
vt 0.958645 0.101944
vt 0.930984 0.081478
s 1
g off
g llanta_izquierda_2_Material_#25
usemtl Material_#25
f 1/1/1 20/2/2 19/3/3
f 2/4/4 21/5/5 20/2/2
f 3/6/6 22/7/7 21/5/5
f 4/8/8 23/9/9 22/7/7
f 5/10/10 24/11/11 23/9/9
f 6/12/12 25/13/13 24/11/11
f 7/14/14 26/15/15 25/13/13
f 8/16/16 27/17/17 26/15/15
f 9/18/18 28/19/19 27/17/17
f 10/20/20 29/21/21 28/19/19
f 11/22/22 30/23/23 29/21/21
f 12/24/24 31/25/25 30/23/23
f 13/26/26 32/27/27 31/25/25
f 14/28/28 33/29/29 32/27/27
f 15/30/30 34/31/31 33/29/29
f 16/32/32 35/33/33 34/31/31
f 17/34/34 36/35/35 35/33/33
f 18/36/36 19/3/3 36/37/35
f 19/3/3 38/38/37 37/39/38
f 20/2/2 39/40/39 38/38/37
f 21/5/5 40/41/40 39/40/39
f 22/7/7 41/42/41 40/41/40
f 23/9/9 42/43/42 41/42/41
f 24/11/11 43/44/43 42/43/42
f 25/13/13 44/45/44 43/44/43
f 26/15/15 45/46/45 44/45/44
f 27/17/17 46/47/46 45/46/45
f 28/19/19 47/48/47 46/47/46
f 29/21/21 48/49/48 47/48/47
f 30/23/23 49/50/49 48/49/48
f 31/25/25 50/51/50 49/50/49
f 32/27/27 51/52/51 50/51/50
f 33/29/29 52/53/52 51/52/51
f 34/31/31 53/54/53 52/53/52
f 35/33/33 54/55/54 53/54/53
f 36/37/35 37/39/38 54/56/54
f 37/39/38 56/57/55 55/58/56
f 38/38/37 57/59/57 56/57/55
f 39/40/39 58/60/58 57/59/57
f 40/41/40 59/61/59 58/60/58
f 41/42/41 60/62/60 59/61/59
f 42/43/42 61/63/61 60/62/60
f 43/44/43 62/64/62 61/63/61
f 44/45/44 63/65/63 62/64/62
f 45/46/45 64/66/64 63/65/63
f 46/47/46 65/67/65 64/66/64
f 47/48/47 66/68/66 65/67/65
f 48/49/48 67/69/67 66/68/66
f 49/50/49 68/70/68 67/69/67
f 50/51/50 69/71/69 68/70/68
f 51/52/51 70/72/70 69/71/69
f 52/53/52 71/73/71 70/72/70
f 53/54/53 72/74/72 71/73/71
f 54/56/54 55/58/56 72/75/72
f 55/58/56 74/76/73 73/77/74
f 56/57/55 75/78/75 74/76/73
f 57/59/57 76/79/76 75/78/75
f 58/60/58 77/80/77 76/79/76
f 59/61/59 78/81/78 77/80/77
f 60/62/60 79/82/79 78/81/78
f 61/63/61 80/83/80 79/82/79
f 62/64/62 81/84/81 80/83/80
f 63/65/63 82/85/82 81/84/81
f 64/66/64 83/86/83 82/85/82
f 65/67/65 84/87/84 83/86/83
f 66/68/66 85/88/85 84/87/84
f 67/69/67 86/89/86 85/88/85
f 68/70/68 87/90/87 86/89/86
f 69/71/69 88/91/88 87/90/87
f 70/72/70 89/92/89 88/91/88
f 71/73/71 90/93/90 89/92/89
f 72/75/72 73/77/74 90/94/90
f 73/77/74 92/95/91 91/96/92
f 74/76/73 93/97/93 92/95/91
f 75/78/75 94/98/94 93/97/93
f 76/79/76 95/99/95 94/98/94
f 77/80/77 96/100/96 95/99/95
f 78/81/78 97/101/97 96/100/96
f 79/82/79 98/102/98 97/101/97
f 80/83/80 99/103/99 98/102/98
f 81/84/81 100/104/100 99/103/99
f 82/85/82 101/105/101 100/104/100
f 83/86/83 102/106/102 101/105/101
f 84/87/84 103/107/103 102/106/102
f 85/88/85 104/108/104 103/107/103
f 86/89/86 105/109/105 104/108/104
f 87/90/87 106/110/106 105/109/105
f 88/91/88 107/111/107 106/110/106
f 89/92/89 108/112/108 107/111/107
f 90/94/90 91/96/92 108/113/108
f 91/114/92 110/115/109 109/116/110
f 92/117/91 111/118/111 110/115/109
f 93/119/93 112/120/112 111/118/111
f 94/121/94 113/122/113 112/120/112
f 95/123/95 114/124/114 113/122/113
f 96/125/96 115/126/115 114/124/114
f 97/127/97 116/128/116 115/126/115
f 98/129/98 117/130/117 116/128/116
f 99/131/99 118/132/118 117/130/117
f 100/133/100 119/134/119 118/132/118
f 101/135/101 120/136/120 119/134/119
f 102/137/102 121/138/121 120/136/120
f 103/139/103 122/140/122 121/138/121
f 104/141/104 123/142/123 122/140/122
f 105/143/105 124/144/124 123/142/123
f 106/145/106 125/146/125 124/144/124
f 107/147/107 126/148/126 125/146/125
f 108/149/108 109/116/110 126/150/126
f 109/116/110 110/115/109 499/151/127
f 110/115/109 111/118/111 498/152/128
f 111/118/111 112/120/112 497/153/129
f 112/120/112 113/122/113 496/154/130
f 113/122/113 114/124/114 495/155/131
f 114/124/114 115/126/115 494/156/132
f 115/126/115 116/128/116 493/157/133
f 116/128/116 117/130/117 492/158/134
f 117/130/117 118/132/118 491/159/135
f 118/132/118 119/134/119 490/160/136
f 119/134/119 120/136/120 489/161/137
f 120/136/120 121/138/121 488/162/138
f 121/138/121 122/140/122 487/163/139
f 122/140/122 123/142/123 504/164/140
f 123/142/123 124/144/124 503/165/141
f 124/144/124 125/146/125 502/166/142
f 125/146/125 126/148/126 501/167/143
f 126/150/126 109/116/110 500/168/144
s 2
f 127/169/145 146/170/146 145/171/145
f 128/172/146 147/173/147 146/170/146
f 129/174/147 148/175/148 147/173/147
f 130/176/148 149/177/149 148/175/148
f 131/178/149 150/179/150 149/180/149
f 132/181/150 151/182/151 150/179/150
f 133/183/151 152/184/152 151/182/151
f 134/185/152 153/186/153 152/184/152
f 135/187/153 154/188/154 153/186/153
f 136/189/154 155/190/155 154/188/154
f 137/191/155 156/192/156 155/190/155
f 138/193/156 157/194/157 156/192/156
f 139/195/157 158/196/158 157/194/157
f 140/197/158 159/198/159 158/199/158
f 141/200/159 160/201/160 159/198/159
f 142/202/160 161/203/161 160/201/160
f 143/204/161 162/205/162 161/203/161
f 144/206/162 145/171/145 162/205/162
s 3
f 145/171/163 164/207/164 163/208/165
f 146/170/166 165/209/167 164/207/164
f 147/173/168 166/210/169 165/209/167
f 148/175/170 167/211/171 166/210/169
f 149/180/172 168/212/173 167/213/171
f 150/179/174 169/214/175 168/212/173
f 151/182/176 170/215/177 169/214/175
f 152/184/178 171/216/179 170/215/177
f 153/186/180 172/217/181 171/216/179
f 154/188/182 173/218/183 172/217/181
f 155/190/184 174/219/185 173/218/183
f 156/192/186 175/220/187 174/219/185
f 157/194/188 176/221/189 175/220/187
f 158/199/190 177/222/191 176/223/189
f 159/198/192 178/224/193 177/222/191
f 160/201/194 179/225/195 178/224/193
f 161/203/196 180/226/197 179/225/195
f 162/205/198 163/208/165 180/226/197
f 163/208/165 182/227/199 181/228/200
f 164/207/164 183/229/201 182/227/199
f 165/209/167 184/230/202 183/229/201
f 166/210/169 185/231/203 184/230/202
f 167/213/171 186/232/204 185/233/203
f 168/212/173 187/234/205 186/232/204
f 169/214/175 188/235/206 187/234/205
f 170/215/177 189/236/207 188/235/206
f 171/216/179 190/237/208 189/236/207
f 172/217/181 191/238/209 190/237/208
f 173/218/183 192/239/210 191/238/209
f 174/219/185 193/240/211 192/239/210
f 175/220/187 194/241/212 193/240/211
f 176/223/189 195/242/213 194/243/212
f 177/222/191 196/244/214 195/242/213
f 178/224/193 197/245/215 196/244/214
f 179/225/195 198/246/216 197/245/215
f 180/226/197 181/228/200 198/246/216
s 4
f 415/247/217 417/248/218 418/249/219
s 5
f 421/250/220 425/251/221 426/252/222
f 422/253/223 424/254/224 425/251/221
s 6
f 427/255/225 431/256/226 432/257/227
f 428/258/228 430/259/229 431/256/226
s 7
f 433/260/230 437/261/231 438/262/232
f 434/263/233 436/264/234 437/261/231
s 8
f 439/265/235 443/266/236 444/267/237
f 440/268/238 442/269/239 443/266/236
s 9
f 445/270/240 449/271/241 450/272/242
f 446/273/243 448/274/244 449/271/241
s 10
f 451/275/245 455/276/246 456/277/247
f 452/278/248 454/279/249 455/276/246
s 11
f 457/280/250 461/281/251 462/282/252
f 458/283/253 460/284/254 461/281/251
s 12
f 463/285/255 467/286/256 468/287/257
f 464/288/258 466/289/259 467/286/256
s 4
f 420/290/260 418/249/219 419/291/261
s 13
f 199/292/262 218/293/263 217/294/264
f 200/295/265 219/296/266 218/293/263
f 201/297/267 220/298/268 219/296/266
f 202/299/269 221/300/270 220/298/268
f 203/301/271 222/302/272 221/300/270
f 204/303/273 223/304/274 222/302/272
f 205/305/275 224/306/276 223/304/274
f 206/307/277 225/308/278 224/306/276
f 207/309/279 226/310/280 225/308/278
f 208/311/281 227/312/282 226/310/280
f 209/313/283 228/314/284 227/312/282
f 210/315/285 229/316/286 228/314/284
f 211/317/287 230/318/288 229/316/286
f 212/319/289 231/320/290 230/318/288
f 213/321/291 232/322/292 231/320/290
f 214/323/293 233/324/294 232/322/292
f 215/325/295 234/326/296 233/324/294
f 216/327/297 217/294/264 234/326/296
f 217/294/264 236/328/298 235/329/299
f 218/293/263 237/330/300 236/328/298
f 219/296/266 238/331/301 237/330/300
f 220/298/268 239/332/302 238/331/301
f 221/300/270 240/333/303 239/332/302
f 222/302/272 241/334/304 240/333/303
f 223/304/274 242/335/305 241/334/304
f 224/306/276 243/336/306 242/335/305
f 225/308/278 244/337/307 243/336/306
f 226/310/280 245/338/308 244/337/307
f 227/312/282 246/339/309 245/338/308
f 228/314/284 247/340/310 246/339/309
f 229/316/286 248/341/311 247/340/310
f 230/318/288 249/342/312 248/341/311
f 231/320/290 250/343/313 249/342/312
f 232/322/292 251/344/314 250/343/313
f 233/324/294 252/345/315 251/344/314
f 234/326/296 235/329/299 252/345/315
s 14
f 235/346/316 254/347/317 253/348/318
f 236/349/319 255/350/320 254/347/317
f 237/351/321 256/352/322 255/350/320
f 238/353/323 257/354/324 256/352/322
f 239/355/325 258/356/326 257/354/324
f 240/357/327 259/358/328 258/356/326
f 241/359/329 260/360/330 259/358/328
f 242/361/331 261/362/332 260/360/330
f 243/363/333 262/364/334 261/362/332
f 244/365/335 263/366/336 262/364/334
f 245/367/337 264/368/338 263/366/336
f 246/369/339 265/370/340 264/368/338
f 247/371/341 266/372/342 265/370/340
f 248/373/343 267/374/344 266/372/342
f 249/375/345 268/376/346 267/374/344
f 250/377/347 269/378/348 268/376/346
f 251/379/349 270/380/350 269/378/348
f 252/381/351 253/348/318 270/380/350
f 253/348/318 272/382/352 271/383/353
f 254/347/317 273/384/354 272/382/352
f 255/350/320 274/385/355 273/384/354
f 256/352/322 275/386/356 274/385/355
f 257/354/324 276/387/357 275/386/356
f 258/356/326 277/388/358 276/387/357
f 259/358/328 278/389/359 277/388/358
f 260/360/330 279/390/360 278/389/359
f 261/362/332 280/391/361 279/390/360
f 262/364/334 281/392/362 280/391/361
f 263/366/336 282/393/363 281/392/362
f 264/368/338 283/394/364 282/393/363
f 265/370/340 284/395/365 283/394/364
f 266/372/342 285/396/366 284/395/365
f 267/374/344 286/397/367 285/396/366
f 268/376/346 287/398/368 286/397/367
f 269/378/348 288/399/369 287/398/368
f 270/380/350 271/383/353 288/399/369
f 271/383/353 272/382/352 335/400/370
f 272/382/352 273/384/354 334/401/371
f 273/384/354 274/385/355 333/402/372
f 274/385/355 275/386/356 332/403/373
f 275/386/356 276/387/357 331/404/374
f 276/387/357 277/388/358 330/405/375
f 277/388/358 278/389/359 329/406/376
f 278/389/359 279/390/360 328/407/377
f 279/390/360 280/391/361 327/408/378
f 280/391/361 281/392/362 326/409/379
f 281/392/362 282/393/363 325/410/380
f 282/393/363 283/394/364 342/411/381
f 283/394/364 284/395/365 341/412/382
f 284/395/365 285/396/366 340/413/383
f 285/396/366 286/397/367 339/414/384
f 286/397/367 287/398/368 338/415/385
f 287/398/368 288/399/369 337/416/386
f 288/399/369 271/383/353 336/417/387
f 316/418/388 290/419/389 317/418/390
f 315/418/391 291/420/392 316/418/388
f 314/421/393 292/422/394 315/418/391
f 313/423/395 293/424/396 314/421/393
f 312/418/397 294/425/398 313/423/395
f 311/418/399 295/426/400 312/418/397
f 310/418/401 296/427/402 311/418/399
f 309/418/403 297/428/404 310/418/401
f 308/418/405 298/429/406 309/418/403
f 307/418/407 299/430/408 308/418/405
f 324/418/409 300/431/410 307/418/407
f 323/432/411 301/433/412 324/418/409
f 322/434/413 302/435/414 323/432/411
f 321/418/415 303/436/416 322/434/413
f 320/418/417 304/437/418 321/418/415
f 319/418/419 305/438/420 320/418/417
f 318/418/421 306/439/422 319/418/419
f 317/418/390 289/440/423 318/418/421
f 334/401/371 316/418/388 335/400/370
f 333/402/372 315/418/391 334/401/371
f 332/403/373 314/421/393 333/402/372
f 331/404/374 313/423/395 332/403/373
f 330/405/375 312/418/397 331/404/374
f 329/406/376 311/418/399 330/405/375
f 328/407/377 310/418/401 329/406/376
f 327/408/378 309/418/403 328/407/377
f 326/409/379 308/418/405 327/408/378
f 325/410/380 307/418/407 326/409/379
f 342/411/381 324/418/409 325/410/380
f 341/412/382 323/432/411 342/411/381
f 340/413/383 322/434/413 341/412/382
f 339/414/384 321/418/415 340/413/383
f 338/415/385 320/418/417 339/414/384
f 337/416/386 319/418/419 338/415/385
f 336/417/387 318/418/421 337/416/386
f 335/400/370 317/418/390 336/417/387
f 289/440/423 344/418/424 343/418/425
f 290/419/389 345/441/426 344/418/424
f 291/420/392 346/442/427 345/441/426
f 292/422/394 347/443/428 346/442/427
f 293/424/396 348/444/429 347/443/428
f 294/425/398 349/445/430 348/444/429
f 295/426/400 350/446/431 349/445/430
f 296/427/402 351/418/432 350/446/431
f 297/428/404 352/418/433 351/418/432
f 298/429/406 353/418/434 352/418/433
f 299/430/408 354/447/435 353/418/434
f 300/431/410 355/448/436 354/447/435
f 301/433/412 356/449/437 355/448/436
f 302/435/414 357/450/438 356/449/437
f 303/436/416 358/451/439 357/450/438
f 304/437/418 359/452/440 358/451/439
f 305/438/420 360/418/441 359/452/440
f 306/439/422 343/418/425 360/418/441
f 349/445/430 350/446/431 354/447/435
f 350/446/431 351/418/432 353/418/434
f 355/448/436 356/449/437 348/444/429
f 348/444/429 349/445/430 355/448/436
f 357/450/438 358/451/439 346/442/427
f 346/442/427 347/443/428 357/450/438
f 359/452/440 360/418/441 344/418/424
f 344/418/424 345/441/426 359/452/440
s 13
f 192/453/442 362/454/443 361/455/444
f 193/456/445 363/457/446 362/454/443
f 194/458/447 364/459/448 363/457/446
f 212/319/289 365/460/449 364/459/448
f 211/317/287 366/461/450 365/460/449
f 210/315/285 361/455/444 366/461/450
f 190/462/451 368/463/452 367/464/453
f 191/465/454 369/466/455 368/463/452
f 192/453/442 370/467/456 369/466/455
f 210/315/285 371/468/457 370/467/456
f 209/313/283 372/469/458 371/468/457
f 208/311/281 367/464/453 372/469/458
f 188/470/459 374/471/460 373/472/461
f 189/473/462 375/474/463 374/471/460
f 190/462/451 376/475/464 375/474/463
f 208/311/281 377/476/465 376/475/464
f 207/309/279 378/477/466 377/476/465
f 206/307/277 373/472/461 378/477/466
f 186/478/467 380/479/468 379/480/469
f 187/481/470 381/482/471 380/479/468
f 188/470/459 382/483/472 381/482/471
f 206/307/277 383/484/473 382/483/472
f 205/305/275 384/485/474 383/484/473
f 204/303/273 379/480/469 384/485/474
f 184/486/475 386/487/476 385/488/477
f 185/489/478 387/490/479 386/487/476
f 186/478/467 388/491/480 387/490/479
f 204/303/273 389/492/481 388/491/480
f 203/301/271 390/493/482 389/492/481
f 202/299/269 385/488/477 390/493/482
f 182/494/483 392/495/484 391/496/485
f 183/497/486 393/498/487 392/495/484
f 184/486/475 394/499/488 393/498/487
f 202/299/269 395/500/489 394/499/488
f 201/297/267 396/501/490 395/500/489
f 200/295/265 391/496/485 396/501/490
f 181/502/491 398/503/492 397/504/493
f 182/494/483 399/505/494 398/503/492
f 200/295/265 400/506/495 399/505/494
f 199/292/262 401/507/496 400/506/495
f 216/327/297 402/508/497 401/507/496
f 198/509/498 397/504/493 402/508/497
f 196/510/499 404/511/500 403/512/501
f 197/513/502 405/514/503 404/511/500
f 198/509/498 406/515/504 405/514/503
f 216/327/297 407/516/505 406/515/504
f 215/325/295 408/517/506 407/516/505
f 214/323/293 403/512/501 408/517/506
f 194/458/447 410/518/507 409/519/508
f 195/520/509 411/521/510 410/518/507
f 196/510/499 412/522/511 411/521/510
f 214/323/293 413/523/512 412/522/511
f 213/321/291 414/524/513 413/523/512
f 212/319/289 409/519/508 414/524/513
s 15
f 397/525/514 416/526/515 415/527/516
s 16
f 398/528/517 417/529/517 416/526/517
s 17
f 399/530/518 418/531/519 417/529/520
f 400/532/521 419/533/522 418/531/519
s 18
f 401/534/523 420/535/523 419/533/523
s 15
f 402/536/524 415/537/516 420/535/525
s 19
f 391/538/526 422/539/527 421/540/528
f 392/541/529 423/542/530 422/543/527
s 20
f 393/544/531 424/545/531 423/542/531
s 21
f 394/546/532 425/547/533 424/545/534
f 395/548/535 426/549/536 425/547/533
s 22
f 396/550/537 421/540/537 426/549/537
s 23
f 385/551/538 428/552/539 427/553/540
f 386/554/541 429/555/542 428/556/539
s 24
f 387/557/543 430/558/543 429/555/543
s 25
f 388/559/544 431/560/545 430/558/546
f 389/561/547 432/562/548 431/560/545
s 26
f 390/563/549 427/553/549 432/562/549
s 27
f 379/564/550 434/565/551 433/566/552
f 380/567/553 435/568/554 434/569/551
s 28
f 381/570/555 436/571/556 435/568/555
f 382/572/557 437/573/558 436/571/556
f 383/574/559 438/575/560 437/573/558
s 29
f 384/576/561 433/566/561 438/575/561
s 30
f 373/577/562 440/578/563 439/579/564
f 374/580/565 441/581/566 440/582/563
s 31
f 375/583/567 442/584/567 441/581/567
s 32
f 376/585/568 443/586/569 442/584/570
f 377/587/571 444/588/572 443/586/569
s 33
f 378/589/573 439/579/573 444/588/573
s 34
f 367/590/574 446/591/575 445/592/576
f 368/593/577 447/594/578 446/595/575
s 35
f 369/596/579 448/597/579 447/594/579
s 36
f 370/598/580 449/599/581 448/597/582
f 371/600/583 450/601/584 449/599/581
s 37
f 372/602/585 445/592/585 450/601/585
s 38
f 361/603/586 452/604/587 451/605/588
f 362/606/589 453/607/590 452/608/587
s 39
f 363/609/591 454/610/591 453/607/591
s 40
f 364/611/592 455/612/593 454/610/594
f 365/613/595 456/614/596 455/612/593
s 41
f 366/615/597 451/605/597 456/614/598
s 42
f 409/616/599 458/617/600 457/618/601
f 410/619/602 459/620/603 458/621/600
s 43
f 411/622/604 460/623/605 459/620/604
s 44
f 412/624/606 461/625/607 460/623/608
f 413/626/609 462/627/610 461/625/607
s 45
f 414/628/611 457/618/611 462/627/611
s 46
f 403/629/612 464/630/613 463/631/614
f 404/632/615 465/633/616 464/634/613
s 47
f 405/635/617 466/636/617 465/633/617
s 48
f 406/637/618 467/638/619 466/636/620
f 407/639/621 468/640/622 467/638/619
s 49
f 408/641/623 463/631/623 468/640/623
s 50
f 480/642/624 128/172/624 481/643/625
f 479/644/626 129/174/626 480/642/624
f 478/645/627 130/176/627 479/644/626
f 477/646/628 131/647/628 478/645/627
f 476/648/629 132/181/629 477/649/628
f 475/650/630 133/183/630 476/648/629
f 474/651/631 134/185/631 475/650/630
f 473/652/632 135/187/632 474/651/631
f 472/653/633 136/189/633 473/652/632
f 471/654/634 137/191/634 472/653/633
f 470/655/635 138/193/635 471/654/634
f 469/656/636 139/195/636 470/655/635
f 486/657/637 140/658/637 469/656/636
f 485/659/638 141/200/638 486/660/637
f 484/661/639 142/202/639 485/659/638
f 483/662/640 143/204/640 484/661/639
f 482/663/641 144/206/641 483/662/640
f 481/643/625 127/169/642 482/663/641
s 1
f 498/152/128 480/664/643 499/151/127
f 497/153/129 479/665/644 498/152/128
f 496/154/130 478/666/645 497/153/129
f 495/155/131 477/667/646 496/154/130
f 494/156/132 476/668/647 495/155/131
f 493/157/133 475/669/648 494/156/132
f 492/158/134 474/670/649 493/157/133
f 491/159/135 473/671/650 492/158/134
f 490/160/136 472/672/651 491/159/135
f 489/161/137 471/673/652 490/160/136
f 488/162/138 470/674/653 489/161/137
f 487/163/139 469/675/654 488/162/138
f 504/164/140 486/676/655 487/163/139
f 503/165/141 485/677/656 504/164/140
f 502/166/142 484/678/657 503/165/141
f 501/167/143 483/679/658 502/166/142
f 500/680/144 482/681/659 501/167/143
f 499/151/127 481/682/660 500/168/144
f 2/683/4 505/684/661 506/685/662
f 3/686/6 506/685/662 507/687/663
f 4/688/8 507/687/663 508/689/664
f 5/690/10 508/689/664 509/691/665
f 6/692/12 509/691/665 510/693/666
f 7/694/14 510/693/666 511/695/667
f 8/696/16 511/695/667 512/697/668
f 9/698/18 512/697/668 513/699/669
f 10/700/20 513/699/669 514/701/670
f 11/702/22 514/701/670 515/703/671
f 12/704/24 515/703/671 516/705/672
f 13/706/26 516/705/672 517/707/673
f 14/708/28 517/707/673 518/709/674
f 15/710/30 518/709/674 519/711/675
f 16/712/32 519/711/675 520/713/676
f 17/714/34 520/713/676 521/715/677
f 18/716/36 521/715/677 522/717/678
f 1/718/1 522/719/678 505/684/661
f 506/685/662 505/684/661 573/720/679
f 507/687/663 506/685/662 574/721/680
f 508/689/664 507/687/663 575/722/681
f 509/691/665 508/689/664 576/723/682
f 510/693/666 509/691/665 559/724/683
f 511/695/667 510/693/666 560/725/684
f 512/697/668 511/695/667 561/726/685
f 513/699/669 512/697/668 562/727/686
f 514/701/670 513/699/669 563/728/687
f 515/703/671 514/701/670 564/729/688
f 516/705/672 515/703/671 565/730/689
f 517/707/673 516/705/672 566/731/690
f 518/709/674 517/707/673 567/732/691
f 519/711/675 518/709/674 568/733/692
f 520/713/676 519/711/675 569/734/693
f 521/715/677 520/713/676 570/735/694
f 522/717/678 521/715/677 571/736/695
f 505/684/661 522/719/678 572/737/696
s 51
f 524/738/697 523/739/698 591/740/697
f 525/741/699 524/738/697 592/742/699
f 526/743/700 525/741/699 593/744/700
f 527/745/701 526/743/700 594/746/701
f 528/747/702 527/745/701 577/748/702
f 529/749/703 528/747/702 578/750/703
f 530/751/704 529/749/703 579/752/704
f 531/753/705 530/751/704 580/754/705
f 532/755/706 531/753/705 581/756/707
f 533/757/708 532/755/706 582/758/708
f 534/759/709 533/757/708 583/760/709
f 535/761/710 534/759/709 584/762/710
f 536/763/711 535/761/710 585/764/711
f 537/765/712 536/763/711 586/766/712
f 538/767/713 537/765/712 587/768/713
f 539/769/714 538/767/713 588/770/714
f 540/771/715 539/769/714 589/772/716
f 523/739/698 540/771/715 590/773/698
s 1
f 572/737/696 523/774/717 573/720/679
f 573/720/679 524/775/718 574/721/680
f 574/721/680 525/776/719 575/722/681
f 575/722/681 526/777/720 576/723/682
f 576/723/682 527/778/721 559/724/683
f 559/724/683 528/779/722 560/725/684
f 560/725/684 529/780/723 561/726/685
f 561/726/685 530/781/724 562/727/686
f 562/727/686 531/782/725 563/728/687
f 563/728/687 532/783/726 564/729/688
f 564/729/688 533/784/727 565/730/689
f 565/730/689 534/785/728 566/731/690
f 566/731/690 535/786/729 567/732/691
f 567/732/691 536/787/730 568/733/692
f 568/733/692 537/788/731 569/734/693
f 569/734/693 538/789/732 570/735/694
f 570/735/694 539/790/733 571/736/695
f 571/791/695 540/792/734 572/737/696
s 52
f 590/773/735 541/793/735 591/740/735
f 591/740/735 542/794/735 592/742/735
f 592/742/735 543/795/735 593/744/735
f 593/744/735 544/796/735 594/746/735
f 594/746/735 545/797/735 577/748/735
f 577/748/735 546/798/735 578/750/735
f 578/750/735 547/799/735 579/752/735
f 579/752/735 548/800/735 580/754/735
f 580/754/735 549/801/735 581/756/735
f 581/756/735 550/802/735 582/758/735
f 582/758/735 551/803/735 583/760/735
f 583/760/735 552/804/735 584/762/735
f 584/762/735 553/805/735 585/764/735
f 585/764/735 554/806/735 586/766/735
f 586/766/735 555/807/735 587/768/735
f 587/768/735 556/808/735 588/770/735
f 588/770/735 557/809/735 589/772/735
f 589/772/735 558/810/735 590/773/735
s 53
f 542/794/736 595/811/737 596/812/736
f 543/795/738 596/812/736 597/813/738
f 544/796/739 597/813/738 598/814/739
f 545/797/740 598/814/739 599/815/740
f 546/798/741 599/815/740 600/816/741
f 547/799/742 600/816/741 601/817/742
f 548/800/743 601/817/742 602/818/744
f 549/801/745 602/818/744 603/819/745
f 550/802/746 603/819/745 604/820/746
f 551/803/747 604/820/746 605/821/747
f 552/804/748 605/821/747 606/822/748
f 553/805/749 606/822/748 607/823/749
f 554/806/750 607/823/749 608/824/750
f 555/807/751 608/824/750 609/825/751
f 556/808/752 609/825/751 610/826/752
f 557/809/753 610/826/752 611/827/753
f 558/810/754 611/827/753 612/828/754
f 541/793/737 612/828/754 595/811/737
s 1
f 1/1/1 2/4/4 20/2/2
f 2/4/4 3/6/6 21/5/5
f 3/6/6 4/8/8 22/7/7
f 4/8/8 5/10/10 23/9/9
f 5/10/10 6/12/12 24/11/11
f 6/12/12 7/14/14 25/13/13
f 7/14/14 8/16/16 26/15/15
f 8/16/16 9/18/18 27/17/17
f 9/18/18 10/20/20 28/19/19
f 10/20/20 11/22/22 29/21/21
f 11/22/22 12/24/24 30/23/23
f 12/24/24 13/26/26 31/25/25
f 13/26/26 14/28/28 32/27/27
f 14/28/28 15/30/30 33/29/29
f 15/30/30 16/32/32 34/31/31
f 16/32/32 17/34/34 35/33/33
f 17/34/34 18/829/36 36/35/35
f 18/36/36 1/1/1 19/3/3
f 19/3/3 20/2/2 38/38/37
f 20/2/2 21/5/5 39/40/39
f 21/5/5 22/7/7 40/41/40
f 22/7/7 23/9/9 41/42/41
f 23/9/9 24/11/11 42/43/42
f 24/11/11 25/13/13 43/44/43
f 25/13/13 26/15/15 44/45/44
f 26/15/15 27/17/17 45/46/45
f 27/17/17 28/19/19 46/47/46
f 28/19/19 29/21/21 47/48/47
f 29/21/21 30/23/23 48/49/48
f 30/23/23 31/25/25 49/50/49
f 31/25/25 32/27/27 50/51/50
f 32/27/27 33/29/29 51/52/51
f 33/29/29 34/31/31 52/53/52
f 34/31/31 35/33/33 53/54/53
f 35/33/33 36/35/35 54/55/54
f 36/37/35 19/3/3 37/39/38
f 37/39/38 38/38/37 56/57/55
f 38/38/37 39/40/39 57/59/57
f 39/40/39 40/41/40 58/60/58
f 40/41/40 41/42/41 59/61/59
f 41/42/41 42/43/42 60/62/60
f 42/43/42 43/44/43 61/63/61
f 43/44/43 44/45/44 62/64/62
f 44/45/44 45/46/45 63/65/63
f 45/46/45 46/47/46 64/66/64
f 46/47/46 47/48/47 65/67/65
f 47/48/47 48/49/48 66/68/66
f 48/49/48 49/50/49 67/69/67
f 49/50/49 50/51/50 68/70/68
f 50/51/50 51/52/51 69/71/69
f 51/52/51 52/53/52 70/72/70
f 52/53/52 53/54/53 71/73/71
f 53/54/53 54/55/54 72/74/72
f 54/56/54 37/39/38 55/58/56
f 55/58/56 56/57/55 74/76/73
f 56/57/55 57/59/57 75/78/75
f 57/59/57 58/60/58 76/79/76
f 58/60/58 59/61/59 77/80/77
f 59/61/59 60/62/60 78/81/78
f 60/62/60 61/63/61 79/82/79
f 61/63/61 62/64/62 80/83/80
f 62/64/62 63/65/63 81/84/81
f 63/65/63 64/66/64 82/85/82
f 64/66/64 65/67/65 83/86/83
f 65/67/65 66/68/66 84/87/84
f 66/68/66 67/69/67 85/88/85
f 67/69/67 68/70/68 86/89/86
f 68/70/68 69/71/69 87/90/87
f 69/71/69 70/72/70 88/91/88
f 70/72/70 71/73/71 89/92/89
f 71/73/71 72/74/72 90/93/90
f 72/75/72 55/58/56 73/77/74
f 73/77/74 74/76/73 92/95/91
f 74/76/73 75/78/75 93/97/93
f 75/78/75 76/79/76 94/98/94
f 76/79/76 77/80/77 95/99/95
f 77/80/77 78/81/78 96/100/96
f 78/81/78 79/82/79 97/101/97
f 79/82/79 80/83/80 98/102/98
f 80/83/80 81/84/81 99/103/99
f 81/84/81 82/85/82 100/104/100
f 82/85/82 83/86/83 101/105/101
f 83/86/83 84/87/84 102/106/102
f 84/87/84 85/88/85 103/107/103
f 85/88/85 86/89/86 104/108/104
f 86/89/86 87/90/87 105/109/105
f 87/90/87 88/91/88 106/110/106
f 88/91/88 89/92/89 107/111/107
f 89/92/89 90/93/90 108/112/108
f 90/94/90 73/77/74 91/96/92
f 91/114/92 92/117/91 110/115/109
f 92/117/91 93/119/93 111/118/111
f 93/119/93 94/121/94 112/120/112
f 94/121/94 95/123/95 113/122/113
f 95/123/95 96/125/96 114/124/114
f 96/125/96 97/127/97 115/126/115
f 97/127/97 98/129/98 116/128/116
f 98/129/98 99/131/99 117/130/117
f 99/131/99 100/133/100 118/132/118
f 100/133/100 101/135/101 119/134/119
f 101/135/101 102/137/102 120/136/120
f 102/137/102 103/139/103 121/138/121
f 103/139/103 104/141/104 122/140/122
f 104/141/104 105/143/105 123/142/123
f 105/143/105 106/145/106 124/144/124
f 106/145/106 107/147/107 125/146/125
f 107/147/107 108/830/108 126/148/126
f 108/149/108 91/114/92 109/116/110
f 110/115/109 498/152/128 499/151/127
f 111/118/111 497/153/129 498/152/128
f 112/120/112 496/154/130 497/153/129
f 113/122/113 495/155/131 496/154/130
f 114/124/114 494/156/132 495/155/131
f 115/126/115 493/157/133 494/156/132
f 116/128/116 492/158/134 493/157/133
f 117/130/117 491/159/135 492/158/134
f 118/132/118 490/160/136 491/159/135
f 119/134/119 489/161/137 490/160/136
f 120/136/120 488/162/138 489/161/137
f 121/138/121 487/163/139 488/162/138
f 122/140/122 504/164/140 487/163/139
f 123/142/123 503/165/141 504/164/140
f 124/144/124 502/166/142 503/165/141
f 125/146/125 501/167/143 502/166/142
f 126/148/126 500/680/144 501/167/143
f 109/116/110 499/151/127 500/168/144
s 2
f 127/169/145 128/172/146 146/170/146
f 128/172/146 129/174/147 147/173/147
f 129/174/147 130/176/148 148/175/148
f 130/176/148 131/647/149 149/177/149
f 131/178/149 132/181/150 150/179/150
f 132/181/150 133/183/151 151/182/151
f 133/183/151 134/185/152 152/184/152
f 134/185/152 135/187/153 153/186/153
f 135/187/153 136/189/154 154/188/154
f 136/189/154 137/191/155 155/190/155
f 137/191/155 138/193/156 156/192/156
f 138/193/156 139/195/157 157/194/157
f 139/195/157 140/658/158 158/196/158
f 140/197/158 141/200/159 159/198/159
f 141/200/159 142/202/160 160/201/160
f 142/202/160 143/204/161 161/203/161
f 143/204/161 144/206/162 162/205/162
f 144/206/162 127/169/145 145/171/145
s 3
f 145/171/163 146/170/166 164/207/164
f 146/170/166 147/173/168 165/209/167
f 147/173/168 148/175/170 166/210/169
f 148/175/170 149/177/172 167/211/171
f 149/180/172 150/179/174 168/212/173
f 150/179/174 151/182/176 169/214/175
f 151/182/176 152/184/178 170/215/177
f 152/184/178 153/186/180 171/216/179
f 153/186/180 154/188/182 172/217/181
f 154/188/182 155/190/184 173/218/183
f 155/190/184 156/192/186 174/219/185
f 156/192/186 157/194/188 175/220/187
f 157/194/188 158/196/190 176/221/189
f 158/199/190 159/198/192 177/222/191
f 159/198/192 160/201/194 178/224/193
f 160/201/194 161/203/196 179/225/195
f 161/203/196 162/205/198 180/226/197
f 162/205/198 145/171/163 163/208/165
f 163/208/165 164/207/164 182/227/199
f 164/207/164 165/209/167 183/229/201
f 165/209/167 166/210/169 184/230/202
f 166/210/169 167/211/171 185/231/203
f 167/213/171 168/212/173 186/232/204
f 168/212/173 169/214/175 187/234/205
f 169/214/175 170/215/177 188/235/206
f 170/215/177 171/216/179 189/236/207
f 171/216/179 172/217/181 190/237/208
f 172/217/181 173/218/183 191/238/209
f 173/218/183 174/219/185 192/239/210
f 174/219/185 175/220/187 193/240/211
f 175/220/187 176/221/189 194/241/212
f 176/223/189 177/222/191 195/242/213
f 177/222/191 178/224/193 196/244/214
f 178/224/193 179/225/195 197/245/215
f 179/225/195 180/226/197 198/246/216
f 180/226/197 163/208/165 181/228/200
s 4
f 415/247/217 416/831/755 417/248/218
s 5
f 421/250/220 422/253/223 425/251/221
f 422/253/223 423/832/756 424/254/224
s 6
f 427/255/225 428/258/228 431/256/226
f 428/258/228 429/833/757 430/259/229
s 7
f 433/260/230 434/263/233 437/261/231
f 434/263/233 435/834/758 436/264/234
s 8
f 439/265/235 440/268/238 443/266/236
f 440/268/238 441/835/759 442/269/239
s 9
f 445/270/240 446/273/243 449/271/241
f 446/273/243 447/836/760 448/274/244
s 10
f 451/275/245 452/278/248 455/276/246
f 452/278/248 453/837/761 454/279/249
s 11
f 457/280/250 458/283/253 461/281/251
f 458/283/253 459/838/762 460/284/254
s 12
f 463/285/255 464/288/258 467/286/256
f 464/288/258 465/839/763 466/289/259
s 4
f 420/290/260 415/247/217 418/249/219
s 13
f 199/292/262 200/295/265 218/293/263
f 200/295/265 201/297/267 219/296/266
f 201/297/267 202/299/269 220/298/268
f 202/299/269 203/301/271 221/300/270
f 203/301/271 204/303/273 222/302/272
f 204/303/273 205/305/275 223/304/274
f 205/305/275 206/307/277 224/306/276
f 206/307/277 207/309/279 225/308/278
f 207/309/279 208/311/281 226/310/280
f 208/311/281 209/313/283 227/312/282
f 209/313/283 210/315/285 228/314/284
f 210/315/285 211/317/287 229/316/286
f 211/317/287 212/319/289 230/318/288
f 212/319/289 213/321/291 231/320/290
f 213/321/291 214/323/293 232/322/292
f 214/323/293 215/325/295 233/324/294
f 215/325/295 216/327/297 234/326/296
f 216/327/297 199/292/262 217/294/264
f 217/294/264 218/293/263 236/328/298
f 218/293/263 219/296/266 237/330/300
f 219/296/266 220/298/268 238/331/301
f 220/298/268 221/300/270 239/332/302
f 221/300/270 222/302/272 240/333/303
f 222/302/272 223/304/274 241/334/304
f 223/304/274 224/306/276 242/335/305
f 224/306/276 225/308/278 243/336/306
f 225/308/278 226/310/280 244/337/307
f 226/310/280 227/312/282 245/338/308
f 227/312/282 228/314/284 246/339/309
f 228/314/284 229/316/286 247/340/310
f 229/316/286 230/318/288 248/341/311
f 230/318/288 231/320/290 249/342/312
f 231/320/290 232/322/292 250/343/313
f 232/322/292 233/324/294 251/344/314
f 233/324/294 234/326/296 252/345/315
f 234/326/296 217/294/264 235/329/299
s 14
f 235/346/316 236/349/319 254/347/317
f 236/349/319 237/351/321 255/350/320
f 237/351/321 238/353/323 256/352/322
f 238/353/323 239/355/325 257/354/324
f 239/355/325 240/357/327 258/356/326
f 240/357/327 241/359/329 259/358/328
f 241/359/329 242/361/331 260/360/330
f 242/361/331 243/363/333 261/362/332
f 243/363/333 244/365/335 262/364/334
f 244/365/335 245/367/337 263/366/336
f 245/367/337 246/369/339 264/368/338
f 246/369/339 247/371/341 265/370/340
f 247/371/341 248/373/343 266/372/342
f 248/373/343 249/375/345 267/374/344
f 249/375/345 250/377/347 268/376/346
f 250/377/347 251/379/349 269/378/348
f 251/379/349 252/381/351 270/380/350
f 252/381/351 235/346/316 253/348/318
f 253/348/318 254/347/317 272/382/352
f 254/347/317 255/350/320 273/384/354
f 255/350/320 256/352/322 274/385/355
f 256/352/322 257/354/324 275/386/356
f 257/354/324 258/356/326 276/387/357
f 258/356/326 259/358/328 277/388/358
f 259/358/328 260/360/330 278/389/359
f 260/360/330 261/362/332 279/390/360
f 261/362/332 262/364/334 280/391/361
f 262/364/334 263/366/336 281/392/362
f 263/366/336 264/368/338 282/393/363
f 264/368/338 265/370/340 283/394/364
f 265/370/340 266/372/342 284/395/365
f 266/372/342 267/374/344 285/396/366
f 267/374/344 268/376/346 286/397/367
f 268/376/346 269/378/348 287/398/368
f 269/378/348 270/380/350 288/399/369
f 270/380/350 253/348/318 271/383/353
f 272/382/352 334/401/371 335/400/370
f 273/384/354 333/402/372 334/401/371
f 274/385/355 332/403/373 333/402/372
f 275/386/356 331/404/374 332/403/373
f 276/387/357 330/405/375 331/404/374
f 277/388/358 329/406/376 330/405/375
f 278/389/359 328/407/377 329/406/376
f 279/390/360 327/408/378 328/407/377
f 280/391/361 326/409/379 327/408/378
f 281/392/362 325/410/380 326/409/379
f 282/393/363 342/411/381 325/410/380
f 283/394/364 341/412/382 342/411/381
f 284/395/365 340/413/383 341/412/382
f 285/396/366 339/414/384 340/413/383
f 286/397/367 338/415/385 339/414/384
f 287/398/368 337/416/386 338/415/385
f 288/399/369 336/417/387 337/416/386
f 271/383/353 335/400/370 336/417/387
f 290/419/389 289/440/423 317/418/390
f 291/420/392 290/419/389 316/418/388
f 292/422/394 291/420/392 315/418/391
f 293/424/396 292/422/394 314/421/393
f 294/425/398 293/424/396 313/423/395
f 295/426/400 294/425/398 312/418/397
f 296/427/402 295/426/400 311/418/399
f 297/428/404 296/427/402 310/418/401
f 298/429/406 297/428/404 309/418/403
f 299/430/408 298/429/406 308/418/405
f 300/431/410 299/430/408 307/418/407
f 301/433/412 300/431/410 324/418/409
f 302/435/414 301/433/412 323/432/411
f 303/436/416 302/435/414 322/434/413
f 304/437/418 303/436/416 321/418/415
f 305/438/420 304/437/418 320/418/417
f 306/439/422 305/438/420 319/418/419
f 289/440/423 306/439/422 318/418/421
f 316/418/388 317/418/390 335/400/370
f 315/418/391 316/418/388 334/401/371
f 314/421/393 315/418/391 333/402/372
f 313/423/395 314/421/393 332/403/373
f 312/418/397 313/423/395 331/404/374
f 311/418/399 312/418/397 330/405/375
f 310/418/401 311/418/399 329/406/376
f 309/418/403 310/418/401 328/407/377
f 308/418/405 309/418/403 327/408/378
f 307/418/407 308/418/405 326/409/379
f 324/418/409 307/418/407 325/410/380
f 323/432/411 324/418/409 342/411/381
f 322/434/413 323/432/411 341/412/382
f 321/418/415 322/434/413 340/413/383
f 320/418/417 321/418/415 339/414/384
f 319/418/419 320/418/417 338/415/385
f 318/418/421 319/418/419 337/416/386
f 317/418/390 318/418/421 336/417/387
f 289/440/423 290/419/389 344/418/424
f 290/419/389 291/420/392 345/441/426
f 291/420/392 292/422/394 346/442/427
f 292/422/394 293/424/396 347/443/428
f 293/424/396 294/425/398 348/444/429
f 294/425/398 295/426/400 349/445/430
f 295/426/400 296/427/402 350/446/431
f 296/427/402 297/428/404 351/418/432
f 297/428/404 298/429/406 352/418/433
f 298/429/406 299/430/408 353/418/434
f 299/430/408 300/431/410 354/447/435
f 300/431/410 301/433/412 355/448/436
f 301/433/412 302/435/414 356/449/437
f 302/435/414 303/436/416 357/450/438
f 303/436/416 304/437/418 358/451/439
f 304/437/418 305/438/420 359/452/440
f 305/438/420 306/439/422 360/418/441
f 306/439/422 289/440/423 343/418/425
f 350/446/431 353/418/434 354/447/435
f 351/418/432 352/418/433 353/418/434
f 356/449/437 347/443/428 348/444/429
f 349/445/430 354/447/435 355/448/436
f 358/451/439 345/441/426 346/442/427
f 347/443/428 356/449/437 357/450/438
f 360/418/441 343/418/425 344/418/424
f 345/441/426 358/451/439 359/452/440
s 13
f 192/453/442 193/456/445 362/454/443
f 193/456/445 194/458/447 363/457/446
f 194/458/447 212/319/289 364/459/448
f 212/319/289 211/317/287 365/460/449
f 211/317/287 210/315/285 366/461/450
f 210/315/285 192/453/442 361/455/444
f 190/462/451 191/465/454 368/463/452
f 191/465/454 192/453/442 369/466/455
f 192/453/442 210/315/285 370/467/456
f 210/315/285 209/313/283 371/468/457
f 209/313/283 208/311/281 372/469/458
f 208/311/281 190/462/451 367/464/453
f 188/470/459 189/473/462 374/471/460
f 189/473/462 190/462/451 375/474/463
f 190/462/451 208/311/281 376/475/464
f 208/311/281 207/309/279 377/476/465
f 207/309/279 206/307/277 378/477/466
f 206/307/277 188/470/459 373/472/461
f 186/478/467 187/481/470 380/479/468
f 187/481/470 188/470/459 381/482/471
f 188/470/459 206/307/277 382/483/472
f 206/307/277 205/305/275 383/484/473
f 205/305/275 204/303/273 384/485/474
f 204/303/273 186/478/467 379/480/469
f 184/486/475 185/489/478 386/487/476
f 185/489/478 186/478/467 387/490/479
f 186/478/467 204/303/273 388/491/480
f 204/303/273 203/301/271 389/492/481
f 203/301/271 202/299/269 390/493/482
f 202/299/269 184/486/475 385/488/477
f 182/494/483 183/497/486 392/495/484
f 183/497/486 184/486/475 393/498/487
f 184/486/475 202/299/269 394/499/488
f 202/299/269 201/297/267 395/500/489
f 201/297/267 200/295/265 396/501/490
f 200/295/265 182/494/483 391/496/485
f 181/502/491 182/494/483 398/503/492
f 182/494/483 200/295/265 399/505/494
f 200/295/265 199/292/262 400/506/495
f 199/292/262 216/327/297 401/507/496
f 216/327/297 198/509/498 402/508/497
f 198/509/498 181/502/491 397/504/493
f 196/510/499 197/513/502 404/511/500
f 197/513/502 198/509/498 405/514/503
f 198/509/498 216/327/297 406/515/504
f 216/327/297 215/325/295 407/516/505
f 215/325/295 214/323/293 408/517/506
f 214/323/293 196/510/499 403/512/501
f 194/458/447 195/520/509 410/518/507
f 195/520/509 196/510/499 411/521/510
f 196/510/499 214/323/293 412/522/511
f 214/323/293 213/321/291 413/523/512
f 213/321/291 212/319/289 414/524/513
f 212/319/289 194/458/447 409/519/508
s 15
f 397/525/514 398/528/764 416/526/515
s 16
f 398/528/517 399/530/517 417/529/517
s 17
f 399/530/518 400/532/521 418/531/519
f 400/532/521 401/534/765 419/533/522
s 18
f 401/534/523 402/536/523 420/535/523
s 15
f 402/536/524 397/840/514 415/537/516
s 19
f 391/538/526 392/841/529 422/539/527
f 392/541/529 393/544/766 423/542/530
s 20
f 393/544/531 394/546/531 424/545/531
s 21
f 394/546/532 395/548/535 425/547/533
f 395/548/535 396/550/767 426/549/536
s 22
f 396/550/537 391/538/537 421/540/537
s 23
f 385/551/538 386/842/541 428/552/539
f 386/554/541 387/557/768 429/555/542
s 24
f 387/557/543 388/559/543 430/558/543
s 25
f 388/559/544 389/561/547 431/560/545
f 389/561/547 390/563/769 432/562/548
s 26
f 390/563/549 385/551/549 427/553/549
s 27
f 379/564/550 380/843/553 434/565/551
f 380/567/553 381/570/770 435/568/554
s 28
f 381/570/555 382/572/557 436/571/556
f 382/572/557 383/574/559 437/573/558
f 383/574/559 384/576/771 438/575/560
s 29
f 384/576/561 379/564/561 433/566/561
s 30
f 373/577/562 374/844/565 440/578/563
f 374/580/565 375/583/772 441/581/566
s 31
f 375/583/567 376/585/567 442/584/567
s 32
f 376/585/568 377/587/571 443/586/569
f 377/587/571 378/589/773 444/588/572
s 33
f 378/589/573 373/577/573 439/579/573
s 34
f 367/590/574 368/845/577 446/591/575
f 368/593/577 369/596/774 447/594/578
s 35
f 369/596/579 370/598/579 448/597/579
s 36
f 370/598/580 371/600/583 449/599/581
f 371/600/583 372/602/775 450/601/584
s 37
f 372/602/585 367/590/585 445/592/585
s 38
f 361/603/586 362/846/589 452/604/587
f 362/606/589 363/609/776 453/607/590
s 39
f 363/609/591 364/611/591 454/610/591
s 40
f 364/611/592 365/613/595 455/612/593
f 365/613/595 366/615/777 456/614/596
s 41
f 366/615/597 361/603/597 451/605/597
s 42
f 409/616/599 410/847/602 458/617/600
f 410/619/602 411/622/778 459/620/603
s 43
f 411/622/604 412/624/605 460/623/605
s 44
f 412/624/606 413/626/609 461/625/607
f 413/626/609 414/628/779 462/627/610
s 45
f 414/628/611 409/616/611 457/618/611
s 46
f 403/629/612 404/848/615 464/630/613
f 404/632/615 405/635/780 465/633/616
s 47
f 405/635/617 406/637/617 466/636/617
s 48
f 406/637/618 407/639/621 467/638/619
f 407/639/621 408/641/781 468/640/622
s 49
f 408/641/623 403/629/623 463/631/623
s 50
f 128/172/624 127/169/642 481/643/625
f 129/174/626 128/172/624 480/642/624
f 130/176/627 129/174/626 479/644/626
f 131/647/628 130/176/627 478/645/627
f 132/181/629 131/178/628 477/649/628
f 133/183/630 132/181/629 476/648/629
f 134/185/631 133/183/630 475/650/630
f 135/187/632 134/185/631 474/651/631
f 136/189/633 135/187/632 473/652/632
f 137/191/634 136/189/633 472/653/633
f 138/193/635 137/191/634 471/654/634
f 139/195/636 138/193/635 470/655/635
f 140/658/637 139/195/636 469/656/636
f 141/200/638 140/197/637 486/660/637
f 142/202/639 141/200/638 485/659/638
f 143/204/640 142/202/639 484/661/639
f 144/206/641 143/204/640 483/662/640
f 127/169/642 144/206/641 482/663/641
s 1
f 480/664/643 481/682/660 499/151/127
f 479/665/644 480/664/643 498/152/128
f 478/666/645 479/665/644 497/153/129
f 477/667/646 478/666/645 496/154/130
f 476/668/647 477/667/646 495/155/131
f 475/669/648 476/668/647 494/156/132
f 474/670/649 475/669/648 493/157/133
f 473/671/650 474/670/649 492/158/134
f 472/672/651 473/671/650 491/159/135
f 471/673/652 472/672/651 490/160/136
f 470/674/653 471/673/652 489/161/137
f 469/675/654 470/674/653 488/162/138
f 486/676/655 469/675/654 487/163/139
f 485/677/656 486/676/655 504/164/140
f 484/678/657 485/677/656 503/165/141
f 483/679/658 484/678/657 502/166/142
f 482/681/659 483/679/658 501/167/143
f 481/682/660 482/849/659 500/168/144
f 2/683/4 1/718/1 505/684/661
f 3/686/6 2/683/4 506/685/662
f 4/688/8 3/686/6 507/687/663
f 5/690/10 4/688/8 508/689/664
f 6/692/12 5/690/10 509/691/665
f 7/694/14 6/692/12 510/693/666
f 8/696/16 7/694/14 511/695/667
f 9/698/18 8/696/16 512/697/668
f 10/700/20 9/698/18 513/699/669
f 11/702/22 10/700/20 514/701/670
f 12/704/24 11/702/22 515/703/671
f 13/706/26 12/704/24 516/705/672
f 14/708/28 13/706/26 517/707/673
f 15/710/30 14/708/28 518/709/674
f 16/712/32 15/710/30 519/711/675
f 17/714/34 16/712/32 520/713/676
f 18/716/36 17/714/34 521/715/677
f 1/718/1 18/850/36 522/719/678
f 505/684/661 572/737/696 573/720/679
f 506/685/662 573/720/679 574/721/680
f 507/687/663 574/721/680 575/722/681
f 508/689/664 575/722/681 576/723/682
f 509/691/665 576/723/682 559/724/683
f 510/693/666 559/724/683 560/725/684
f 511/695/667 560/725/684 561/726/685
f 512/697/668 561/726/685 562/727/686
f 513/699/669 562/727/686 563/728/687
f 514/701/670 563/728/687 564/729/688
f 515/703/671 564/729/688 565/730/689
f 516/705/672 565/730/689 566/731/690
f 517/707/673 566/731/690 567/732/691
f 518/709/674 567/732/691 568/733/692
f 519/711/675 568/733/692 569/734/693
f 520/713/676 569/734/693 570/735/694
f 521/715/677 570/735/694 571/736/695
f 522/719/678 571/791/695 572/737/696
s 51
f 523/739/698 590/773/698 591/740/697
f 524/738/697 591/740/697 592/742/699
f 525/741/699 592/742/699 593/744/700
f 526/743/700 593/744/700 594/746/701
f 527/745/701 594/746/701 577/748/702
f 528/747/702 577/748/702 578/750/703
f 529/749/703 578/750/703 579/752/704
f 530/751/704 579/752/704 580/754/705
f 531/753/705 580/754/705 581/756/707
f 532/755/706 581/756/707 582/758/708
f 533/757/708 582/758/708 583/760/709
f 534/759/709 583/760/709 584/762/710
f 535/761/710 584/762/710 585/764/711
f 536/763/711 585/764/711 586/766/712
f 537/765/712 586/766/712 587/768/713
f 538/767/713 587/768/713 588/770/714
f 539/769/714 588/770/714 589/772/716
f 540/771/715 589/772/716 590/773/698
s 1
f 523/774/717 524/775/718 573/720/679
f 524/775/718 525/776/719 574/721/680
f 525/776/719 526/777/720 575/722/681
f 526/777/720 527/778/721 576/723/682
f 527/778/721 528/779/722 559/724/683
f 528/779/722 529/780/723 560/725/684
f 529/780/723 530/781/724 561/726/685
f 530/781/724 531/782/725 562/727/686
f 531/782/725 532/783/726 563/728/687
f 532/783/726 533/784/727 564/729/688
f 533/784/727 534/785/728 565/730/689
f 534/785/728 535/786/729 566/731/690
f 535/786/729 536/787/730 567/732/691
f 536/787/730 537/788/731 568/733/692
f 537/788/731 538/789/732 569/734/693
f 538/789/732 539/790/733 570/735/694
f 539/790/733 540/851/734 571/736/695
f 540/792/734 523/774/717 572/737/696
s 52
f 541/793/735 542/794/735 591/740/735
f 542/794/735 543/795/735 592/742/735
f 543/795/735 544/796/735 593/744/735
f 544/796/735 545/797/735 594/746/735
f 545/797/735 546/798/735 577/748/735
f 546/798/735 547/799/735 578/750/735
f 547/799/735 548/800/735 579/752/735
f 548/800/735 549/801/735 580/754/735
f 549/801/735 550/802/735 581/756/735
f 550/802/735 551/803/735 582/758/735
f 551/803/735 552/804/735 583/760/735
f 552/804/735 553/805/735 584/762/735
f 553/805/735 554/806/735 585/764/735
f 554/806/735 555/807/735 586/766/735
f 555/807/735 556/808/735 587/768/735
f 556/808/735 557/809/735 588/770/735
f 557/809/735 558/810/735 589/772/735
f 558/810/735 541/793/735 590/773/735
s 53
f 542/794/736 541/793/737 595/811/737
f 543/795/738 542/794/736 596/812/736
f 544/796/739 543/795/738 597/813/738
f 545/797/740 544/796/739 598/814/739
f 546/798/741 545/797/740 599/815/740
f 547/799/742 546/798/741 600/816/741
f 548/800/743 547/799/742 601/817/742
f 549/801/745 548/800/743 602/818/744
f 550/802/746 549/801/745 603/819/745
f 551/803/747 550/802/746 604/820/746
f 552/804/748 551/803/747 605/821/747
f 553/805/749 552/804/748 606/822/748
f 554/806/750 553/805/749 607/823/749
f 555/807/751 554/806/750 608/824/750
f 556/808/752 555/807/751 609/825/751
f 557/809/753 556/808/752 610/826/752
f 558/810/754 557/809/753 611/827/753
f 541/793/737 558/810/754 612/828/754
