# Blender 4.5.3 LTS
# www.blender.org
mtllib coche_rueda_izquierda_1.mtl
g llanta_izquierda_1_Mesh
v 0.484277 -2.533421 -1.312989
v 1.313424 -2.231633 -1.316139
v 1.989351 -1.664460 -1.318707
v 2.430530 -0.900308 -1.320384
v 2.583750 -0.031347 -1.320966
v 2.430530 0.837614 -1.320384
v 1.989350 1.601765 -1.318707
v 1.313423 2.168939 -1.316139
v 0.484277 2.470726 -1.312989
v -0.398083 2.470725 -1.309636
v -1.227230 2.168939 -1.306486
v -1.903156 1.601766 -1.303918
v -2.344337 0.837614 -1.302242
v -2.497556 -0.031347 -1.301660
v -2.344337 -0.900308 -1.302242
v -1.903157 -1.664459 -1.303918
v -1.227231 -2.231633 -1.306486
v -0.398085 -2.533420 -1.309636
v 0.520156 -2.726520 -0.831295
v 1.413292 -2.401442 -0.834689
v 2.141384 -1.790496 -0.837455
v 2.616612 -0.967371 -0.839261
v 2.781657 -0.031347 -0.839888
v 2.616611 0.904676 -0.839261
v 2.141383 1.727801 -0.837455
v 1.413291 2.338747 -0.834689
v 0.520156 2.663825 -0.831295
v -0.430300 2.663825 -0.827684
v -1.323437 2.338747 -0.824290
v -2.051529 1.727801 -0.821524
v -2.526756 0.904677 -0.819719
v -2.691803 -0.031347 -0.819091
v -2.526758 -0.967370 -0.819719
v -2.051530 -1.790495 -0.821524
v -1.323438 -2.401441 -0.824291
v -0.430302 -2.726520 -0.827684
v 0.532220 -2.784560 -0.349512
v 1.444591 -2.452482 -0.352978
v 2.188362 -1.828379 -0.355804
v 2.673824 -0.987528 -0.357648
v 2.842422 -0.031347 -0.358289
v 2.673822 0.924834 -0.357648
v 2.188361 1.765684 -0.355803
v 1.444591 2.389788 -0.352978
v 0.532220 2.721865 -0.349512
v -0.438704 2.721865 -0.345823
v -1.351074 2.389787 -0.342356
v -2.094846 1.765685 -0.339530
v -2.580307 0.924834 -0.337686
v -2.748908 -0.031347 -0.337045
v -2.580308 -0.987528 -0.337686
v -2.094846 -1.828378 -0.339530
v -1.351076 -2.452481 -0.342356
v -0.438706 -2.784561 -0.345823
v 0.534051 -2.784560 0.132312
v 1.446422 -2.452482 0.128845
v 2.190193 -1.828379 0.126019
v 2.675655 -0.987528 0.124175
v 2.844254 -0.031348 0.123534
v 2.675653 0.924833 0.124175
v 2.190192 1.765684 0.126019
v 1.446421 2.389788 0.128845
v 0.534051 2.721865 0.132311
v -0.436873 2.721865 0.136000
v -1.349244 2.389787 0.139467
v -2.093014 1.765685 0.142293
v -2.578476 0.924834 0.144137
v -2.747076 -0.031347 0.144777
v -2.578477 -0.987528 0.144137
v -2.093015 -1.828378 0.142293
v -1.349245 -2.452481 0.139467
v -0.436874 -2.784561 0.136001
v 0.525648 -2.726520 0.614173
v 1.418785 -2.401442 0.610779
v 2.146876 -1.790496 0.608013
v 2.622104 -0.967371 0.606207
v 2.787149 -0.031347 0.605581
v 2.622103 0.904676 0.606207
v 2.146875 1.727801 0.608013
v 1.418783 2.338747 0.610779
v 0.525648 2.663825 0.614173
v -0.424808 2.663825 0.617785
v -1.317945 2.338747 0.621178
v -2.046037 1.727801 0.623944
v -2.521265 0.904677 0.625750
v -2.686311 -0.031347 0.626377
v -2.521266 -0.967370 0.625750
v -2.046038 -1.790495 0.623944
v -1.317946 -2.401442 0.621178
v -0.424810 -2.726520 0.617784
v 0.490593 -2.517331 1.096136
v 1.314408 -2.217485 1.093006
v 1.985988 -1.653958 1.090454
v 2.424330 -0.894720 1.088789
v 2.576566 -0.031347 1.088210
v 2.424330 0.832026 1.088789
v 1.985987 1.591263 1.090454
v 1.314408 2.154790 1.093006
v 0.490593 2.454636 1.096136
v -0.386092 2.454636 1.099467
v -1.209907 2.154790 1.102597
v -1.881487 1.591263 1.105149
v -2.319829 0.832026 1.106814
v -2.472065 -0.031347 1.107392
v -2.319831 -0.894720 1.106814
v -1.881488 -1.653957 1.105149
v -1.209908 -2.217484 1.102597
v -0.386094 -2.517331 1.099466
v 0.392333 -1.954494 1.355035
v 1.029633 -1.722534 1.352614
v 1.549165 -1.286592 1.350640
v 1.888264 -0.699249 1.349351
v 2.006032 -0.031347 1.348904
v 1.888264 0.636555 1.349351
v 1.549164 1.223898 1.350640
v 1.029633 1.659840 1.352614
v 0.392333 1.891799 1.355035
v -0.285868 1.891799 1.357613
v -0.923168 1.659839 1.360033
v -1.442699 1.223898 1.362007
v -1.781800 0.636555 1.363296
v -1.899568 -0.031347 1.363743
v -1.781801 -0.699249 1.363296
v -1.442700 -1.286592 1.362007
v -0.923169 -1.722534 1.360033
v -0.285869 -1.954494 1.357612
v 0.325548 -1.575922 1.345213
v 0.837387 -1.389627 1.343267
v 1.254642 -1.039505 1.341683
v 1.526985 -0.567790 1.340648
v 1.621569 -0.031373 1.340288
v 1.526984 0.505043 1.340648
v 1.254641 0.976760 1.341683
v 0.837387 1.326881 1.343267
v 0.325548 1.513175 1.345213
v -0.219139 1.513174 1.347281
v -0.730978 1.326880 1.349227
v -1.148232 0.976760 1.350812
v -1.420576 0.505043 1.351847
v -1.515161 -0.031373 1.352207
v -1.420577 -0.567790 1.351847
v -1.148233 -1.039506 1.350812
v -0.730978 -1.389627 1.349227
v -0.219140 -1.575922 1.347281
v 0.301788 -1.442184 1.298081
v 0.769308 -1.272020 1.296304
v 1.150434 -0.952215 1.294856
v 1.399195 -0.521343 1.293911
v 1.485590 -0.031373 1.293583
v 1.399195 0.458596 1.293911
v 1.150433 0.889469 1.294857
v 0.769308 1.209273 1.296304
v 0.301788 1.379437 1.298081
v -0.195737 1.379436 1.299971
v -0.663257 1.209273 1.301747
v -1.044383 0.889468 1.303195
v -1.293145 0.458596 1.304141
v -1.379540 -0.031373 1.304469
v -1.293146 -0.521343 1.304141
v -1.044384 -0.952214 1.303195
v -0.663259 -1.272019 1.301747
v -0.195738 -1.442185 1.299970
v 0.269428 -1.265535 0.979286
v 0.678410 -1.116677 0.977733
v 1.011815 -0.836915 0.976466
v 1.229428 -0.459993 0.975638
v 1.305005 -0.031373 0.975351
v 1.229428 0.397247 0.975638
v 1.011814 0.774169 0.976466
v 0.678409 1.053931 0.977733
v 0.269428 1.202789 0.979286
v -0.165801 1.202788 0.980940
v -0.574782 1.053931 0.982493
v -0.908188 0.774169 0.983761
v -1.125802 0.397247 0.984588
v -1.201379 -0.031373 0.984875
v -1.125802 -0.459993 0.984588
v -0.908187 -0.836915 0.983760
v -0.574783 -1.116677 0.982493
v -0.165802 -1.265535 0.980940
v 0.269187 -1.265535 0.916119
v 0.678169 -1.116677 0.914565
v 1.011575 -0.836915 0.913299
v 1.229188 -0.459993 0.912471
v 1.304765 -0.031373 0.912184
v 1.229187 0.397247 0.912471
v 1.011573 0.774169 0.913299
v 0.678168 1.053931 0.914565
v 0.269188 1.202789 0.916119
v -0.166041 1.202788 0.917772
v -0.575023 1.053931 0.919326
v -0.908428 0.774169 0.920594
v -1.126041 0.397247 0.921420
v -1.201619 -0.031373 0.921707
v -1.126042 -0.459993 0.921420
v -0.908428 -0.836915 0.920593
v -0.575024 -1.116677 0.919326
v -0.166042 -1.265535 0.917772
v 0.126984 -0.460611 0.844408
v 0.269228 -0.408839 0.843868
v 0.385185 -0.311538 0.843427
v 0.460869 -0.180447 0.843140
v 0.487155 -0.031374 0.843040
v 0.460870 0.117700 0.843140
v 0.385184 0.248792 0.843427
v 0.269228 0.346093 0.843868
v 0.126986 0.397865 0.844408
v -0.024387 0.397865 0.844984
v -0.166630 0.346092 0.845524
v -0.282587 0.248792 0.845964
v -0.358272 0.117700 0.846252
v -0.384558 -0.031374 0.846352
v -0.358273 -0.180446 0.846252
v -0.282587 -0.311539 0.845964
v -0.166630 -0.408839 0.845524
v -0.024388 -0.460611 0.844984
v 0.106771 -0.346438 0.822995
v 0.211179 -0.308437 0.822598
v 0.296293 -0.237017 0.822274
v 0.351847 -0.140795 0.822063
v 0.371140 -0.031374 0.821990
v 0.351846 0.078048 0.822063
v 0.296292 0.174271 0.822274
v 0.211179 0.245691 0.822598
v 0.106772 0.283692 0.822995
v -0.004337 0.283692 0.823417
v -0.108746 0.245690 0.823814
v -0.193858 0.174272 0.824137
v -0.249412 0.078048 0.824348
v -0.268706 -0.031374 0.824421
v -0.249412 -0.140795 0.824348
v -0.193859 -0.237018 0.824137
v -0.108745 -0.308437 0.823814
v -0.004338 -0.346439 0.823417
v 0.091324 -0.259999 0.769130
v 0.167088 -0.232424 0.768842
v 0.228851 -0.180598 0.768607
v 0.269163 -0.110775 0.768454
v 0.283163 -0.031374 0.768401
v 0.269163 0.048028 0.768454
v 0.228850 0.117852 0.768607
v 0.167088 0.169677 0.768842
v 0.091325 0.197252 0.769130
v 0.010699 0.197252 0.769436
v -0.065064 0.169677 0.769724
v -0.126825 0.117852 0.769959
v -0.167138 0.048028 0.770112
v -0.181139 -0.031374 0.770165
v -0.167138 -0.110774 0.770112
v -0.126826 -0.180599 0.769959
v -0.065064 -0.232424 0.769724
v 0.010699 -0.260000 0.769436
v 0.083196 -0.211907 0.861552
v 0.143023 -0.190132 0.861324
v 0.191794 -0.149209 0.861139
v 0.223626 -0.094073 0.861018
v 0.234682 -0.031374 0.860976
v 0.223626 0.031326 0.861018
v 0.191793 0.086462 0.861139
v 0.143023 0.127386 0.861324
v 0.083197 0.149161 0.861552
v 0.019531 0.149161 0.861794
v -0.040296 0.127385 0.862021
v -0.089066 0.086462 0.862206
v -0.120899 0.031326 0.862328
v -0.131955 -0.031374 0.862370
v -0.120899 -0.094072 0.862328
v -0.089066 -0.149209 0.862206
v -0.040296 -0.190132 0.862021
v 0.019530 -0.211908 0.861794
v 0.073599 -0.155846 0.937419
v 0.114848 -0.140832 0.937263
v 0.148473 -0.112617 0.937135
v 0.170421 -0.074603 0.937051
v 0.178043 -0.031374 0.937022
v 0.170421 0.011856 0.937051
v 0.148473 0.049870 0.937135
v 0.114847 0.078086 0.937263
v 0.073600 0.093099 0.937419
v 0.029704 0.093099 0.937586
v -0.011545 0.078086 0.937743
v -0.045170 0.049871 0.937871
v -0.067118 0.011855 0.937954
v -0.074740 -0.031374 0.937983
v -0.067118 -0.074602 0.937954
v -0.045170 -0.112617 0.937871
v -0.011545 -0.140833 0.937743
v 0.029704 -0.155846 0.937586
v 0.058076 -0.065895 1.026275
v 0.069516 -0.061731 1.026231
v 0.078842 -0.053906 1.026196
v 0.084929 -0.043363 1.026173
v 0.087042 -0.031373 1.026165
v 0.084929 -0.019384 1.026173
v 0.078842 -0.008841 1.026196
v 0.069516 -0.001016 1.026231
v 0.058076 0.003148 1.026275
v 0.045902 0.003148 1.026321
v 0.034462 -0.001016 1.026364
v 0.025136 -0.008841 1.026400
v 0.019049 -0.019384 1.026423
v 0.016935 -0.031374 1.026431
v 0.019049 -0.043363 1.026423
v 0.025136 -0.053906 1.026400
v 0.034462 -0.061731 1.026364
v 0.045902 -0.065895 1.026321
v 0.021854 0.020705 1.008610
v 0.041479 0.027847 1.008535
v 0.062364 0.027848 1.008456
v 0.081988 0.020705 1.008381
v 0.097987 0.007280 1.008320
v 0.108428 -0.010806 1.008281
v 0.112055 -0.031373 1.008267
v 0.108429 -0.051941 1.008281
v 0.097987 -0.070027 1.008320
v 0.081988 -0.083451 1.008381
v 0.062364 -0.090594 1.008456
v 0.041479 -0.090595 1.008535
v 0.021854 -0.083452 1.008610
v 0.005856 -0.070027 1.008671
v -0.004587 -0.051941 1.008710
v -0.008213 -0.031374 1.008724
v -0.004587 -0.010806 1.008710
v 0.005856 0.007280 1.008671
v 0.008117 0.044350 0.986150
v 0.036652 0.054736 0.986042
v 0.067019 0.054736 0.985927
v 0.095554 0.044350 0.985818
v 0.118816 0.024830 0.985730
v 0.133999 -0.001468 0.985672
v 0.139272 -0.031374 0.985652
v 0.133999 -0.061279 0.985672
v 0.118816 -0.087577 0.985730
v 0.095554 -0.107096 0.985818
v 0.067019 -0.117482 0.985927
v 0.036652 -0.117483 0.986042
v 0.008117 -0.107097 0.986150
v -0.015145 -0.087577 0.986238
v -0.030329 -0.061279 0.986296
v -0.035602 -0.031374 0.986316
v -0.030329 -0.001468 0.986296
v -0.015145 0.024831 0.986238
v 0.054188 -0.043447 1.044741
v 0.058188 -0.041990 1.044725
v 0.061450 -0.039253 1.044713
v 0.063579 -0.035566 1.044705
v 0.064318 -0.031373 1.044702
v 0.063579 -0.027180 1.044705
v 0.061450 -0.023493 1.044713
v 0.058188 -0.020757 1.044725
v 0.054188 -0.019300 1.044741
v 0.049930 -0.019300 1.044757
v 0.045929 -0.020757 1.044772
v 0.042668 -0.023493 1.044784
v 0.040539 -0.027181 1.044792
v 0.039800 -0.031374 1.044795
v 0.040539 -0.035566 1.044792
v 0.042668 -0.039253 1.044784
v 0.045929 -0.041990 1.044772
v 0.049930 -0.043447 1.044757
v -0.900598 0.728133 0.903040
v -1.100688 0.388015 0.918863
v -1.165728 -0.000914 0.904023
v -0.470219 0.036091 0.839876
v -0.394572 0.130917 0.849912
v -0.389098 0.249851 0.839271
v -0.185555 1.169451 0.900793
v -0.562994 1.033082 0.917087
v -0.874063 0.774333 0.903649
v -0.305943 0.355986 0.839346
v -0.181468 0.371811 0.848288
v -0.104634 0.462606 0.837787
v 0.639137 1.039958 0.897496
v 0.265703 1.183062 0.914307
v -0.136229 1.177957 0.900590
v 0.027165 0.493106 0.837911
v 0.132560 0.429420 0.847308
v 0.260191 0.463795 0.838130
v 1.191156 0.411267 0.895453
v 0.991421 0.757267 0.910978
v 0.685809 1.011405 0.897214
v 0.378988 0.403634 0.838318
v 0.410811 0.270287 0.846378
v 0.524099 0.211985 0.836623
v 1.203841 -0.415736 0.894798
v 1.286549 -0.031373 0.910594
v 1.209020 0.362035 0.895380
v 0.560267 0.081967 0.835570
v 0.522686 -0.031374 0.846142
v 0.561547 -0.145050 0.835684
v 0.684855 -1.079482 0.897530
v 0.990040 -0.818853 0.910859
v 1.176552 -0.479394 0.894609
v 0.516255 -0.272717 0.835955
v 0.411003 -0.333193 0.846400
v 0.373783 -0.456402 0.837354
v 0.265284 -1.243439 0.914088
v 0.633286 -1.100601 0.897159
v 0.253874 -0.517184 0.837173
v 0.131920 -0.488548 0.846975
v 0.026542 -0.559594 0.838253
v -0.127841 -1.233726 0.899927
v -0.862116 -0.837134 0.902913
v -0.566139 -1.101277 0.917672
v -0.190233 -1.224195 0.900274
v -0.105705 -0.532951 0.838467
v -0.179744 -0.431569 0.847966
v -0.309174 -0.421497 0.839737
v -1.171641 -0.056826 0.904493
v -1.105294 -0.452439 0.919328
v -0.896499 -0.791819 0.902748
v -0.398263 -0.321399 0.840413
v -0.389812 -0.191930 0.849432
v -0.473986 -0.098446 0.840216
v 0.265478 -1.249557 0.679091
v 0.618568 -1.096491 0.675734
v 0.290790 -0.592428 0.624406
v 0.144959 -0.567279 0.618434
v 0.016113 -0.643149 0.625661
v -0.117175 -1.225250 0.678418
v 0.687541 -1.064693 0.675995
v 0.994324 -0.823270 0.675899
v 1.162951 -0.484981 0.673213
v 0.592735 -0.306478 0.623057
v 0.471085 -0.384216 0.617638
v 0.418972 -0.526791 0.624545
v 1.196667 -0.402962 0.673359
v 1.291651 -0.031338 0.675560
v 1.201423 0.348593 0.673892
v 0.640315 0.106385 0.622665
v 0.601268 -0.031354 0.617308
v 0.641675 -0.169090 0.622779
v 1.176378 0.417159 0.673978
v 0.995842 0.761707 0.676029
v 0.688381 0.996985 0.675699
v 0.424459 0.474237 0.625541
v 0.471148 0.321496 0.617644
v 0.601143 0.245285 0.623749
v 0.623937 1.035626 0.676037
v 0.265893 1.189283 0.679319
v -0.124885 1.168717 0.679005
v 0.016200 0.577286 0.625381
v 0.145453 0.508155 0.618766
v 0.297476 0.539220 0.625391
v -0.194666 1.156447 0.679270
v -0.567090 1.038613 0.682122
v -0.859277 0.775041 0.682025
v -0.368519 0.413635 0.626983
v -0.222176 0.441004 0.619939
v -0.124657 0.545134 0.625286
v -0.899761 0.713647 0.681547
v -1.107896 0.390318 0.683942
v -1.156033 0.009083 0.682501
v -0.555125 0.041033 0.627580
v -0.469692 0.157986 0.621624
v -0.457565 0.300199 0.626921
v -1.161360 -0.067192 0.682920
v -1.112253 -0.454602 0.684380
v -0.895811 -0.777129 0.681258
v -0.466770 -0.372073 0.628081
v -0.465600 -0.219140 0.621208
v -0.559246 -0.103090 0.627949
v -0.848439 -0.838040 0.681376
v -0.569969 -1.106360 0.682659
v -0.199059 -1.212111 0.678824
v -0.126019 -0.615000 0.625934
v -0.220698 -0.501100 0.619657
v -0.371205 -0.479286 0.627348
v -1.433177 0.509617 1.342217
v -1.158512 0.985354 1.341174
v -0.737700 1.338460 1.339575
v -0.221498 1.526343 1.337613
v 0.327833 1.526343 1.335526
v 0.844035 1.338460 1.333565
v 1.264846 0.985354 1.331966
v 1.539511 0.509617 1.330922
v 1.634903 -0.031372 1.330560
v 1.539512 -0.572362 1.330922
v 1.264847 -1.048099 1.331966
v 0.844035 -1.401205 1.333565
v 0.327833 -1.589088 1.335526
v -0.221499 -1.589089 1.337613
v -0.737701 -1.401205 1.339575
v -1.158513 -1.048099 1.341174
v -1.433178 -0.572361 1.342217
v -1.528568 -0.031372 1.342580
v -1.451286 0.516225 1.353857
v -1.173267 0.997773 1.352800
v -0.747315 1.355191 1.351182
v -0.224809 1.545368 1.349196
v 0.331231 1.545369 1.347084
v 0.853737 1.355191 1.345098
v 1.279688 0.997773 1.343481
v 1.557707 0.516225 1.342424
v 1.654263 -0.031371 1.342057
v 1.557708 -0.578968 1.342423
v 1.279689 -1.060515 1.343480
v 0.853738 -1.417934 1.345098
v 0.331231 -1.608112 1.347084
v -0.224810 -1.608113 1.349195
v -0.747316 -1.417934 1.351182
v -1.173267 -1.060515 1.352799
v -1.451286 -0.578968 1.353857
v -1.547842 -0.031372 1.354223
v 0.402328 -2.076114 -1.658587
v 1.079931 -1.829485 -1.661161
v 1.632318 -1.365974 -1.663260
v 1.992862 -0.741487 -1.664630
v 2.118078 -0.031347 -1.665106
v 1.992862 0.678793 -1.664630
v 1.632317 1.303279 -1.663260
v 1.079931 1.766791 -1.661161
v 0.402328 2.013420 -1.658587
v -0.318762 2.013419 -1.655847
v -0.996365 1.766790 -1.653273
v -1.548752 1.303280 -1.651174
v -1.909297 0.678793 -1.649804
v -2.034513 -0.031347 -1.649328
v -1.909297 -0.741487 -1.649804
v -1.548752 -1.365974 -1.651174
v -0.996367 -1.829485 -1.653273
v -0.318763 -2.076115 -1.655847
v 0.317213 -1.592928 -1.636478
v 0.834695 -1.404578 -1.638444
v 1.256550 -1.050596 -1.640047
v 1.531897 -0.573678 -1.641093
v 1.627523 -0.031347 -1.641457
v 1.531896 0.510984 -1.641093
v 1.256549 0.987902 -1.640047
v 0.834694 1.341883 -1.638444
v 0.317212 1.530233 -1.636478
v -0.233481 1.530233 -1.634386
v -0.750964 1.341883 -1.632420
v -1.172820 0.987902 -1.630816
v -1.448167 0.510984 -1.629771
v -1.543793 -0.031347 -1.629407
v -1.448166 -0.573678 -1.629771
v -1.172820 -1.050596 -1.630817
v -0.750964 -1.404578 -1.632420
v -0.233482 -1.592928 -1.634386
v 0.290196 -1.440181 -1.658161
v 0.757061 -1.270255 -1.659935
v 1.137653 -0.950898 -1.661381
v 1.386066 -0.520630 -1.662325
v 1.472339 -0.031347 -1.662652
v 1.386065 0.457936 -1.662325
v 1.137652 0.888204 -1.661381
v 0.757061 1.207560 -1.659935
v 0.290196 1.377486 -1.658161
v -0.206631 1.377486 -1.656273
v -0.673495 1.207560 -1.654499
v -1.054088 0.888204 -1.653053
v -1.302501 0.457936 -1.652109
v -1.388774 -0.031347 -1.651781
v -1.302501 -0.520630 -1.652109
v -1.054088 -0.950898 -1.653053
v -0.673496 -1.270254 -1.654499
v -0.206632 -1.440182 -1.656273
v 1.577141 0.527464 -1.649719
v 1.293428 1.018874 -1.648641
v 0.858754 1.383611 -1.646989
v 0.325547 1.577684 -1.644963
v -0.241881 1.577683 -1.642807
v -0.775087 1.383611 -1.640781
v -1.209762 1.018874 -1.639130
v -1.493476 0.527464 -1.638052
v -1.592008 -0.031347 -1.637678
v -1.493476 -0.590158 -1.638052
v -1.209763 -1.081567 -1.639130
v -0.775088 -1.446306 -1.640781
v -0.241881 -1.640379 -1.642807
v 0.325547 -1.640379 -1.644964
v 0.858755 -1.446306 -1.646989
v 1.293429 -1.081568 -1.648641
v 1.577142 -0.590158 -1.649719
v 1.675674 -0.031347 -1.650093
v 1.515006 0.504866 -1.662814
v 1.242765 0.976405 -1.661780
v 0.825668 1.326393 -1.660195
v 0.314023 1.512618 -1.658251
v -0.230458 1.512618 -1.656183
v -0.742104 1.326393 -1.654239
v -1.159200 0.976405 -1.652654
v -1.431441 0.504866 -1.651620
v -1.525990 -0.031347 -1.651260
v -1.431442 -0.567561 -1.651620
v -1.159201 -1.039099 -1.652654
v -0.742104 -1.389087 -1.654239
v -0.230459 -1.575313 -1.656183
v 0.314023 -1.575313 -1.658251
v 0.825669 -1.389088 -1.660195
v 1.242766 -1.039099 -1.661780
v 1.515006 -0.567561 -1.662814
v 1.609555 -0.031347 -1.663174
v 0.283360 -1.400592 -1.620019
v 0.737106 -1.235441 -1.621743
v 1.107003 -0.925058 -1.623148
v 1.348435 -0.506881 -1.624066
v 1.432284 -0.031347 -1.624384
v 1.348436 0.444187 -1.624066
v 1.107002 0.862364 -1.623148
v 0.737106 1.172746 -1.621743
v 0.283360 1.337897 -1.620019
v -0.199506 1.337897 -1.618184
v -0.653251 1.172745 -1.616460
v -1.023148 0.862363 -1.615055
v -1.264580 0.444186 -1.614137
v -1.348430 -0.031347 -1.613819
v -1.264581 -0.506881 -1.614137
v -1.023149 -0.925057 -1.615055
v -0.653252 -1.235440 -1.616460
v -0.199506 -1.400592 -1.618184
vn 0.1369 -0.7894 -0.5985
vn 0.4834 -0.8390 -0.2497
vn 0.1673 -0.9541 -0.2485
vn 0.3985 -0.6942 -0.5995
vn 0.7412 -0.6227 -0.2507
vn 0.6117 -0.5152 -0.6003
vn 0.9094 -0.3313 -0.2513
vn 0.7509 -0.2741 -0.6008
vn 0.9678 -0.0000 -0.2516
vn 0.7993 -0.0000 -0.6010
vn 0.9094 0.3313 -0.2513
vn 0.7509 0.2741 -0.6008
vn 0.7412 0.6227 -0.2507
vn 0.6117 0.5152 -0.6003
vn 0.4834 0.8390 -0.2497
vn 0.3985 0.6942 -0.5995
vn 0.1673 0.9541 -0.2485
vn 0.1369 0.7894 -0.5985
vn -0.1692 0.9541 -0.2473
vn -0.1415 0.7894 -0.5974
vn -0.4853 0.8390 -0.2461
vn -0.4030 0.6942 -0.5964
vn -0.7431 0.6227 -0.2451
vn -0.6163 0.5152 -0.5956
vn -0.9113 0.3313 -0.2444
vn -0.7555 0.2741 -0.5951
vn -0.9697 -0.0000 -0.2442
vn -0.8038 -0.0000 -0.5949
vn -0.9113 -0.3313 -0.2444
vn -0.7555 -0.2741 -0.5951
vn -0.7431 -0.6227 -0.2451
vn -0.6163 -0.5152 -0.5956
vn -0.4853 -0.8390 -0.2461
vn -0.4030 -0.6942 -0.5964
vn -0.1692 -0.9541 -0.2473
vn -0.1415 -0.7894 -0.5974
vn 0.4989 -0.8644 -0.0623
vn 0.1731 -0.9830 -0.0611
vn 0.7644 -0.6416 -0.0633
vn 0.9377 -0.3414 -0.0640
vn 0.9979 -0.0000 -0.0642
vn 0.9377 0.3414 -0.0640
vn 0.7644 0.6416 -0.0633
vn 0.4989 0.8644 -0.0623
vn 0.1731 0.9830 -0.0611
vn -0.1736 0.9830 -0.0598
vn -0.4993 0.8644 -0.0585
vn -0.7649 0.6416 -0.0575
vn -0.9382 0.3414 -0.0569
vn -0.9984 -0.0000 -0.0566
vn -0.9382 -0.3414 -0.0569
vn -0.7649 -0.6416 -0.0575
vn -0.4993 -0.8644 -0.0585
vn -0.1736 -0.9830 -0.0598
vn 0.4993 -0.8644 0.0585
vn 0.1736 -0.9830 0.0598
vn 0.7649 -0.6416 0.0575
vn 0.9382 -0.3414 0.0569
vn 0.9984 -0.0000 0.0566
vn 0.9382 0.3414 0.0569
vn 0.7649 0.6416 0.0575
vn 0.4993 0.8644 0.0585
vn 0.1736 0.9830 0.0598
vn -0.1731 0.9830 0.0611
vn -0.4989 0.8644 0.0623
vn -0.7644 0.6416 0.0633
vn -0.9377 0.3414 0.0640
vn -0.9979 -0.0000 0.0642
vn -0.9377 -0.3414 0.0640
vn -0.7644 -0.6416 0.0633
vn -0.4989 -0.8644 0.0623
vn -0.1731 -0.9830 0.0611
vn 0.4836 -0.8360 0.2594
vn 0.1686 -0.9506 0.2606
vn 0.7404 -0.6205 0.2584
vn 0.9081 -0.3301 0.2578
vn 0.9663 -0.0000 0.2575
vn 0.9081 0.3301 0.2578
vn 0.7404 0.6205 0.2584
vn 0.4836 0.8360 0.2594
vn 0.1686 0.9506 0.2606
vn -0.1666 0.9506 0.2618
vn -0.4816 0.8360 0.2630
vn -0.7385 0.6205 0.2640
vn -0.9061 0.3301 0.2647
vn -0.9643 -0.0000 0.2649
vn -0.9061 -0.3301 0.2647
vn -0.7385 -0.6205 0.2640
vn -0.4816 -0.8360 0.2630
vn -0.1666 -0.9506 0.2618
vn 0.3671 -0.6314 0.6831
vn 0.1292 -0.7180 0.6840
vn 0.5611 -0.4686 0.6823
vn 0.6877 -0.2493 0.6819
vn 0.7316 -0.0000 0.6817
vn 0.6877 0.2493 0.6819
vn 0.5611 0.4686 0.6823
vn 0.3671 0.6314 0.6831
vn 0.1292 0.7180 0.6840
vn -0.1240 0.7180 0.6849
vn -0.3619 0.6314 0.6858
vn -0.5559 0.4686 0.6866
vn -0.6825 0.2493 0.6871
vn -0.7264 -0.0000 0.6872
vn -0.6825 -0.2493 0.6871
vn -0.5559 -0.4686 0.6866
vn -0.3619 -0.6314 0.6858
vn -0.1240 -0.7180 0.6849
vn 0.1151 -0.1930 0.9744
vn 0.0424 -0.2195 0.9747
vn 0.1744 -0.1433 0.9742
vn 0.2131 -0.0762 0.9740
vn 0.2266 -0.0000 0.9740
vn 0.2131 0.0762 0.9740
vn 0.1744 0.1433 0.9742
vn 0.1151 0.1930 0.9744
vn 0.0424 0.2195 0.9747
vn -0.0350 0.2195 0.9750
vn -0.1077 0.1930 0.9753
vn -0.1670 0.1433 0.9755
vn -0.2057 0.0762 0.9756
vn -0.2192 -0.0000 0.9757
vn -0.2057 -0.0762 0.9756
vn -0.1670 -0.1433 0.9755
vn -0.1077 -0.1930 0.9753
vn -0.0350 -0.2195 0.9750
vn -0.0399 0.2474 0.9681
vn -0.1219 0.2175 0.9684
vn -0.1888 0.1615 0.9687
vn -0.2324 0.0859 0.9688
vn -0.2475 -0.0000 0.9689
vn -0.2324 -0.0859 0.9688
vn -0.1887 -0.1615 0.9687
vn -0.1219 -0.2175 0.9684
vn -0.0399 -0.2474 0.9681
vn 0.0473 -0.2474 0.9678
vn 0.1293 -0.2175 0.9675
vn 0.1961 -0.1615 0.9672
vn 0.2397 -0.0859 0.9670
vn 0.2548 -0.0000 0.9670
vn 0.2397 0.0859 0.9670
vn 0.1961 0.1615 0.9672
vn 0.1293 0.2175 0.9675
vn 0.0473 0.2474 0.9678
vn -0.0534 0.3234 0.9447
vn -0.3057 0.5346 0.7879
vn -0.1042 0.6079 0.7871
vn -0.1606 0.2844 0.9451
vn -0.4699 0.3968 0.7885
vn -0.2480 0.2111 0.9455
vn -0.5771 0.2111 0.7889
vn -0.3050 0.1123 0.9457
vn -0.6143 -0.0000 0.7891
vn -0.3249 -0.0000 0.9458
vn -0.5771 -0.2111 0.7889
vn -0.3050 -0.1123 0.9457
vn -0.4699 -0.3968 0.7885
vn -0.2480 -0.2111 0.9455
vn -0.3057 -0.5346 0.7879
vn -0.1606 -0.2844 0.9451
vn -0.1042 -0.6079 0.7871
vn -0.0534 -0.3234 0.9447
vn 0.1102 -0.6079 0.7863
vn 0.0606 -0.3234 0.9443
vn 0.3116 -0.5346 0.7856
vn 0.1678 -0.2844 0.9439
vn 0.4759 -0.3968 0.7849
vn 0.2552 -0.2111 0.9436
vn 0.5831 -0.2111 0.7845
vn 0.3122 -0.1123 0.9433
vn 0.6203 -0.0000 0.7844
vn 0.3320 -0.0000 0.9433
vn 0.5831 0.2111 0.7845
vn 0.3122 0.1123 0.9433
vn 0.4759 0.3968 0.7849
vn 0.2552 0.2111 0.9436
vn 0.3116 0.5346 0.7855
vn 0.1678 0.2844 0.9439
vn 0.1102 0.6079 0.7863
vn 0.0606 0.3234 0.9443
vn -0.4817 0.8361 0.2624
vn -0.1667 0.9508 0.2612
vn -0.7386 0.6206 0.2633
vn -0.9062 0.3302 0.2640
vn -0.9645 -0.0000 0.2642
vn -0.9062 -0.3302 0.2640
vn -0.7386 -0.6206 0.2633
vn -0.4817 -0.8361 0.2624
vn -0.1667 -0.9508 0.2612
vn 0.1686 -0.9508 0.2599
vn 0.4837 -0.8361 0.2587
vn 0.7406 -0.6206 0.2577
vn 0.9082 -0.3302 0.2571
vn 0.9664 -0.0000 0.2569
vn 0.9082 0.3302 0.2571
vn 0.7406 0.6206 0.2577
vn 0.4837 0.8361 0.2587
vn 0.1686 0.9508 0.2599
vn -0.5000 0.8660 0.0019
vn -0.1736 0.9848 0.0007
vn -0.7660 0.6428 0.0029
vn -0.9397 0.3420 0.0036
vn -1.0000 -0.0000 0.0038
vn -0.9397 -0.3420 0.0036
vn -0.7660 -0.6428 0.0029
vn -0.5000 -0.8660 0.0019
vn -0.1736 -0.9848 0.0007
vn 0.1736 -0.9848 -0.0007
vn 0.5000 -0.8660 -0.0019
vn 0.7660 -0.6428 -0.0029
vn 0.9397 -0.3420 -0.0036
vn 1.0000 -0.0000 -0.0038
vn 0.9397 0.3420 -0.0036
vn 0.7660 0.6428 -0.0029
vn 0.5000 0.8660 -0.0019
vn 0.1736 0.9848 -0.0007
vn -0.0115 0.0866 0.9962
vn -0.0265 0.0839 0.9961
vn -0.0115 0.0867 0.9962
vn -0.0536 0.0684 0.9962
vn -0.0638 0.0564 0.9964
vn -0.0544 0.0681 0.9962
vn -0.0634 0.0567 0.9964
vn -0.0733 0.0449 0.9963
vn -0.0841 0.0155 0.9963
vn -0.0842 -0.0000 0.9964
vn -0.0846 0.0148 0.9963
vn -0.0841 -0.0001 0.9965
vn -0.0841 -0.0151 0.9963
vn -0.0735 -0.0446 0.9963
vn -0.0639 -0.0562 0.9964
vn -0.0734 -0.0454 0.9963
vn -0.0636 -0.0565 0.9964
vn -0.0538 -0.0681 0.9962
vn -0.0268 -0.0839 0.9961
vn -0.0112 -0.0867 0.9962
vn -0.0262 -0.0844 0.9961
vn -0.0115 -0.0866 0.9962
vn 0.0035 -0.0892 0.9960
vn 0.0343 -0.0839 0.9959
vn 0.0475 -0.0764 0.9959
vn 0.0350 -0.0839 0.9959
vn 0.0477 -0.0761 0.9960
vn 0.0609 -0.0685 0.9958
vn 0.0810 -0.0447 0.9957
vn 0.0864 -0.0303 0.9958
vn 0.0818 -0.0441 0.9957
vn 0.0864 -0.0301 0.9958
vn 0.0915 -0.0159 0.9957
vn 0.0917 0.0155 0.9957
vn 0.0866 0.0299 0.9958
vn 0.0919 0.0163 0.9956
vn 0.0864 0.0299 0.9958
vn 0.0812 0.0443 0.9957
vn 0.0612 0.0684 0.9958
vn 0.0477 0.0763 0.9959
vn 0.0609 0.0690 0.9958
vn 0.0478 0.0761 0.9960
vn 0.0345 0.0838 0.9959
vn 0.0038 0.0893 0.9960
vn 0.0031 0.0895 0.9960
vn -0.0396 0.1066 0.9935
vn -0.1669 0.2953 0.9407
vn -0.0556 0.3358 0.9403
vn -0.0318 0.0689 0.9971
vn -0.2576 0.2192 0.9411
vn -0.0978 0.0547 0.9937
vn -0.3168 0.1166 0.9413
vn -0.0657 0.0320 0.9973
vn -0.3374 -0.0000 0.9414
vn -0.1081 -0.0253 0.9938
vn -0.3168 -0.1166 0.9413
vn -0.0699 -0.0225 0.9973
vn -0.2576 -0.2192 0.9411
vn -0.0674 -0.0907 0.9936
vn -0.1669 -0.2953 0.9407
vn -0.0424 -0.0663 0.9969
vn -0.0556 -0.3358 0.9403
vn 0.0066 -0.1155 0.9933
vn 0.0628 -0.3358 0.9398
vn 0.0094 -0.0755 0.9971
vn 0.1741 -0.2953 0.9394
vn 0.0821 -0.0835 0.9931
vn 0.2648 -0.2192 0.9391
vn 0.0581 -0.0539 0.9969
vn 0.3240 -0.1166 0.9388
vn 0.1176 -0.0145 0.9930
vn 0.3445 -0.0000 0.9388
vn 0.0812 -0.0060 0.9967
vn 0.3240 0.1166 0.9388
vn 0.1013 0.0611 0.9930
vn 0.2648 0.2192 0.9391
vn 0.0682 0.0455 0.9966
vn 0.1741 0.2953 0.9394
vn 0.0395 0.1095 0.9932
vn 0.0628 0.3358 0.9398
vn 0.0212 0.0750 0.9970
vn -0.2585 0.4533 0.8530
vn -0.0877 0.5155 0.8524
vn -0.3977 0.3365 0.8536
vn -0.4886 0.1790 0.8539
vn -0.5202 -0.0000 0.8540
vn -0.4886 -0.1790 0.8539
vn -0.3978 -0.3365 0.8536
vn -0.2585 -0.4533 0.8530
vn -0.0877 -0.5155 0.8524
vn 0.0941 -0.5155 0.8517
vn 0.2650 -0.4533 0.8511
vn 0.4042 -0.3365 0.8505
vn 0.4951 -0.1790 0.8502
vn 0.5267 -0.0000 0.8501
vn 0.4951 0.1790 0.8502
vn 0.4042 0.3365 0.8505
vn 0.2650 0.4533 0.8511
vn 0.0941 0.5155 0.8517
vn 0.1553 -0.8707 0.4667
vn 0.4255 -0.7335 0.5300
vn 0.1491 -0.8341 0.5310
vn 0.4438 -0.7657 0.4656
vn 0.6509 -0.5444 0.5291
vn 0.6790 -0.5683 0.4647
vn 0.7979 -0.2897 0.5286
vn 0.8326 -0.3024 0.4641
vn 0.8490 -0.0000 0.5284
vn 0.8859 -0.0000 0.4639
vn 0.7979 0.2897 0.5286
vn 0.8326 0.3024 0.4641
vn 0.6509 0.5444 0.5291
vn 0.6790 0.5683 0.4647
vn 0.4255 0.7335 0.5300
vn 0.4438 0.7657 0.4656
vn 0.1491 0.8341 0.5310
vn 0.1553 0.8707 0.4667
vn -0.1451 0.8341 0.5321
vn -0.1517 0.8707 0.4679
vn -0.4215 0.7335 0.5332
vn -0.4403 0.7657 0.4690
vn -0.6468 0.5444 0.5340
vn -0.6755 0.5683 0.4699
vn -0.7939 0.2897 0.5346
vn -0.8290 0.3024 0.4704
vn -0.8450 -0.0000 0.5348
vn -0.8823 -0.0000 0.4707
vn -0.7939 -0.2897 0.5346
vn -0.8290 -0.3024 0.4705
vn -0.6468 -0.5444 0.5340
vn -0.6755 -0.5683 0.4699
vn -0.4215 -0.7335 0.5332
vn -0.4403 -0.7657 0.4690
vn -0.1451 -0.8341 0.5321
vn -0.1517 -0.8707 0.4679
vn 0.3975 -0.6845 0.6111
vn 0.1396 -0.7784 0.6120
vn 0.6078 -0.5081 0.6103
vn 0.7451 -0.2703 0.6097
vn 0.7927 -0.0000 0.6096
vn 0.7451 0.2703 0.6097
vn 0.6078 0.5081 0.6103
vn 0.3975 0.6845 0.6111
vn 0.1396 0.7784 0.6120
vn -0.1349 0.7784 0.6131
vn -0.3929 0.6845 0.6141
vn -0.6032 0.5081 0.6149
vn -0.7404 0.2703 0.6154
vn -0.7881 -0.0000 0.6156
vn -0.7404 -0.2703 0.6154
vn -0.6032 -0.5081 0.6149
vn -0.3929 -0.6845 0.6141
vn -0.1349 -0.7784 0.6131
vn 0.1272 -0.7062 0.6965
vn 0.3612 -0.6210 0.6956
vn 0.5519 -0.4609 0.6949
vn 0.6765 -0.2452 0.6944
vn 0.7197 -0.0000 0.6943
vn 0.6765 0.2452 0.6945
vn 0.5519 0.4609 0.6949
vn 0.3612 0.6210 0.6956
vn 0.1272 0.7062 0.6965
vn -0.1219 0.7062 0.6975
vn -0.3559 0.6210 0.6984
vn -0.5466 0.4609 0.6991
vn -0.6712 0.2453 0.6996
vn -0.7144 -0.0000 0.6997
vn -0.6712 -0.2452 0.6996
vn -0.5466 -0.4609 0.6991
vn -0.3559 -0.6210 0.6984
vn -0.1219 -0.7062 0.6975
vn 0.3082 -0.5286 0.7909
vn 0.3040 -0.5214 0.7973
vn 0.1090 -0.6011 0.7917
vn 0.4706 -0.3924 0.7903
vn 0.4642 -0.3870 0.7967
vn 0.5766 -0.2088 0.7899
vn 0.5688 -0.2059 0.7963
vn 0.6134 -0.0000 0.7898
vn 0.6051 -0.0000 0.7962
vn 0.5766 0.2088 0.7899
vn 0.5688 0.2059 0.7963
vn 0.4706 0.3923 0.7903
vn 0.4642 0.3870 0.7967
vn 0.3082 0.5286 0.7909
vn 0.3041 0.5214 0.7973
vn 0.1090 0.6011 0.7917
vn 0.1076 0.5929 0.7981
vn -0.1030 0.6011 0.7925
vn -0.1015 0.5929 0.7988
vn -0.3022 0.5286 0.7932
vn -0.2980 0.5214 0.7996
vn -0.4646 0.3924 0.7939
vn -0.4581 0.3870 0.8002
vn -0.5706 0.2088 0.7943
vn -0.5627 0.2059 0.8006
vn -0.6074 -0.0000 0.7944
vn -0.5990 -0.0000 0.8007
vn -0.5706 -0.2088 0.7943
vn -0.5627 -0.2059 0.8006
vn -0.4646 -0.3924 0.7939
vn -0.4582 -0.3870 0.8002
vn -0.3022 -0.5286 0.7933
vn -0.2980 -0.5214 0.7996
vn -0.1030 -0.6011 0.7925
vn -0.1015 -0.5929 0.7988
vn 0.1076 -0.5929 0.7981
vn 0.1865 -0.3168 0.9300
vn 0.0671 -0.3603 0.9304
vn 0.2838 -0.2351 0.9296
vn 0.3473 -0.1251 0.9294
vn 0.3694 -0.0000 0.9293
vn 0.3473 0.1251 0.9294
vn 0.2838 0.2351 0.9296
vn 0.1864 0.3168 0.9300
vn 0.0670 0.3603 0.9304
vn -0.0600 0.3603 0.9309
vn -0.1794 0.3168 0.9314
vn -0.2767 0.2351 0.9317
vn -0.3403 0.1251 0.9320
vn -0.3623 -0.0000 0.9321
vn -0.3402 -0.1251 0.9320
vn -0.2767 -0.2352 0.9317
vn -0.1794 -0.3168 0.9314
vn -0.0600 -0.3602 0.9309
vn 0.2869 -0.1925 0.9384
vn 0.0920 -0.0535 0.9943
vn 0.1365 -0.3292 0.9343
vn 0.0958 -0.0501 0.9941
vn 0.2860 0.1992 0.9373
vn 0.3301 -0.0119 0.9439
vn 0.0162 0.1190 0.9928
vn 0.0748 0.0306 0.9967
vn -0.0501 -0.1009 0.9936
vn 0.0686 -0.3423 0.9371
vn 0.0373 -0.0974 0.9945
vn -0.1363 -0.3800 0.9149
vn 0.0421 -0.0972 0.9944
vn 0.4372 -0.0102 0.8993
vn 0.0997 0.0854 0.9913
vn 0.0811 -0.0217 0.9965
vn -0.1051 -0.0373 0.9938
vn -0.1613 -0.2853 0.9448
vn -0.0334 -0.0960 0.9948
vn -0.3305 -0.1917 0.9241
vn -0.0295 -0.0992 0.9946
vn 0.2974 -0.2696 0.9159
vn 0.1283 0.0068 0.9917
vn 0.0460 -0.0661 0.9968
vn -0.1185 0.0308 0.9925
vn -0.3121 -0.1207 0.9424
vn -0.0865 -0.0497 0.9950
vn -0.3834 0.0643 0.9214
vn -0.0855 -0.0546 0.9948
vn 0.0436 -0.3660 0.9296
vn 0.1036 -0.0980 0.9898
vn -0.0084 -0.0798 0.9968
vn -0.0653 0.1006 0.9928
vn -0.2618 0.1013 0.9598
vn -0.0973 0.0201 0.9950
vn -0.2168 0.2491 0.9439
vn -0.0997 0.0155 0.9949
vn -0.2072 -0.3247 0.9229
vn 0.0370 -0.1141 0.9928
vn -0.0521 -0.0540 0.9972
vn 0.0200 0.1154 0.9931
vn -0.1483 0.2928 0.9446
vn -0.0594 0.0798 0.9950
vn 0.0017 0.4115 0.9114
vn -0.0646 0.0780 0.9949
vn -0.2936 -0.0681 0.9535
vn -0.0493 -0.1089 0.9928
vn -0.0740 -0.0039 0.9973
vn 0.0907 0.0865 0.9921
vn 0.0012 0.1048 0.9945
vn -0.3083 0.1447 0.9402
vn 0.0062 0.1032 0.9946
vn -0.1151 -0.0470 0.9922
vn -0.0607 0.0476 0.9970
vn 0.1271 0.0077 0.9919
vn 0.2127 0.2667 0.9400
vn 0.0486 0.2965 0.9538
vn 0.2426 0.2002 0.9493
vn 0.0719 0.0773 0.9944
vn 0.3528 0.0651 0.9334
vn 0.0691 0.0819 0.9942
vn -0.1419 0.3109 0.9398
vn -0.1184 0.0407 0.9921
vn -0.0151 0.0782 0.9968
vn 0.1054 -0.0738 0.9917
vn 0.1056 0.0156 0.9943
vn 0.3480 -0.2013 0.9156
vn 0.1063 0.0209 0.9941
vn 0.0434 0.3539 0.9343
vn -0.0596 0.1158 0.9915
vn 0.0409 0.0705 0.9967
vn 0.0324 -0.1170 0.9926
vn -0.1840 0.9828 -0.0145
vn -0.3730 0.9276 0.0190
vn -0.1845 0.9827 -0.0145
vn -0.8396 -0.5413 0.0458
vn -0.1872 -0.9332 0.3069
vn 0.1681 -0.9304 0.3258
vn -0.1740 -0.9375 0.3014
vn 0.1688 -0.9305 0.3250
vn 0.5025 -0.8098 0.3028
vn 0.9748 -0.2197 0.0385
vn 0.0501 0.9986 0.0176
vn 0.0633 0.9971 0.0412
vn -0.6289 0.7772 0.0203
vn -0.7839 0.6208 -0.0143
vn -0.6178 0.7851 0.0449
vn -0.7833 0.6215 -0.0144
vn -0.8823 0.4703 0.0187
vn -0.3019 -0.9524 0.0426
vn 0.4984 -0.8095 0.3103
vn 0.7385 -0.5910 0.3245
vn 0.5024 -0.8077 0.3086
vn 0.7411 -0.5894 0.3217
vn 0.9023 -0.3083 0.3014
vn 0.8924 0.4495 0.0408
vn -0.9718 0.2347 0.0222
vn -0.9999 -0.0041 -0.0105
vn -0.9679 0.2471 0.0456
vn -0.9999 -0.0037 -0.0104
vn -0.9785 -0.2049 0.0230
vn 0.3927 -0.9187 0.0423
vn 0.9103 -0.2719 0.3122
vn 0.9459 0.0042 0.3244
vn 0.9110 -0.2704 0.3115
vn 0.9460 0.0041 0.3242
vn 0.9082 0.2797 0.3113
vn 0.3849 0.9221 0.0407
vn -0.8790 -0.4764 0.0216
vn -0.7559 -0.6545 -0.0147
vn -0.8847 -0.4638 0.0467
vn -0.7562 -0.6541 -0.0149
vn -0.6295 -0.7768 0.0193
vn 0.8904 -0.4534 0.0399
vn 0.9750 -0.1584 0.1558
vn 0.9781 -0.0385 0.2047
vn 0.7482 0.5806 0.3212
vn 0.7479 0.5797 0.3232
vn 0.4662 0.8304 0.3053
vn -0.2896 0.9561 0.0448
vn -0.3818 -0.9240 0.0208
vn -0.1626 -0.9866 -0.0148
vn -0.3936 -0.9182 0.0450
vn -0.1632 -0.9865 -0.0147
vn 0.0251 -0.9995 0.0193
vn 0.9727 0.2284 0.0403
vn 0.4678 0.8279 0.3094
vn 0.1372 0.9349 0.3273
vn 0.4611 0.8329 0.3061
vn 0.1354 0.9362 0.3244
vn -0.2116 0.9293 0.3026
vn -0.8368 0.5455 0.0468
vn 0.3147 -0.9490 0.0188
vn 0.5084 -0.8609 -0.0174
vn 0.3017 -0.9524 0.0435
vn 0.5081 -0.8611 -0.0175
vn 0.6489 -0.7607 0.0171
vn 0.5955 0.8022 0.0423
vn -0.1483 0.9399 0.3076
vn -0.4490 0.8312 0.3280
vn -0.1611 0.9394 0.3025
vn -0.4471 0.8314 0.3299
vn -0.7020 0.6378 0.3169
vn -0.9919 -0.1178 0.0477
vn 0.8481 -0.5296 0.0141
vn 0.9440 -0.3293 -0.0206
vn 0.8404 -0.5407 0.0385
vn 0.9438 -0.3298 -0.0207
vn 0.9882 -0.1523 0.0128
vn -0.0491 0.9979 0.0429
vn -0.7577 0.5705 0.3168
vn -0.8837 0.3319 0.3299
vn -0.7582 0.5700 0.3165
vn -0.8831 0.3327 0.3308
vn -0.9449 0.0697 0.3199
vn -0.6793 -0.7325 0.0453
vn 0.9901 0.1392 0.0156
vn 0.9315 0.3633 -0.0193
vn 0.9912 0.1258 0.0401
vn 0.9317 0.3627 -0.0195
vn 0.8451 0.5344 0.0147
vn -0.6827 0.7292 0.0462
vn -0.9508 0.0337 0.3078
vn -0.8929 -0.3072 0.3290
vn -0.9529 0.0209 0.3025
vn -0.8928 -0.3070 0.3298
vn -0.7276 -0.6113 0.3114
vn -0.0554 -0.9975 0.0441
vn 0.6843 0.7290 0.0166
vn 0.4878 0.8728 -0.0157
vn 0.6932 0.7196 0.0399
vn 0.4883 0.8725 -0.0157
vn 0.2994 0.9540 0.0175
vn -0.9910 0.1253 0.0463
vn -0.7493 -0.5860 0.3085
vn -0.4631 -0.8230 0.3289
vn -0.7412 -0.5994 0.3023
vn -0.4623 -0.8241 0.3272
vn -0.1121 -0.9467 0.3020
vn 0.6033 -0.7965 0.0405
vn 0.2963 -0.5078 0.8089
vn 0.1049 -0.5775 0.8097
vn 0.4523 -0.3769 0.8083
vn 0.5541 -0.2005 0.8080
vn 0.5894 -0.0000 0.8078
vn 0.5541 0.2005 0.8080
vn 0.4522 0.3769 0.8083
vn 0.2963 0.5078 0.8089
vn 0.1049 0.5774 0.8097
vn -0.0987 0.5774 0.8105
vn -0.2901 0.5078 0.8112
vn -0.4461 0.3769 0.8118
vn -0.5479 0.2005 0.8121
vn -0.5832 -0.0000 0.8123
vn -0.5479 -0.2005 0.8122
vn -0.4461 -0.3769 0.8118
vn -0.2901 -0.5078 0.8112
vn -0.0987 -0.5774 0.8104
vn 0.1049 -0.5774 0.8097
vn -0.2536 0.4450 0.8589
vn -0.3904 0.3303 0.8594
vn -0.4796 0.1757 0.8597
vn -0.5106 -0.0000 0.8598
vn -0.4796 -0.1757 0.8597
vn -0.3903 -0.3303 0.8594
vn -0.2536 -0.4450 0.8589
vn -0.0860 -0.5060 0.8582
vn 0.0925 -0.5060 0.8576
vn 0.2601 -0.4450 0.8569
vn 0.3969 -0.3303 0.8564
vn 0.4861 -0.1757 0.8561
vn 0.5171 -0.0000 0.8560
vn 0.4861 0.1758 0.8561
vn 0.3969 0.3303 0.8564
vn 0.2602 0.4450 0.8569
vn 0.0925 0.5060 0.8575
vn -0.0860 0.5060 0.8582
vn 0.0542 -0.3278 -0.9432
vn 0.1628 -0.2882 -0.9436
vn 0.2514 -0.2139 -0.9439
vn 0.3092 -0.1138 -0.9442
vn 0.3293 -0.0000 -0.9442
vn 0.3092 0.1138 -0.9442
vn 0.2514 0.2139 -0.9439
vn 0.1628 0.2882 -0.9436
vn 0.0542 0.3278 -0.9432
vn -0.0614 0.3278 -0.9428
vn -0.1700 0.2882 -0.9423
vn -0.2585 0.2139 -0.9420
vn -0.3163 0.1138 -0.9418
vn -0.3364 -0.0000 -0.9417
vn -0.3163 -0.1138 -0.9418
vn -0.2585 -0.2139 -0.9420
vn -0.1700 -0.2882 -0.9423
vn -0.0614 -0.3278 -0.9428
vn -0.0507 0.0813 -0.9954
vn -0.0757 0.0603 -0.9953
vn -0.0920 0.0321 -0.9952
vn -0.0976 -0.0000 -0.9952
vn -0.0920 -0.0321 -0.9952
vn -0.0757 -0.0603 -0.9953
vn -0.0507 -0.0813 -0.9954
vn -0.0201 -0.0924 -0.9955
vn 0.0125 -0.0924 -0.9956
vn 0.0431 -0.0813 -0.9958
vn 0.0681 -0.0603 -0.9959
vn 0.0844 -0.0321 -0.9959
vn 0.0900 -0.0000 -0.9959
vn 0.0844 0.0321 -0.9959
vn 0.0681 0.0603 -0.9959
vn 0.0431 0.0813 -0.9958
vn 0.0125 0.0924 -0.9956
vn -0.0201 0.0924 -0.9955
vn 0.3840 -0.6693 -0.6360
vn 0.1318 -0.7611 -0.6351
vn 0.5896 -0.4968 -0.6368
vn 0.7238 -0.2643 -0.6373
vn 0.7705 -0.0000 -0.6375
vn 0.7239 0.2643 -0.6373
vn 0.5896 0.4968 -0.6368
vn 0.3840 0.6693 -0.6360
vn 0.1318 0.7611 -0.6351
vn -0.1366 0.7611 -0.6340
vn -0.3888 0.6693 -0.6331
vn -0.5945 0.4968 -0.6323
vn -0.7287 0.2643 -0.6318
vn -0.7753 -0.0000 -0.6316
vn -0.7287 -0.2643 -0.6318
vn -0.5945 -0.4968 -0.6323
vn -0.3888 -0.6693 -0.6331
vn -0.1366 -0.7611 -0.6341
vn -0.0337 0.1702 -0.9848
vn -0.0901 0.1497 -0.9846
vn -0.1361 0.1111 -0.9844
vn -0.1661 0.0591 -0.9843
vn -0.1765 -0.0000 -0.9843
vn -0.1661 -0.0591 -0.9843
vn -0.1361 -0.1111 -0.9844
vn -0.0901 -0.1497 -0.9846
vn -0.0338 -0.1702 -0.9848
vn 0.0263 -0.1702 -0.9851
vn 0.0827 -0.1497 -0.9853
vn 0.1286 -0.1111 -0.9855
vn 0.1586 -0.0591 -0.9856
vn 0.1691 -0.0000 -0.9856
vn 0.1586 0.0591 -0.9856
vn 0.1286 0.1111 -0.9855
vn 0.0827 0.1497 -0.9853
vn 0.0263 0.1702 -0.9851
vn -0.0038 -0.0000 -1.0000
vn -0.0616 0.3288 -0.9424
vn -0.1705 0.2891 -0.9420
vn -0.2593 0.2146 -0.9417
vn -0.3173 0.1142 -0.9414
vn -0.3374 -0.0000 -0.9414
vn -0.3173 -0.1142 -0.9414
vn -0.2593 -0.2146 -0.9417
vn -0.1705 -0.2891 -0.9420
vn -0.0615 -0.3288 -0.9424
vn 0.0544 -0.3288 -0.9428
vn 0.1633 -0.2891 -0.9433
vn 0.2521 -0.2146 -0.9436
vn 0.3101 -0.1142 -0.9438
vn 0.3302 -0.0000 -0.9439
vn 0.3101 0.1142 -0.9438
vn 0.2521 0.2146 -0.9436
vn 0.1633 0.2891 -0.9433
vn 0.0544 0.3288 -0.9428
vn -0.1222 0.6776 -0.7252
vn -0.3468 0.5959 -0.7244
vn -0.5298 0.4423 -0.7237
vn -0.6493 0.2353 -0.7232
vn -0.6908 -0.0000 -0.7230
vn -0.6493 -0.2353 -0.7232
vn -0.5298 -0.4423 -0.7237
vn -0.3468 -0.5959 -0.7244
vn -0.1222 -0.6776 -0.7252
vn 0.1167 -0.6776 -0.7261
vn 0.3413 -0.5959 -0.7270
vn 0.5243 -0.4423 -0.7277
vn 0.6438 -0.2353 -0.7281
vn 0.6853 -0.0000 -0.7283
vn 0.6438 0.2353 -0.7281
vn 0.5243 0.4423 -0.7277
vn 0.3413 0.5959 -0.7270
vn 0.1167 0.6776 -0.7261
vn -0.0269 0.0839 0.9961
vn -0.0737 0.0446 0.9963
vn -0.0842 -0.0156 0.9963
vn -0.0535 -0.0686 0.9962
vn 0.0039 -0.0894 0.9960
vn 0.0613 -0.0684 0.9958
vn 0.0918 -0.0154 0.9957
vn 0.0811 0.0448 0.9957
vn 0.0342 0.0840 0.9959
vn -0.3599 0.9321 0.0412
vn 0.5182 -0.8043 0.2907
vn -0.8748 0.4827 0.0416
vn 0.9097 -0.2962 0.2911
vn -0.9805 -0.1915 0.0452
vn 0.9080 0.2819 0.3099
vn -0.6399 -0.7672 0.0425
vn 0.4571 0.8385 0.2966
vn 0.0112 -0.9990 0.0422
vn -0.2295 0.9293 0.2893
vn 0.6380 -0.7690 0.0401
vn -0.7068 0.6344 0.3130
vn 0.9855 -0.1662 0.0356
vn -0.9441 0.0722 0.3215
vn 0.8519 0.5223 0.0373
vn -0.7227 -0.6208 0.3039
vn 0.3122 0.9492 0.0393
vn -0.0924 -0.9536 0.2865
vt 0.583358 0.123909
vt 0.599219 0.132595
vt 0.583368 0.132615
vt 0.599208 0.123878
vt 0.615069 0.132574
vt 0.615059 0.123868
vt 0.630920 0.132574
vt 0.630920 0.123868
vt 0.646765 0.132574
vt 0.646765 0.123868
vt 0.662610 0.132574
vt 0.662610 0.123868
vt 0.678461 0.132574
vt 0.678471 0.123868
vt 0.694311 0.132595
vt 0.694322 0.123878
vt 0.710162 0.132615
vt 0.710172 0.123909
vt 0.726012 0.132646
vt 0.726022 0.123940
vt 0.741852 0.132698
vt 0.741863 0.124002
vt 0.757682 0.132770
vt 0.757641 0.124074
vt 0.773522 0.132831
vt 0.773194 0.124146
vt 0.789404 0.132204
vt 0.505287 0.123395
vt 0.520007 0.132831
vt 0.504126 0.132214
vt 0.520347 0.124156
vt 0.535847 0.132770
vt 0.535889 0.124084
vt 0.551677 0.132698
vt 0.551667 0.124002
vt 0.567518 0.132646
vt 0.567507 0.123940
vt 0.599229 0.140736
vt 0.583379 0.140757
vt 0.615069 0.140726
vt 0.630920 0.140726
vt 0.646765 0.140726
vt 0.662610 0.140726
vt 0.678461 0.140726
vt 0.694301 0.140736
vt 0.710151 0.140757
vt 0.726002 0.140777
vt 0.741863 0.140818
vt 0.757765 0.140859
vt 0.773780 0.140890
vt 0.789969 0.140675
vt 0.519750 0.140890
vt 0.503560 0.140685
vt 0.535765 0.140859
vt 0.551667 0.140818
vt 0.567528 0.140777
vt 0.599229 0.148815
vt 0.583389 0.148836
vt 0.615079 0.148805
vt 0.630920 0.148805
vt 0.646765 0.148805
vt 0.662610 0.148805
vt 0.678450 0.148805
vt 0.694301 0.148815
vt 0.710141 0.148836
vt 0.725992 0.148846
vt 0.741842 0.148867
vt 0.757744 0.148887
vt 0.773769 0.148867
vt 0.789969 0.149186
vt 0.519760 0.148877
vt 0.503560 0.149186
vt 0.535786 0.148887
vt 0.551687 0.148867
vt 0.567538 0.148846
vt 0.599239 0.156957
vt 0.583399 0.156967
vt 0.615079 0.156946
vt 0.630920 0.156946
vt 0.646765 0.156946
vt 0.662610 0.156946
vt 0.678450 0.156946
vt 0.694291 0.156957
vt 0.710131 0.156967
vt 0.725971 0.156977
vt 0.741811 0.156977
vt 0.757631 0.156977
vt 0.773451 0.156905
vt 0.789322 0.157697
vt 0.520079 0.156916
vt 0.504208 0.157707
vt 0.535899 0.156977
vt 0.551729 0.156987
vt 0.567559 0.156987
vt 0.599249 0.165776
vt 0.583409 0.165786
vt 0.615079 0.165766
vt 0.630920 0.165766
vt 0.646765 0.165766
vt 0.662610 0.165766
vt 0.678450 0.165766
vt 0.694291 0.165776
vt 0.710131 0.165786
vt 0.725961 0.165786
vt 0.741791 0.165786
vt 0.757559 0.165766
vt 0.773060 0.165694
vt 0.788006 0.166609
vt 0.520480 0.165694
vt 0.505524 0.166609
vt 0.535971 0.165766
vt 0.551739 0.165786
vt 0.567569 0.165797
vt 0.803788 0.263038
vt 0.814129 0.249972
vt 0.814165 0.261276
vt 0.803745 0.248283
vt 0.817747 0.239270
vt 0.808480 0.234303
vt 0.824654 0.230320
vt 0.817490 0.222618
vt 0.834077 0.224088
vt 0.829786 0.214476
vt 0.845010 0.221246
vt 0.844080 0.210768
vt 0.856282 0.222101
vt 0.858788 0.211882
vt 0.866662 0.226561
vt 0.872351 0.217704
vt 0.875034 0.234142
vt 0.883287 0.227609
vt 0.880508 0.244037
vt 0.890421 0.240524
vt 0.882467 0.255160
vt 0.892987 0.255056
vt 0.880720 0.266324
vt 0.890705 0.269642
vt 0.875440 0.276326
vt 0.883820 0.282688
vt 0.867177 0.284101
vt 0.859056 0.299071
vt 0.845257 0.289787
vt 0.856560 0.288839
vt 0.844383 0.300259
vt 0.834291 0.287018
vt 0.830076 0.296658
vt 0.824836 0.280868
vt 0.817713 0.288604
vt 0.817861 0.271952
vt 0.808621 0.276977
vt 0.819990 0.260281
vt 0.819953 0.250923
vt 0.822960 0.242057
vt 0.828672 0.234642
vt 0.836477 0.229479
vt 0.845538 0.227133
vt 0.854875 0.227836
vt 0.863472 0.231526
vt 0.870410 0.237809
vt 0.874935 0.246001
vt 0.876565 0.255222
vt 0.875120 0.264462
vt 0.870764 0.272748
vt 0.855026 0.283119
vt 0.845723 0.283908
vt 0.836654 0.281611
vt 0.828788 0.276479
vt 0.823049 0.269124
vt 0.511574 0.231696
vt 0.520215 0.228737
vt 0.513166 0.233520
vt 0.519055 0.226618
vt 0.528097 0.225412
vt 0.527376 0.223103
vt 0.536468 0.223708
vt 0.536224 0.221293
vt 0.545028 0.223678
vt 0.545265 0.221300
vt 0.553415 0.225339
vt 0.554135 0.222988
vt 0.561314 0.228608
vt 0.562469 0.226478
vt 0.568390 0.233351
vt 0.569977 0.231513
vt 0.574343 0.239319
vt 0.505245 0.253180
vt 0.513020 0.248231
vt 0.507294 0.254413
vt 0.511371 0.246453
vt 0.519919 0.243242
vt 0.518697 0.241150
vt 0.527706 0.239686
vt 0.526955 0.237494
vt 0.535995 0.237509
vt 0.535681 0.235014
vt 0.544554 0.237320
vt 0.544796 0.234790
vt 0.552894 0.239292
vt 0.553565 0.237102
vt 0.560783 0.242612
vt 0.561945 0.240481
vt 0.567835 0.247392
vt 0.569431 0.245561
vt 0.573750 0.253393
vt 0.505246 0.238223
vt 0.507258 0.239527
vt 0.523153 0.234137
vt 0.517084 0.238266
vt 0.529909 0.231276
vt 0.537099 0.229810
vt 0.544434 0.229788
vt 0.551636 0.231212
vt 0.558409 0.234021
vt 0.564500 0.238121
vt 0.569700 0.243261
vt 0.517084 0.252851
vt 0.512078 0.258189
vt 0.523016 0.248536
vt 0.529679 0.245445
vt 0.536746 0.243614
vt 0.543991 0.243470
vt 0.551101 0.245102
vt 0.557846 0.248002
vt 0.563909 0.252134
vt 0.569087 0.257315
vt 0.511915 0.243445
vt 0.523646 0.235060
vt 0.517745 0.239091
vt 0.530224 0.232275
vt 0.537207 0.230853
vt 0.544336 0.230824
vt 0.551334 0.232210
vt 0.557914 0.234949
vt 0.563843 0.238942
vt 0.568984 0.244028
vt 0.517771 0.253653
vt 0.512825 0.258927
vt 0.523553 0.249442
vt 0.530007 0.246435
vt 0.536870 0.244649
vt 0.543908 0.244506
vt 0.550804 0.246109
vt 0.557354 0.248919
vt 0.563254 0.252956
vt 0.568358 0.258074
vt 0.512639 0.244200
vt 0.585885 0.992796
vt 0.583548 0.981986
vt 0.585885 0.981146
vt 0.569621 0.981005
vt 0.576134 0.991099
vt 0.573717 0.990249
vt 0.576036 0.979611
vt 0.578443 0.990352
vt 0.572372 0.991452
vt 0.566124 0.981443
vt 0.568436 0.982131
vt 0.566124 0.993055
vt 0.563802 0.982101
vt 0.549516 0.981322
vt 0.555911 0.991439
vt 0.553527 0.990583
vt 0.555911 0.979922
vt 0.558380 0.990385
vt 0.552117 0.991454
vt 0.545731 0.981286
vt 0.548158 0.982247
vt 0.545731 0.992906
vt 0.543380 0.982050
vt 0.529159 0.980684
vt 0.535572 0.990880
vt 0.533282 0.990184
vt 0.535572 0.979271
vt 0.537939 0.990046
vt 0.530720 0.990141
vt 0.524412 0.980148
vt 0.526747 0.980776
vt 0.524412 0.991577
vt 0.522075 0.980829
vt 0.613704 0.990831
vt 0.607294 0.980702
vt 0.609668 0.981513
vt 0.607294 0.992277
vt 0.604886 0.981600
vt 0.590189 0.981019
vt 0.596458 0.991239
vt 0.594093 0.990277
vt 0.596509 0.979482
vt 0.598802 0.990382
vt 0.592163 0.991281
vt 0.588242 0.982024
vt 0.527393 0.273908
vt 0.528801 0.276487
vt 0.527053 0.275850
vt 0.529788 0.274792
vt 0.530230 0.277701
vt 0.531751 0.276447
vt 0.531165 0.279335
vt 0.533026 0.278687
vt 0.531494 0.281170
vt 0.533468 0.281170
vt 0.531175 0.283015
vt 0.533036 0.283653
vt 0.530240 0.284639
vt 0.531751 0.285893
vt 0.528811 0.285852
vt 0.529788 0.287559
vt 0.527053 0.286500
vt 0.527403 0.288432
vt 0.525182 0.286490
vt 0.524853 0.288432
vt 0.523425 0.285842
vt 0.522428 0.287538
vt 0.521996 0.284639
vt 0.520464 0.285883
vt 0.521060 0.283015
vt 0.519200 0.283683
vt 0.520742 0.281170
vt 0.518768 0.281170
vt 0.521060 0.279335
vt 0.519210 0.278667
vt 0.521996 0.277711
vt 0.520464 0.276457
vt 0.523425 0.276498
vt 0.522428 0.274802
vt 0.525182 0.275850
vt 0.524854 0.273918
vt 0.527938 0.277988
vt 0.526755 0.277546
vt 0.528914 0.278811
vt 0.529551 0.279921
vt 0.529767 0.281170
vt 0.529551 0.282429
vt 0.528914 0.283540
vt 0.527948 0.284362
vt 0.526755 0.284794
vt 0.525481 0.284794
vt 0.524288 0.284352
vt 0.523312 0.283529
vt 0.522685 0.282429
vt 0.522458 0.281170
vt 0.522685 0.279921
vt 0.523312 0.278811
vt 0.524288 0.277988
vt 0.525481 0.277546
vt 0.537633 0.253104
vt 0.539482 0.253550
vt 0.538171 0.254033
vt 0.539297 0.252498
vt 0.540879 0.253555
vt 0.541065 0.252500
vt 0.542188 0.254027
vt 0.542728 0.253105
vt 0.543261 0.254923
vt 0.544080 0.254236
vt 0.543957 0.256136
vt 0.544966 0.255772
vt 0.544201 0.257514
vt 0.545273 0.257514
vt 0.543964 0.258891
vt 0.544967 0.259256
vt 0.543260 0.260098
vt 0.544082 0.260790
vt 0.542191 0.260996
vt 0.542729 0.261925
vt 0.540880 0.261479
vt 0.541065 0.262531
vt 0.539483 0.261474
vt 0.539297 0.262529
vt 0.538167 0.260994
vt 0.537634 0.261924
vt 0.537094 0.260098
vt 0.536276 0.260785
vt 0.536398 0.258885
vt 0.535396 0.259257
vt 0.536160 0.257514
vt 0.535089 0.257514
vt 0.536398 0.256137
vt 0.535395 0.255773
vt 0.537101 0.254931
vt 0.536280 0.254239
vt 0.539702 0.254786
vt 0.538792 0.255108
vt 0.540663 0.254783
vt 0.541569 0.255110
vt 0.542302 0.255728
vt 0.542790 0.256565
vt 0.542955 0.257514
vt 0.542784 0.258460
vt 0.542303 0.259293
vt 0.541564 0.259913
vt 0.540660 0.260242
vt 0.539699 0.260246
vt 0.538793 0.259919
vt 0.538053 0.259293
vt 0.537572 0.258463
vt 0.537407 0.257514
vt 0.537577 0.256569
vt 0.538052 0.255728
vt 0.539215 0.255852
vt 0.539846 0.255630
vt 0.540514 0.255623
vt 0.541146 0.255853
vt 0.541649 0.256276
vt 0.541985 0.256852
vt 0.542101 0.257514
vt 0.541979 0.258171
vt 0.541644 0.258747
vt 0.541141 0.259169
vt 0.540515 0.259399
vt 0.539847 0.259406
vt 0.539215 0.259176
vt 0.538706 0.258745
vt 0.538377 0.258177
vt 0.538260 0.257514
vt 0.538383 0.256858
vt 0.538711 0.256274
vt 0.539948 0.256215
vt 0.540046 0.256763
vt 0.539519 0.256374
vt 0.540409 0.256219
vt 0.540314 0.256757
vt 0.540846 0.256374
vt 0.540563 0.256852
vt 0.541192 0.256659
vt 0.540768 0.257015
vt 0.541420 0.257058
vt 0.540900 0.257253
vt 0.541497 0.257514
vt 0.540949 0.257514
vt 0.541420 0.257969
vt 0.540898 0.257778
vt 0.541189 0.258364
vt 0.540768 0.258007
vt 0.540843 0.258655
vt 0.540564 0.258179
vt 0.540413 0.258814
vt 0.540316 0.258266
vt 0.539953 0.258810
vt 0.540047 0.258271
vt 0.539516 0.258655
vt 0.539798 0.258177
vt 0.539171 0.258355
vt 0.539588 0.258006
vt 0.538942 0.257971
vt 0.539462 0.257776
vt 0.538865 0.257514
vt 0.539412 0.257514
vt 0.538941 0.257060
vt 0.539464 0.257251
vt 0.539173 0.256664
vt 0.539593 0.257022
vt 0.539798 0.256850
vt 0.540181 0.257252
vt 0.540052 0.257281
vt 0.540181 0.257252
vt 0.540315 0.257275
vt 0.540382 0.257339
vt 0.540434 0.257514
vt 0.540439 0.257514
vt 0.540440 0.257514
vt 0.540389 0.257682
vt 0.540310 0.257748
vt 0.540181 0.257777
vt 0.540181 0.257777
vt 0.540040 0.257746
vt 0.539973 0.257682
vt 0.539922 0.257514
vt 0.539923 0.257514
vt 0.539922 0.257514
vt 0.539973 0.257347
vt 0.509938 0.294796
vt 0.506618 0.288288
vt 0.510072 0.293963
vt 0.506207 0.288443
vt 0.505641 0.281710
vt 0.504994 0.281170
vt 0.517339 0.282326
vt 0.518604 0.283899
vt 0.518676 0.285893
vt 0.522304 0.301971
vt 0.515551 0.299390
vt 0.521965 0.301374
vt 0.515355 0.299730
vt 0.510575 0.294806
vt 0.520084 0.287682
vt 0.522181 0.287970
vt 0.523486 0.289491
vt 0.536654 0.299524
vt 0.529623 0.301611
vt 0.535955 0.299247
vt 0.529675 0.301930
vt 0.522839 0.301508
vt 0.525738 0.290036
vt 0.527495 0.288957
vt 0.529613 0.289543
vt 0.545947 0.288494
vt 0.541938 0.294549
vt 0.545258 0.288731
vt 0.542257 0.294816
vt 0.536768 0.298763
vt 0.531638 0.288504
vt 0.532183 0.286253
vt 0.534074 0.285267
vt 0.545947 0.273877
vt 0.546842 0.281170
vt 0.545474 0.274647
vt 0.547140 0.281170
vt 0.545557 0.287867
vt 0.534712 0.283036
vt 0.534064 0.281170
vt 0.534732 0.279304
vt 0.536654 0.262826
vt 0.541866 0.267873
vt 0.536757 0.263494
vt 0.542226 0.267575
vt 0.545022 0.273558
vt 0.533941 0.277115
vt 0.532172 0.276087
vt 0.531546 0.274010
vt 0.529675 0.260411
vt 0.535863 0.263135
vt 0.529613 0.260770
vt 0.529500 0.272951
vt 0.527475 0.273445
vt 0.525727 0.272252
vt 0.522973 0.260955
vt 0.522304 0.260370
vt 0.509928 0.267565
vt 0.515499 0.262888
vt 0.510760 0.267554
vt 0.515355 0.262641
vt 0.521883 0.261110
vt 0.523466 0.272725
vt 0.522212 0.274432
vt 0.520033 0.274617
vt 0.506515 0.274031
vt 0.505549 0.280723
vt 0.506176 0.273908
vt 0.510133 0.268377
vt 0.518532 0.276303
vt 0.518676 0.278472
vt 0.517278 0.280034
vt 0.573950 0.262222
vt 0.572602 0.269658
vt 0.570278 0.263641
vt 0.576130 0.268475
vt 0.574505 0.279614
vt 0.578290 0.280005
vt 0.574670 0.282068
vt 0.578732 0.282068
vt 0.574505 0.284603
vt 0.578321 0.284161
vt 0.572777 0.294519
vt 0.576326 0.295650
vt 0.570555 0.300556
vt 0.582002 0.254836
vt 0.575834 0.259442
vt 0.578537 0.253479
vt 0.581889 0.221477
vt 0.579997 0.228693
vt 0.578126 0.222639
vt 0.583595 0.227748
vt 0.581210 0.238676
vt 0.585004 0.239313
vt 0.581221 0.241102
vt 0.585271 0.241266
vt 0.580891 0.243631
vt 0.584726 0.243436
vt 0.559031 0.295351
vt 0.553146 0.300103
vt 0.555511 0.294130
vt 0.557445 0.261759
vt 0.555980 0.269243
vt 0.553774 0.263094
vt 0.559545 0.268158
vt 0.557602 0.279396
vt 0.561400 0.279899
vt 0.557690 0.281794
vt 0.561744 0.281876
vt 0.557445 0.284195
vt 0.561321 0.283850
vt 0.554408 0.294376
vt 0.548516 0.299300
vt 0.550871 0.293203
vt 0.552248 0.260833
vt 0.550884 0.268316
vt 0.548556 0.262238
vt 0.554428 0.267151
vt 0.552719 0.278038
vt 0.556458 0.278460
vt 0.552856 0.280668
vt 0.556922 0.280668
vt 0.552719 0.283244
vt 0.556500 0.282824
vt 0.549364 0.295413
vt 0.543423 0.300258
vt 0.545856 0.294196
vt 0.547754 0.261759
vt 0.546206 0.269263
vt 0.543994 0.263115
vt 0.549797 0.268148
vt 0.547909 0.279353
vt 0.551710 0.279835
vt 0.548026 0.281738
vt 0.552084 0.281877
vt 0.547754 0.284396
vt 0.551603 0.284042
vt 0.553732 0.250267
vt 0.558724 0.256128
vt 0.552596 0.253756
vt 0.519810 0.252776
vt 0.527395 0.253998
vt 0.521262 0.256446
vt 0.526199 0.250477
vt 0.537492 0.252157
vt 0.537883 0.248297
vt 0.539963 0.251925
vt 0.539963 0.247868
vt 0.542380 0.252045
vt 0.541924 0.248237
vt 0.581234 0.295605
vt 0.575371 0.300427
vt 0.577709 0.294427
vt 0.579439 0.262222
vt 0.577956 0.269610
vt 0.575741 0.263568
vt 0.581503 0.268496
vt 0.579584 0.279596
vt 0.583448 0.280054
vt 0.579751 0.282034
vt 0.583798 0.282034
vt 0.579584 0.284421
vt 0.583419 0.284029
vt 0.569069 0.295788
vt 0.562870 0.300332
vt 0.565615 0.294390
vt 0.569141 0.262222
vt 0.567270 0.269603
vt 0.565368 0.263373
vt 0.570878 0.268678
vt 0.568390 0.279483
vt 0.572163 0.280151
vt 0.568401 0.282104
vt 0.572451 0.282310
vt 0.568072 0.284531
vt 0.571906 0.284356
vt 0.563780 0.295776
vt 0.557776 0.300464
vt 0.560285 0.294491
vt 0.562886 0.262222
vt 0.561210 0.269613
vt 0.559154 0.263476
vt 0.564788 0.268585
vt 0.562660 0.279637
vt 0.566453 0.280192
vt 0.562742 0.282109
vt 0.566803 0.282278
vt 0.562454 0.284663
vt 0.566278 0.284396
vt 0.518909 0.226366
vt 0.511365 0.231493
vt 0.527292 0.222832
vt 0.536192 0.221014
vt 0.545284 0.221054
vt 0.554228 0.222683
vt 0.562611 0.226236
vt 0.570179 0.231315
vt 0.576585 0.237875
vt 0.576333 0.238010
vt 0.511160 0.246257
vt 0.504994 0.253051
vt 0.518546 0.240901
vt 0.526892 0.237278
vt 0.535646 0.234677
vt 0.544824 0.234441
vt 0.553624 0.236903
vt 0.562084 0.240230
vt 0.569636 0.245361
vt 0.576007 0.251955
vt 0.575759 0.252097
vt 0.504994 0.238090
vt 0.820328 0.250982
vt 0.823297 0.242234
vt 0.828931 0.234921
vt 0.836636 0.229836
vt 0.845571 0.227512
vt 0.854780 0.228205
vt 0.863268 0.231852
vt 0.870110 0.238045
vt 0.874575 0.246127
vt 0.876183 0.255223
vt 0.874762 0.264340
vt 0.870466 0.272509
vt 0.863952 0.279134
vt 0.863746 0.278821
vt 0.845744 0.283528
vt 0.836803 0.281263
vt 0.829041 0.276198
vt 0.823384 0.268941
vt 0.820365 0.260215
vt 0.915998 0.217089
vt 0.932301 0.219618
vt 0.921672 0.224974
vt 0.905379 0.227636
vt 0.913222 0.233361
vt 0.898564 0.240948
vt 0.907795 0.243960
vt 0.896220 0.255719
vt 0.905924 0.255719
vt 0.898574 0.270501
vt 0.907795 0.267489
vt 0.905400 0.283813
vt 0.913233 0.278087
vt 0.916018 0.294349
vt 0.921682 0.286475
vt 0.929382 0.301072
vt 0.932321 0.291821
vt 0.944174 0.303313
vt 0.944102 0.293599
vt 0.958935 0.300836
vt 0.955851 0.291636
vt 0.972195 0.293907
vt 0.966398 0.286116
vt 0.982619 0.283207
vt 0.974734 0.277574
vt 0.989279 0.269915
vt 0.980038 0.266790
vt 0.982608 0.228212
vt 0.980038 0.244628
vt 0.974724 0.233845
vt 0.972175 0.217511
vt 0.966387 0.225303
vt 0.958914 0.210583
vt 0.955831 0.219793
vt 0.944153 0.208126
vt 0.944081 0.217829
vt 0.929361 0.210367
vt 0.926010 0.230997
vt 0.919226 0.237751
vt 0.914857 0.246273
vt 0.913356 0.255719
vt 0.914867 0.265176
vt 0.919226 0.273698
vt 0.926020 0.280441
vt 0.934573 0.284738
vt 0.944040 0.286167
vt 0.953487 0.284594
vt 0.961967 0.280164
vt 0.968659 0.273328
vt 0.972843 0.264765
vt 0.968659 0.238090
vt 0.961957 0.231264
vt 0.953466 0.226834
vt 0.944030 0.225262
vt 0.934562 0.226701
vt 0.727327 0.324557
vt 0.718579 0.327733
vt 0.727091 0.324145
vt 0.734451 0.318574
vt 0.734102 0.318276
vt 0.739108 0.310514
vt 0.738666 0.310350
vt 0.740722 0.301350
vt 0.740260 0.301350
vt 0.739108 0.292185
vt 0.738666 0.292350
vt 0.734451 0.284125
vt 0.734102 0.284424
vt 0.727327 0.278143
vt 0.727091 0.278543
vt 0.718579 0.274966
vt 0.718497 0.275418
vt 0.709275 0.274966
vt 0.709358 0.275418
vt 0.700527 0.278143
vt 0.700764 0.278543
vt 0.693403 0.284125
vt 0.693763 0.284424
vt 0.688746 0.292185
vt 0.689188 0.292349
vt 0.687132 0.301350
vt 0.687605 0.301350
vt 0.688746 0.310514
vt 0.689188 0.310350
vt 0.693403 0.318574
vt 0.693763 0.318276
vt 0.700527 0.324557
vt 0.700764 0.324145
vt 0.709275 0.327733
vt 0.709358 0.327281
vt 0.718497 0.327281
vt 0.934819 0.227492
vt 0.926493 0.231676
vt 0.919894 0.238234
vt 0.915648 0.246530
vt 0.914189 0.255719
vt 0.915659 0.264919
vt 0.919904 0.273205
vt 0.926514 0.279763
vt 0.934830 0.283947
vt 0.944030 0.285345
vt 0.953219 0.283803
vt 0.961464 0.279506
vt 0.967980 0.272865
vt 0.972843 0.246663
vt 0.972041 0.246869
vt 0.967970 0.238553
vt 0.961453 0.231923
vt 0.953199 0.227626
vt 0.944019 0.226094
vt 0.718106 0.325020
vt 0.725950 0.322162
vt 0.732344 0.316796
vt 0.736518 0.309568
vt 0.737967 0.301350
vt 0.736518 0.293131
vt 0.732344 0.285904
vt 0.725950 0.280538
vt 0.718106 0.277680
vt 0.709758 0.277680
vt 0.701915 0.280538
vt 0.695521 0.285904
vt 0.691347 0.293131
vt 0.689898 0.301350
vt 0.691347 0.309568
vt 0.695521 0.316796
vt 0.701915 0.322162
vt 0.709758 0.325020
vt 0.717941 0.324115
vt 0.725487 0.321370
vt 0.731635 0.316209
vt 0.735644 0.309250
vt 0.737042 0.301350
vt 0.735644 0.293439
vt 0.731635 0.286490
vt 0.725487 0.281329
vt 0.717941 0.278585
vt 0.709913 0.278585
vt 0.702367 0.281329
vt 0.696220 0.286490
vt 0.692211 0.293439
vt 0.690812 0.301350
vt 0.692211 0.309250
vt 0.696220 0.316209
vt 0.702367 0.321370
vt 0.709913 0.324115
vt 0.788242 0.123395
vt 0.873123 0.292807
vt 0.579596 0.991296
vt 0.582226 0.981055
vt 0.559733 0.991534
vt 0.562266 0.981334
vt 0.539316 0.991427
vt 0.542042 0.980649
vt 0.518110 0.990139
vt 0.600949 0.990713
vt 0.602793 0.981088
vt 0.574258 0.301914
vt 0.579422 0.261056
vt 0.556810 0.301562
vt 0.552196 0.300722
vt 0.547080 0.301718
vt 0.560116 0.252437
vt 0.579044 0.301847
vt 0.566447 0.301987
vt 0.561405 0.301996
vt 0.854928 0.282747
vt 0.989279 0.241493
vt 0.972041 0.264549
s 1
g off
g llanta_izquierda_1_Material_#25
usemtl Material_#25
f 1/1/1 20/2/2 19/3/3
f 2/4/4 21/5/5 20/2/2
f 3/6/6 22/7/7 21/5/5
f 4/8/8 23/9/9 22/7/7
f 5/10/10 24/11/11 23/9/9
f 6/12/12 25/13/13 24/11/11
f 7/14/14 26/15/15 25/13/13
f 8/16/16 27/17/17 26/15/15
f 9/18/18 28/19/19 27/17/17
f 10/20/20 29/21/21 28/19/19
f 11/22/22 30/23/23 29/21/21
f 12/24/24 31/25/25 30/23/23
f 13/26/26 32/27/27 31/25/25
f 14/28/28 33/29/29 32/30/27
f 15/31/30 34/32/31 33/29/29
f 16/33/32 35/34/33 34/32/31
f 17/35/34 36/36/35 35/34/33
f 18/37/36 19/3/3 36/36/35
f 19/3/3 38/38/37 37/39/38
f 20/2/2 39/40/39 38/38/37
f 21/5/5 40/41/40 39/40/39
f 22/7/7 41/42/41 40/41/40
f 23/9/9 42/43/42 41/42/41
f 24/11/11 43/44/43 42/43/42
f 25/13/13 44/45/44 43/44/43
f 26/15/15 45/46/45 44/45/44
f 27/17/17 46/47/46 45/46/45
f 28/19/19 47/48/47 46/47/46
f 29/21/21 48/49/48 47/48/47
f 30/23/23 49/50/49 48/49/48
f 31/25/25 50/51/50 49/50/49
f 32/30/27 51/52/51 50/53/50
f 33/29/29 52/54/52 51/52/51
f 34/32/31 53/55/53 52/54/52
f 35/34/33 54/56/54 53/55/53
f 36/36/35 37/39/38 54/56/54
f 37/39/38 56/57/55 55/58/56
f 38/38/37 57/59/57 56/57/55
f 39/40/39 58/60/58 57/59/57
f 40/41/40 59/61/59 58/60/58
f 41/42/41 60/62/60 59/61/59
f 42/43/42 61/63/61 60/62/60
f 43/44/43 62/64/62 61/63/61
f 44/45/44 63/65/63 62/64/62
f 45/46/45 64/66/64 63/65/63
f 46/47/46 65/67/65 64/66/64
f 47/48/47 66/68/66 65/67/65
f 48/49/48 67/69/67 66/68/66
f 49/50/49 68/70/68 67/69/67
f 50/53/50 69/71/69 68/72/68
f 51/52/51 70/73/70 69/71/69
f 52/54/52 71/74/71 70/73/70
f 53/55/53 72/75/72 71/74/71
f 54/56/54 55/58/56 72/75/72
f 55/58/56 74/76/73 73/77/74
f 56/57/55 75/78/75 74/76/73
f 57/59/57 76/79/76 75/78/75
f 58/60/58 77/80/77 76/79/76
f 59/61/59 78/81/78 77/80/77
f 60/62/60 79/82/79 78/81/78
f 61/63/61 80/83/80 79/82/79
f 62/64/62 81/84/81 80/83/80
f 63/65/63 82/85/82 81/84/81
f 64/66/64 83/86/83 82/85/82
f 65/67/65 84/87/84 83/86/83
f 66/68/66 85/88/85 84/87/84
f 67/69/67 86/89/86 85/88/85
f 68/72/68 87/90/87 86/91/86
f 69/71/69 88/92/88 87/90/87
f 70/73/70 89/93/89 88/92/88
f 71/74/71 90/94/90 89/93/89
f 72/75/72 73/77/74 90/94/90
f 73/77/74 92/95/91 91/96/92
f 74/76/73 93/97/93 92/95/91
f 75/78/75 94/98/94 93/97/93
f 76/79/76 95/99/95 94/98/94
f 77/80/77 96/100/96 95/99/95
f 78/81/78 97/101/97 96/100/96
f 79/82/79 98/102/98 97/101/97
f 80/83/80 99/103/99 98/102/98
f 81/84/81 100/104/100 99/103/99
f 82/85/82 101/105/101 100/104/100
f 83/86/83 102/106/102 101/105/101
f 84/87/84 103/107/103 102/106/102
f 85/88/85 104/108/104 103/107/103
f 86/91/86 105/109/105 104/110/104
f 87/90/87 106/111/106 105/109/105
f 88/92/88 107/112/107 106/111/106
f 89/93/89 108/113/108 107/112/107
f 90/94/90 91/96/92 108/113/108
f 91/114/92 110/115/109 109/116/110
f 92/117/91 111/118/111 110/115/109
f 93/119/93 112/120/112 111/118/111
f 94/121/94 113/122/113 112/120/112
f 95/123/95 114/124/114 113/122/113
f 96/125/96 115/126/115 114/124/114
f 97/127/97 116/128/116 115/126/115
f 98/129/98 117/130/117 116/128/116
f 99/131/99 118/132/118 117/130/117
f 100/133/100 119/134/119 118/132/118
f 101/135/101 120/136/120 119/134/119
f 102/137/102 121/138/121 120/136/120
f 103/139/103 122/140/122 121/138/121
f 104/141/104 123/142/123 122/143/122
f 105/144/105 124/145/124 123/142/123
f 106/146/106 125/147/125 124/145/124
f 107/148/107 126/149/126 125/147/125
f 108/150/108 109/116/110 126/149/126
f 109/116/110 110/115/109 499/151/127
f 110/115/109 111/118/111 498/152/128
f 111/118/111 112/120/112 497/153/129
f 112/120/112 113/122/113 496/154/130
f 113/122/113 114/124/114 495/155/131
f 114/124/114 115/126/115 494/156/132
f 115/126/115 116/128/116 493/157/133
f 116/128/116 117/130/117 492/158/134
f 117/130/117 118/132/118 491/159/135
f 118/132/118 119/134/119 490/160/136
f 119/134/119 120/136/120 489/161/137
f 120/136/120 121/138/121 488/162/138
f 121/138/121 122/140/122 487/163/139
f 122/143/122 123/142/123 504/164/140
f 123/142/123 124/145/124 503/165/141
f 124/145/124 125/147/125 502/166/142
f 125/147/125 126/149/126 501/167/143
f 126/149/126 109/116/110 500/168/144
s 2
f 127/169/145 146/170/146 145/171/147
f 128/172/148 147/173/149 146/170/146
f 129/174/150 148/175/151 147/173/149
f 130/176/152 149/177/153 148/175/151
f 131/178/154 150/179/155 149/177/153
f 132/180/156 151/181/157 150/179/155
f 133/182/158 152/183/159 151/181/157
f 134/184/160 153/185/161 152/183/159
f 135/186/162 154/187/163 153/188/161
f 136/189/164 155/190/165 154/187/163
f 137/191/166 156/192/167 155/190/165
f 138/193/168 157/194/169 156/192/167
f 139/195/170 158/196/171 157/194/169
f 140/197/172 159/198/173 158/196/171
f 141/199/174 160/200/175 159/198/173
f 142/201/176 161/202/177 160/200/175
f 143/203/178 162/204/179 161/202/177
f 144/205/180 145/171/147 162/206/179
f 145/171/147 164/207/181 163/208/182
f 146/170/146 165/209/183 164/207/181
f 147/173/149 166/210/184 165/209/183
f 148/175/151 167/211/185 166/210/184
f 149/177/153 168/212/186 167/211/185
f 150/179/155 169/213/187 168/212/186
f 151/181/157 170/214/188 169/213/187
f 152/183/159 171/215/189 170/214/188
f 153/188/161 172/216/190 171/217/189
f 154/187/163 173/218/191 172/216/190
f 155/190/165 174/219/192 173/218/191
f 156/192/167 175/220/193 174/219/192
f 157/194/169 176/221/194 175/220/193
f 158/196/171 177/222/195 176/221/194
f 159/198/173 178/223/196 177/222/195
f 160/200/175 179/224/197 178/223/196
f 161/202/177 180/225/198 179/224/197
f 162/206/179 163/208/182 180/226/198
f 163/208/182 182/227/199 181/228/200
f 164/207/181 183/229/201 182/227/199
f 165/209/183 184/230/202 183/229/201
f 166/210/184 185/231/203 184/230/202
f 167/211/185 186/232/204 185/231/203
f 168/212/186 187/233/205 186/232/204
f 169/213/187 188/234/206 187/233/205
f 170/214/188 189/235/207 188/234/206
f 171/217/189 190/236/208 189/237/207
f 172/216/190 191/238/209 190/236/208
f 173/218/191 192/239/210 191/238/209
f 174/219/192 193/240/211 192/239/210
f 175/220/193 194/241/212 193/240/211
f 176/221/194 195/242/213 194/241/212
f 177/222/195 196/243/214 195/242/213
f 178/223/196 197/244/215 196/243/214
f 179/224/197 198/245/216 197/244/215
f 180/226/198 181/228/200 198/246/216
s 3
f 415/247/217 417/248/218 418/249/219
s 4
f 421/250/220 425/251/221 426/252/222
f 422/253/223 424/254/224 425/251/221
s 5
f 427/255/225 431/256/226 432/257/227
f 428/258/228 430/259/229 431/256/226
s 6
f 433/260/230 437/261/231 438/262/232
f 434/263/233 436/264/234 437/261/231
s 7
f 439/265/235 443/266/236 444/267/237
f 440/268/238 442/269/239 443/266/236
s 8
f 445/270/240 449/271/241 450/272/242
f 446/273/243 448/274/244 449/271/241
s 9
f 451/275/245 455/276/246 456/277/247
f 452/278/248 454/279/249 455/276/246
s 10
f 457/280/250 461/281/251 462/282/252
f 458/283/253 460/284/254 461/281/251
s 11
f 463/285/255 467/286/256 468/287/257
f 464/288/258 466/289/259 467/286/256
s 3
f 420/290/260 418/249/219 419/291/261
s 12
f 199/292/262 218/293/263 217/294/264
f 200/295/265 219/296/266 218/293/263
f 201/297/267 220/298/268 219/296/266
f 202/299/269 221/300/270 220/298/268
f 203/301/271 222/302/272 221/300/270
f 204/303/273 223/304/274 222/302/272
f 205/305/275 224/306/276 223/304/274
f 206/307/277 225/308/278 224/306/276
f 207/309/279 226/310/280 225/308/278
f 208/311/281 227/312/282 226/310/280
f 209/313/283 228/314/284 227/312/282
f 210/315/285 229/316/286 228/314/284
f 211/317/287 230/318/288 229/316/286
f 212/319/289 231/320/290 230/318/288
f 213/321/291 232/322/292 231/320/290
f 214/323/293 233/324/294 232/322/292
f 215/325/295 234/326/296 233/324/294
f 216/327/297 217/294/264 234/326/296
f 217/294/264 236/328/298 235/329/299
f 218/293/263 237/330/300 236/328/298
f 219/296/266 238/331/301 237/330/300
f 220/298/268 239/332/302 238/331/301
f 221/300/270 240/333/303 239/332/302
f 222/302/272 241/334/304 240/333/303
f 223/304/274 242/335/305 241/334/304
f 224/306/276 243/336/306 242/335/305
f 225/308/278 244/337/307 243/336/306
f 226/310/280 245/338/308 244/337/307
f 227/312/282 246/339/309 245/338/308
f 228/314/284 247/340/310 246/339/309
f 229/316/286 248/341/311 247/340/310
f 230/318/288 249/342/312 248/341/311
f 231/320/290 250/343/313 249/342/312
f 232/322/292 251/344/314 250/343/313
f 233/324/294 252/345/315 251/344/314
f 234/326/296 235/329/299 252/345/315
s 13
f 235/346/316 254/347/317 253/348/318
f 236/349/319 255/350/320 254/347/317
f 237/351/321 256/352/322 255/350/320
f 238/353/323 257/354/324 256/352/322
f 239/355/325 258/356/326 257/354/324
f 240/357/327 259/358/328 258/356/326
f 241/359/329 260/360/330 259/358/328
f 242/361/331 261/362/332 260/360/330
f 243/363/333 262/364/334 261/362/332
f 244/365/335 263/366/336 262/364/334
f 245/367/337 264/368/338 263/366/336
f 246/369/339 265/370/340 264/368/338
f 247/371/341 266/372/342 265/370/340
f 248/373/343 267/374/344 266/372/342
f 249/375/345 268/376/346 267/374/344
f 250/377/347 269/378/348 268/376/346
f 251/379/349 270/380/350 269/378/348
f 252/381/351 253/348/318 270/380/350
f 253/348/318 272/382/352 271/383/353
f 254/347/317 273/384/354 272/382/352
f 255/350/320 274/385/355 273/384/354
f 256/352/322 275/386/356 274/385/355
f 257/354/324 276/387/357 275/386/356
f 258/356/326 277/388/358 276/387/357
f 259/358/328 278/389/359 277/388/358
f 260/360/330 279/390/360 278/389/359
f 261/362/332 280/391/361 279/390/360
f 262/364/334 281/392/362 280/391/361
f 263/366/336 282/393/363 281/392/362
f 264/368/338 283/394/364 282/393/363
f 265/370/340 284/395/365 283/394/364
f 266/372/342 285/396/366 284/395/365
f 267/374/344 286/397/367 285/396/366
f 268/376/346 287/398/368 286/397/367
f 269/378/348 288/399/369 287/398/368
f 270/380/350 271/383/353 288/399/369
f 271/383/353 272/382/352 335/400/370
f 272/382/352 273/384/354 334/401/371
f 273/384/354 274/385/355 333/402/372
f 274/385/355 275/386/356 332/403/373
f 275/386/356 276/387/357 331/404/374
f 276/387/357 277/388/358 330/405/375
f 277/388/358 278/389/359 329/406/376
f 278/389/359 279/390/360 328/407/377
f 279/390/360 280/391/361 327/408/378
f 280/391/361 281/392/362 326/409/379
f 281/392/362 282/393/363 325/410/380
f 282/393/363 283/394/364 342/411/381
f 283/394/364 284/395/365 341/412/382
f 284/395/365 285/396/366 340/413/383
f 285/396/366 286/397/367 339/414/384
f 286/397/367 287/398/368 338/415/385
f 287/398/368 288/399/369 337/416/386
f 288/399/369 271/383/353 336/417/387
f 316/418/388 290/419/389 317/420/390
f 315/421/391 291/422/392 316/418/388
f 314/423/393 292/424/394 315/421/391
f 313/425/395 293/426/396 314/423/393
f 312/427/397 294/428/398 313/425/395
f 311/429/399 295/430/400 312/427/397
f 310/431/401 296/432/402 311/429/399
f 309/433/403 297/434/404 310/431/401
f 308/435/405 298/436/406 309/433/403
f 307/437/407 299/438/408 308/435/405
f 324/439/409 300/440/410 307/437/407
f 323/441/411 301/442/412 324/439/409
f 322/443/413 302/444/414 323/441/411
f 321/445/415 303/446/416 322/443/413
f 320/447/417 304/448/418 321/445/415
f 319/449/419 305/450/420 320/447/417
f 318/451/421 306/452/422 319/449/419
f 317/420/390 289/453/423 318/451/421
f 334/401/371 316/418/388 335/400/370
f 333/402/372 315/421/391 334/401/371
f 332/403/373 314/423/393 333/402/372
f 331/404/374 313/425/395 332/403/373
f 330/405/375 312/427/397 331/404/374
f 329/406/376 311/429/399 330/405/375
f 328/407/377 310/431/401 329/406/376
f 327/408/378 309/433/403 328/407/377
f 326/409/379 308/435/405 327/408/378
f 325/410/380 307/437/407 326/409/379
f 342/411/381 324/439/409 325/410/380
f 341/412/382 323/441/411 342/411/381
f 340/413/383 322/443/413 341/412/382
f 339/414/384 321/445/415 340/413/383
f 338/415/385 320/447/417 339/414/384
f 337/416/386 319/449/419 338/415/385
f 336/417/387 318/451/421 337/416/386
f 335/400/370 317/420/390 336/417/387
f 289/453/423 344/454/424 343/455/425
f 290/419/389 345/456/426 344/454/424
f 291/422/392 346/457/427 345/456/426
f 292/424/394 347/458/428 346/457/427
f 293/426/396 348/459/429 347/458/428
f 294/428/398 349/460/430 348/459/429
f 295/430/400 350/461/431 349/460/430
f 296/432/402 351/462/432 350/461/431
f 297/434/404 352/463/433 351/462/432
f 298/436/406 353/464/434 352/463/433
f 299/438/408 354/465/435 353/464/434
f 300/440/410 355/466/436 354/465/435
f 301/442/412 356/467/437 355/466/436
f 302/444/414 357/468/438 356/467/437
f 303/446/416 358/469/439 357/468/438
f 304/448/418 359/470/440 358/469/439
f 305/450/420 360/471/441 359/470/440
f 306/452/422 343/455/425 360/471/441
f 349/460/430 350/461/431 354/465/435
f 350/461/431 351/462/432 353/464/434
f 355/466/436 356/467/437 348/459/429
f 348/459/429 349/460/430 355/466/436
f 357/468/438 358/469/439 346/457/427
f 346/457/427 347/458/428 357/468/438
f 359/470/440 360/471/441 344/454/424
f 344/454/424 345/456/426 359/470/440
s 12
f 192/472/442 362/473/443 361/474/444
f 193/475/445 363/476/446 362/473/443
f 194/477/447 364/478/448 363/476/446
f 212/319/289 365/479/449 364/478/448
f 211/317/287 366/480/450 365/479/449
f 210/315/285 361/474/444 366/480/450
f 190/481/451 368/482/452 367/483/453
f 191/484/454 369/485/455 368/482/452
f 192/472/442 370/486/456 369/485/455
f 210/315/285 371/487/457 370/486/456
f 209/313/283 372/488/458 371/487/457
f 208/311/281 367/483/453 372/488/458
f 188/489/459 374/490/460 373/491/461
f 189/492/462 375/493/463 374/490/460
f 190/481/451 376/494/464 375/493/463
f 208/311/281 377/495/465 376/494/464
f 207/309/279 378/496/466 377/495/465
f 206/307/277 373/491/461 378/496/466
f 186/497/467 380/498/468 379/499/469
f 187/500/470 381/501/471 380/498/468
f 188/489/459 382/502/472 381/501/471
f 206/307/277 383/503/473 382/502/472
f 205/305/275 384/504/474 383/503/473
f 204/303/273 379/499/469 384/504/474
f 184/505/475 386/506/476 385/507/477
f 185/508/478 387/509/479 386/506/476
f 186/497/467 388/510/480 387/509/479
f 204/303/273 389/511/481 388/510/480
f 203/301/271 390/512/482 389/511/481
f 202/299/269 385/507/477 390/512/482
f 182/513/483 392/514/484 391/515/485
f 183/516/486 393/517/487 392/514/484
f 184/505/475 394/518/488 393/517/487
f 202/299/269 395/519/489 394/518/488
f 201/297/267 396/520/490 395/519/489
f 200/295/265 391/515/485 396/520/490
f 181/521/491 398/522/492 397/523/493
f 182/513/483 399/524/494 398/522/492
f 200/295/265 400/525/495 399/524/494
f 199/292/262 401/526/496 400/525/495
f 216/327/297 402/527/497 401/526/496
f 198/528/498 397/523/493 402/527/497
f 196/529/499 404/530/500 403/531/501
f 197/532/502 405/533/503 404/530/500
f 198/528/498 406/534/504 405/533/503
f 216/327/297 407/535/505 406/534/504
f 215/325/295 408/536/506 407/535/505
f 214/323/293 403/531/501 408/536/506
f 194/477/447 410/537/507 409/538/508
f 195/539/509 411/540/510 410/537/507
f 196/529/499 412/541/511 411/540/510
f 214/323/293 413/542/512 412/541/511
f 213/321/291 414/543/513 413/542/512
f 212/319/289 409/538/508 414/543/513
s 14
f 397/544/514 416/545/515 415/546/516
s 15
f 398/547/517 417/548/517 416/545/517
s 16
f 399/549/518 418/550/519 417/548/520
f 400/551/521 419/552/522 418/550/519
s 17
f 401/553/523 420/554/523 419/552/523
s 14
f 402/555/524 415/556/516 420/554/525
s 18
f 391/557/526 422/558/527 421/559/528
f 392/560/529 423/561/530 422/562/527
s 19
f 393/563/531 424/564/531 423/561/531
s 20
f 394/565/532 425/566/533 424/564/534
f 395/567/535 426/568/536 425/566/533
s 21
f 396/569/537 421/559/537 426/568/537
s 22
f 385/570/538 428/571/539 427/572/540
f 386/573/541 429/574/542 428/575/539
s 23
f 387/576/543 430/577/543 429/574/543
s 24
f 388/578/544 431/579/545 430/577/546
f 389/580/547 432/581/548 431/579/545
s 25
f 390/582/549 427/572/549 432/581/549
s 26
f 379/583/550 434/584/551 433/585/552
f 380/586/553 435/587/554 434/588/551
s 27
f 381/589/555 436/590/556 435/587/555
f 382/591/557 437/592/558 436/590/556
f 383/593/559 438/594/560 437/592/558
s 28
f 384/595/561 433/585/561 438/594/561
s 29
f 373/596/562 440/597/563 439/598/564
f 374/599/565 441/600/566 440/601/563
s 30
f 375/602/567 442/603/567 441/600/567
s 31
f 376/604/568 443/605/569 442/603/570
f 377/606/571 444/607/572 443/605/569
s 32
f 378/608/573 439/598/573 444/607/573
s 33
f 367/609/574 446/610/575 445/611/576
f 368/612/577 447/613/578 446/614/575
s 34
f 369/615/579 448/616/579 447/613/579
s 35
f 370/617/580 449/618/581 448/616/582
f 371/619/583 450/620/584 449/618/581
s 36
f 372/621/585 445/611/585 450/620/585
s 37
f 361/622/586 452/623/587 451/624/588
f 362/625/589 453/626/590 452/627/587
s 38
f 363/628/591 454/629/591 453/626/591
s 39
f 364/630/592 455/631/593 454/629/594
f 365/632/595 456/633/596 455/631/593
s 40
f 366/634/597 451/624/597 456/633/597
s 41
f 409/635/598 458/636/599 457/637/600
f 410/638/601 459/639/602 458/640/599
s 42
f 411/641/603 460/642/603 459/639/603
s 43
f 412/643/604 461/644/605 460/642/606
f 413/645/607 462/646/608 461/644/605
s 44
f 414/647/609 457/637/609 462/646/609
s 45
f 403/648/610 464/649/611 463/650/612
f 404/651/613 465/652/614 464/653/611
s 46
f 405/654/615 466/655/615 465/652/615
s 47
f 406/656/616 467/657/617 466/655/618
f 407/658/619 468/659/620 467/657/617
s 48
f 408/660/621 463/650/621 468/659/621
s 49
f 480/661/622 128/172/622 481/662/623
f 479/663/624 129/174/624 480/661/622
f 478/664/625 130/176/625 479/663/624
f 477/665/626 131/178/626 478/664/625
f 476/666/627 132/180/627 477/665/626
f 475/667/628 133/182/628 476/666/627
f 474/668/629 134/184/629 475/667/628
f 473/669/630 135/670/630 474/668/629
f 472/671/631 136/189/631 473/672/630
f 471/673/632 137/191/632 472/671/631
f 470/674/633 138/193/633 471/673/632
f 469/675/634 139/195/634 470/674/633
f 486/676/635 140/197/635 469/675/634
f 485/677/636 141/199/636 486/676/635
f 484/678/637 142/201/637 485/677/636
f 483/679/638 143/203/638 484/678/637
f 482/680/639 144/681/639 483/679/638
f 481/662/623 127/169/640 482/682/639
s 1
f 498/152/128 480/683/641 499/151/127
f 497/153/129 479/684/642 498/152/128
f 496/154/130 478/685/643 497/153/129
f 495/155/131 477/686/644 496/154/130
f 494/156/132 476/687/645 495/155/131
f 493/157/133 475/688/646 494/156/132
f 492/158/134 474/689/647 493/157/133
f 491/159/135 473/690/648 492/158/134
f 490/160/136 472/691/649 491/159/135
f 489/161/137 471/692/650 490/160/136
f 488/162/138 470/693/651 489/161/137
f 487/163/139 469/694/652 488/162/138
f 504/695/140 486/696/653 487/163/139
f 503/165/141 485/697/654 504/164/140
f 502/166/142 484/698/655 503/165/141
f 501/167/143 483/699/656 502/166/142
f 500/168/144 482/700/657 501/167/143
f 499/151/127 481/701/658 500/168/144
f 2/702/4 505/703/659 506/704/660
f 3/705/6 506/704/660 507/706/661
f 4/707/8 507/706/661 508/708/662
f 5/709/10 508/708/662 509/710/663
f 6/711/12 509/710/663 510/712/664
f 7/713/14 510/712/664 511/714/665
f 8/715/16 511/714/665 512/716/666
f 9/717/18 512/716/666 513/718/667
f 10/719/20 513/718/667 514/720/668
f 11/721/22 514/720/668 515/722/669
f 12/723/24 515/722/669 516/724/670
f 13/725/26 516/724/670 517/726/671
f 14/727/28 517/726/671 518/728/672
f 15/729/30 518/730/672 519/731/673
f 16/732/32 519/731/673 520/733/674
f 17/734/34 520/733/674 521/735/675
f 18/736/36 521/735/675 522/737/676
f 1/738/1 522/737/676 505/703/659
f 506/704/660 505/703/659 573/739/677
f 507/706/661 506/704/660 574/740/678
f 508/708/662 507/706/661 575/741/679
f 509/710/663 508/708/662 576/742/680
f 510/712/664 509/710/663 559/743/681
f 511/714/665 510/712/664 560/744/682
f 512/716/666 511/714/665 561/745/683
f 513/718/667 512/716/666 562/746/684
f 514/720/668 513/718/667 563/747/685
f 515/722/669 514/720/668 564/748/686
f 516/724/670 515/722/669 565/749/687
f 517/726/671 516/724/670 566/750/688
f 518/728/672 517/726/671 567/751/689
f 519/731/673 518/730/672 568/752/690
f 520/733/674 519/731/673 569/753/691
f 521/735/675 520/733/674 570/754/692
f 522/737/676 521/735/675 571/755/693
f 505/703/659 522/737/676 572/756/694
s 50
f 524/757/695 523/758/696 591/759/695
f 525/760/697 524/757/695 592/761/697
f 526/762/698 525/760/697 593/763/698
f 527/764/699 526/762/698 594/765/699
f 528/766/700 527/764/699 577/767/700
f 529/768/701 528/766/700 578/769/701
f 530/770/702 529/768/701 579/771/702
f 531/772/703 530/770/702 580/773/703
f 532/774/704 531/772/703 581/775/704
f 533/776/705 532/774/704 582/777/705
f 534/778/706 533/776/705 583/779/706
f 535/780/707 534/778/706 584/781/707
f 536/782/708 535/780/707 585/783/708
f 537/784/709 536/782/708 586/785/709
f 538/786/710 537/784/709 587/787/710
f 539/788/711 538/786/710 588/789/711
f 540/790/712 539/788/711 589/791/712
f 523/758/696 540/790/712 590/792/696
s 1
f 572/756/694 523/793/713 573/739/677
f 573/739/677 524/794/714 574/740/678
f 574/740/678 525/795/715 575/741/679
f 575/741/679 526/796/716 576/742/680
f 576/742/680 527/797/717 559/743/681
f 559/743/681 528/798/718 560/744/682
f 560/744/682 529/799/719 561/745/683
f 561/745/683 530/800/720 562/746/684
f 562/746/684 531/801/721 563/747/685
f 563/747/685 532/802/722 564/748/686
f 564/748/686 533/803/723 565/749/687
f 565/749/687 534/804/724 566/750/688
f 566/750/688 535/805/725 567/751/689
f 567/806/689 536/807/726 568/752/690
f 568/752/690 537/808/727 569/753/691
f 569/753/691 538/809/728 570/754/692
f 570/754/692 539/810/729 571/755/693
f 571/755/693 540/811/730 572/756/694
s 51
f 590/792/731 541/812/732 591/759/731
f 591/759/731 542/813/733 592/761/731
f 592/761/731 543/814/734 593/763/731
f 593/763/731 544/815/735 594/765/731
f 594/765/731 545/816/736 577/767/731
f 577/767/731 546/817/737 578/769/731
f 578/769/731 547/818/738 579/771/731
f 579/771/731 548/819/739 580/773/731
f 580/773/731 549/820/740 581/775/731
f 581/775/731 550/821/741 582/777/731
f 582/777/731 551/822/742 583/779/731
f 583/779/731 552/823/743 584/781/731
f 584/781/731 553/824/744 585/783/731
f 585/783/731 554/825/745 586/785/731
f 586/785/731 555/826/746 587/787/731
f 587/787/731 556/827/747 588/789/731
f 588/789/731 557/828/748 589/791/731
f 589/791/731 558/829/749 590/792/731
f 542/813/733 595/830/750 596/831/751
f 543/814/734 596/831/751 597/832/752
f 544/815/735 597/832/752 598/833/753
f 545/816/736 598/833/753 599/834/754
f 546/817/737 599/834/754 600/835/755
f 547/818/738 600/835/755 601/836/756
f 548/819/739 601/836/756 602/837/757
f 549/820/740 602/837/757 603/838/758
f 550/821/741 603/838/758 604/839/759
f 551/822/742 604/839/759 605/840/760
f 552/823/743 605/840/760 606/841/761
f 553/824/744 606/841/761 607/842/762
f 554/825/745 607/842/762 608/843/763
f 555/826/746 608/843/763 609/844/764
f 556/827/747 609/844/764 610/845/765
f 557/828/748 610/845/765 611/846/766
f 558/829/749 611/846/766 612/847/767
f 541/812/732 612/847/767 595/830/750
s 1
f 1/1/1 2/4/4 20/2/2
f 2/4/4 3/6/6 21/5/5
f 3/6/6 4/8/8 22/7/7
f 4/8/8 5/10/10 23/9/9
f 5/10/10 6/12/12 24/11/11
f 6/12/12 7/14/14 25/13/13
f 7/14/14 8/16/16 26/15/15
f 8/16/16 9/18/18 27/17/17
f 9/18/18 10/20/20 28/19/19
f 10/20/20 11/22/22 29/21/21
f 11/22/22 12/24/24 30/23/23
f 12/24/24 13/26/26 31/25/25
f 13/26/26 14/848/28 32/27/27
f 14/28/28 15/31/30 33/29/29
f 15/31/30 16/33/32 34/32/31
f 16/33/32 17/35/34 35/34/33
f 17/35/34 18/37/36 36/36/35
f 18/37/36 1/1/1 19/3/3
f 19/3/3 20/2/2 38/38/37
f 20/2/2 21/5/5 39/40/39
f 21/5/5 22/7/7 40/41/40
f 22/7/7 23/9/9 41/42/41
f 23/9/9 24/11/11 42/43/42
f 24/11/11 25/13/13 43/44/43
f 25/13/13 26/15/15 44/45/44
f 26/15/15 27/17/17 45/46/45
f 27/17/17 28/19/19 46/47/46
f 28/19/19 29/21/21 47/48/47
f 29/21/21 30/23/23 48/49/48
f 30/23/23 31/25/25 49/50/49
f 31/25/25 32/27/27 50/51/50
f 32/30/27 33/29/29 51/52/51
f 33/29/29 34/32/31 52/54/52
f 34/32/31 35/34/33 53/55/53
f 35/34/33 36/36/35 54/56/54
f 36/36/35 19/3/3 37/39/38
f 37/39/38 38/38/37 56/57/55
f 38/38/37 39/40/39 57/59/57
f 39/40/39 40/41/40 58/60/58
f 40/41/40 41/42/41 59/61/59
f 41/42/41 42/43/42 60/62/60
f 42/43/42 43/44/43 61/63/61
f 43/44/43 44/45/44 62/64/62
f 44/45/44 45/46/45 63/65/63
f 45/46/45 46/47/46 64/66/64
f 46/47/46 47/48/47 65/67/65
f 47/48/47 48/49/48 66/68/66
f 48/49/48 49/50/49 67/69/67
f 49/50/49 50/51/50 68/70/68
f 50/53/50 51/52/51 69/71/69
f 51/52/51 52/54/52 70/73/70
f 52/54/52 53/55/53 71/74/71
f 53/55/53 54/56/54 72/75/72
f 54/56/54 37/39/38 55/58/56
f 55/58/56 56/57/55 74/76/73
f 56/57/55 57/59/57 75/78/75
f 57/59/57 58/60/58 76/79/76
f 58/60/58 59/61/59 77/80/77
f 59/61/59 60/62/60 78/81/78
f 60/62/60 61/63/61 79/82/79
f 61/63/61 62/64/62 80/83/80
f 62/64/62 63/65/63 81/84/81
f 63/65/63 64/66/64 82/85/82
f 64/66/64 65/67/65 83/86/83
f 65/67/65 66/68/66 84/87/84
f 66/68/66 67/69/67 85/88/85
f 67/69/67 68/70/68 86/89/86
f 68/72/68 69/71/69 87/90/87
f 69/71/69 70/73/70 88/92/88
f 70/73/70 71/74/71 89/93/89
f 71/74/71 72/75/72 90/94/90
f 72/75/72 55/58/56 73/77/74
f 73/77/74 74/76/73 92/95/91
f 74/76/73 75/78/75 93/97/93
f 75/78/75 76/79/76 94/98/94
f 76/79/76 77/80/77 95/99/95
f 77/80/77 78/81/78 96/100/96
f 78/81/78 79/82/79 97/101/97
f 79/82/79 80/83/80 98/102/98
f 80/83/80 81/84/81 99/103/99
f 81/84/81 82/85/82 100/104/100
f 82/85/82 83/86/83 101/105/101
f 83/86/83 84/87/84 102/106/102
f 84/87/84 85/88/85 103/107/103
f 85/88/85 86/89/86 104/108/104
f 86/91/86 87/90/87 105/109/105
f 87/90/87 88/92/88 106/111/106
f 88/92/88 89/93/89 107/112/107
f 89/93/89 90/94/90 108/113/108
f 90/94/90 73/77/74 91/96/92
f 91/114/92 92/117/91 110/115/109
f 92/117/91 93/119/93 111/118/111
f 93/119/93 94/121/94 112/120/112
f 94/121/94 95/123/95 113/122/113
f 95/123/95 96/125/96 114/124/114
f 96/125/96 97/127/97 115/126/115
f 97/127/97 98/129/98 116/128/116
f 98/129/98 99/131/99 117/130/117
f 99/131/99 100/133/100 118/132/118
f 100/133/100 101/135/101 119/134/119
f 101/135/101 102/137/102 120/136/120
f 102/137/102 103/139/103 121/138/121
f 103/139/103 104/849/104 122/140/122
f 104/141/104 105/144/105 123/142/123
f 105/144/105 106/146/106 124/145/124
f 106/146/106 107/148/107 125/147/125
f 107/148/107 108/150/108 126/149/126
f 108/150/108 91/114/92 109/116/110
f 110/115/109 498/152/128 499/151/127
f 111/118/111 497/153/129 498/152/128
f 112/120/112 496/154/130 497/153/129
f 113/122/113 495/155/131 496/154/130
f 114/124/114 494/156/132 495/155/131
f 115/126/115 493/157/133 494/156/132
f 116/128/116 492/158/134 493/157/133
f 117/130/117 491/159/135 492/158/134
f 118/132/118 490/160/136 491/159/135
f 119/134/119 489/161/137 490/160/136
f 120/136/120 488/162/138 489/161/137
f 121/138/121 487/163/139 488/162/138
f 122/140/122 504/695/140 487/163/139
f 123/142/123 503/165/141 504/164/140
f 124/145/124 502/166/142 503/165/141
f 125/147/125 501/167/143 502/166/142
f 126/149/126 500/168/144 501/167/143
f 109/116/110 499/151/127 500/168/144
s 2
f 127/169/145 128/172/148 146/170/146
f 128/172/148 129/174/150 147/173/149
f 129/174/150 130/176/152 148/175/151
f 130/176/152 131/178/154 149/177/153
f 131/178/154 132/180/156 150/179/155
f 132/180/156 133/182/158 151/181/157
f 133/182/158 134/184/160 152/183/159
f 134/184/160 135/670/162 153/185/161
f 135/186/162 136/189/164 154/187/163
f 136/189/164 137/191/166 155/190/165
f 137/191/166 138/193/168 156/192/167
f 138/193/168 139/195/170 157/194/169
f 139/195/170 140/197/172 158/196/171
f 140/197/172 141/199/174 159/198/173
f 141/199/174 142/201/176 160/200/175
f 142/201/176 143/203/178 161/202/177
f 143/203/178 144/681/180 162/204/179
f 144/205/180 127/169/145 145/171/147
f 145/171/147 146/170/146 164/207/181
f 146/170/146 147/173/149 165/209/183
f 147/173/149 148/175/151 166/210/184
f 148/175/151 149/177/153 167/211/185
f 149/177/153 150/179/155 168/212/186
f 150/179/155 151/181/157 169/213/187
f 151/181/157 152/183/159 170/214/188
f 152/183/159 153/185/161 171/215/189
f 153/188/161 154/187/163 172/216/190
f 154/187/163 155/190/165 173/218/191
f 155/190/165 156/192/167 174/219/192
f 156/192/167 157/194/169 175/220/193
f 157/194/169 158/196/171 176/221/194
f 158/196/171 159/198/173 177/222/195
f 159/198/173 160/200/175 178/223/196
f 160/200/175 161/202/177 179/224/197
f 161/202/177 162/204/179 180/225/198
f 162/206/179 145/171/147 163/208/182
f 163/208/182 164/207/181 182/227/199
f 164/207/181 165/209/183 183/229/201
f 165/209/183 166/210/184 184/230/202
f 166/210/184 167/211/185 185/231/203
f 167/211/185 168/212/186 186/232/204
f 168/212/186 169/213/187 187/233/205
f 169/213/187 170/214/188 188/234/206
f 170/214/188 171/215/189 189/235/207
f 171/217/189 172/216/190 190/236/208
f 172/216/190 173/218/191 191/238/209
f 173/218/191 174/219/192 192/239/210
f 174/219/192 175/220/193 193/240/211
f 175/220/193 176/221/194 194/241/212
f 176/221/194 177/222/195 195/242/213
f 177/222/195 178/223/196 196/243/214
f 178/223/196 179/224/197 197/244/215
f 179/224/197 180/225/198 198/245/216
f 180/226/198 163/208/182 181/228/200
s 3
f 415/247/217 416/850/768 417/248/218
s 4
f 421/250/220 422/253/223 425/251/221
f 422/253/223 423/851/769 424/254/224
s 5
f 427/255/225 428/258/228 431/256/226
f 428/258/228 429/852/770 430/259/229
s 6
f 433/260/230 434/263/233 437/261/231
f 434/263/233 435/853/771 436/264/234
s 7
f 439/265/235 440/268/238 443/266/236
f 440/268/238 441/854/772 442/269/239
s 8
f 445/270/240 446/273/243 449/271/241
f 446/273/243 447/855/773 448/274/244
s 9
f 451/275/245 452/278/248 455/276/246
f 452/278/248 453/856/774 454/279/249
s 10
f 457/280/250 458/283/253 461/281/251
f 458/283/253 459/857/775 460/284/254
s 11
f 463/285/255 464/288/258 467/286/256
f 464/288/258 465/858/776 466/289/259
s 3
f 420/290/260 415/247/217 418/249/219
s 12
f 199/292/262 200/295/265 218/293/263
f 200/295/265 201/297/267 219/296/266
f 201/297/267 202/299/269 220/298/268
f 202/299/269 203/301/271 221/300/270
f 203/301/271 204/303/273 222/302/272
f 204/303/273 205/305/275 223/304/274
f 205/305/275 206/307/277 224/306/276
f 206/307/277 207/309/279 225/308/278
f 207/309/279 208/311/281 226/310/280
f 208/311/281 209/313/283 227/312/282
f 209/313/283 210/315/285 228/314/284
f 210/315/285 211/317/287 229/316/286
f 211/317/287 212/319/289 230/318/288
f 212/319/289 213/321/291 231/320/290
f 213/321/291 214/323/293 232/322/292
f 214/323/293 215/325/295 233/324/294
f 215/325/295 216/327/297 234/326/296
f 216/327/297 199/292/262 217/294/264
f 217/294/264 218/293/263 236/328/298
f 218/293/263 219/296/266 237/330/300
f 219/296/266 220/298/268 238/331/301
f 220/298/268 221/300/270 239/332/302
f 221/300/270 222/302/272 240/333/303
f 222/302/272 223/304/274 241/334/304
f 223/304/274 224/306/276 242/335/305
f 224/306/276 225/308/278 243/336/306
f 225/308/278 226/310/280 244/337/307
f 226/310/280 227/312/282 245/338/308
f 227/312/282 228/314/284 246/339/309
f 228/314/284 229/316/286 247/340/310
f 229/316/286 230/318/288 248/341/311
f 230/318/288 231/320/290 249/342/312
f 231/320/290 232/322/292 250/343/313
f 232/322/292 233/324/294 251/344/314
f 233/324/294 234/326/296 252/345/315
f 234/326/296 217/294/264 235/329/299
s 13
f 235/346/316 236/349/319 254/347/317
f 236/349/319 237/351/321 255/350/320
f 237/351/321 238/353/323 256/352/322
f 238/353/323 239/355/325 257/354/324
f 239/355/325 240/357/327 258/356/326
f 240/357/327 241/359/329 259/358/328
f 241/359/329 242/361/331 260/360/330
f 242/361/331 243/363/333 261/362/332
f 243/363/333 244/365/335 262/364/334
f 244/365/335 245/367/337 263/366/336
f 245/367/337 246/369/339 264/368/338
f 246/369/339 247/371/341 265/370/340
f 247/371/341 248/373/343 266/372/342
f 248/373/343 249/375/345 267/374/344
f 249/375/345 250/377/347 268/376/346
f 250/377/347 251/379/349 269/378/348
f 251/379/349 252/381/351 270/380/350
f 252/381/351 235/346/316 253/348/318
f 253/348/318 254/347/317 272/382/352
f 254/347/317 255/350/320 273/384/354
f 255/350/320 256/352/322 274/385/355
f 256/352/322 257/354/324 275/386/356
f 257/354/324 258/356/326 276/387/357
f 258/356/326 259/358/328 277/388/358
f 259/358/328 260/360/330 278/389/359
f 260/360/330 261/362/332 279/390/360
f 261/362/332 262/364/334 280/391/361
f 262/364/334 263/366/336 281/392/362
f 263/366/336 264/368/338 282/393/363
f 264/368/338 265/370/340 283/394/364
f 265/370/340 266/372/342 284/395/365
f 266/372/342 267/374/344 285/396/366
f 267/374/344 268/376/346 286/397/367
f 268/376/346 269/378/348 287/398/368
f 269/378/348 270/380/350 288/399/369
f 270/380/350 253/348/318 271/383/353
f 272/382/352 334/401/371 335/400/370
f 273/384/354 333/402/372 334/401/371
f 274/385/355 332/403/373 333/402/372
f 275/386/356 331/404/374 332/403/373
f 276/387/357 330/405/375 331/404/374
f 277/388/358 329/406/376 330/405/375
f 278/389/359 328/407/377 329/406/376
f 279/390/360 327/408/378 328/407/377
f 280/391/361 326/409/379 327/408/378
f 281/392/362 325/410/380 326/409/379
f 282/393/363 342/411/381 325/410/380
f 283/394/364 341/412/382 342/411/381
f 284/395/365 340/413/383 341/412/382
f 285/396/366 339/414/384 340/413/383
f 286/397/367 338/415/385 339/414/384
f 287/398/368 337/416/386 338/415/385
f 288/399/369 336/417/387 337/416/386
f 271/383/353 335/400/370 336/417/387
f 290/419/389 289/453/423 317/420/390
f 291/422/392 290/419/389 316/418/388
f 292/424/394 291/422/392 315/421/391
f 293/426/396 292/424/394 314/423/393
f 294/428/398 293/426/396 313/425/395
f 295/430/400 294/428/398 312/427/397
f 296/432/402 295/430/400 311/429/399
f 297/434/404 296/432/402 310/431/401
f 298/436/406 297/434/404 309/433/403
f 299/438/408 298/436/406 308/435/405
f 300/440/410 299/438/408 307/437/407
f 301/442/412 300/440/410 324/439/409
f 302/444/414 301/442/412 323/441/411
f 303/446/416 302/444/414 322/443/413
f 304/448/418 303/446/416 321/445/415
f 305/450/420 304/448/418 320/447/417
f 306/452/422 305/450/420 319/449/419
f 289/453/423 306/452/422 318/451/421
f 316/418/388 317/420/390 335/400/370
f 315/421/391 316/418/388 334/401/371
f 314/423/393 315/421/391 333/402/372
f 313/425/395 314/423/393 332/403/373
f 312/427/397 313/425/395 331/404/374
f 311/429/399 312/427/397 330/405/375
f 310/431/401 311/429/399 329/406/376
f 309/433/403 310/431/401 328/407/377
f 308/435/405 309/433/403 327/408/378
f 307/437/407 308/435/405 326/409/379
f 324/439/409 307/437/407 325/410/380
f 323/441/411 324/439/409 342/411/381
f 322/443/413 323/441/411 341/412/382
f 321/445/415 322/443/413 340/413/383
f 320/447/417 321/445/415 339/414/384
f 319/449/419 320/447/417 338/415/385
f 318/451/421 319/449/419 337/416/386
f 317/420/390 318/451/421 336/417/387
f 289/453/423 290/419/389 344/454/424
f 290/419/389 291/422/392 345/456/426
f 291/422/392 292/424/394 346/457/427
f 292/424/394 293/426/396 347/458/428
f 293/426/396 294/428/398 348/459/429
f 294/428/398 295/430/400 349/460/430
f 295/430/400 296/432/402 350/461/431
f 296/432/402 297/434/404 351/462/432
f 297/434/404 298/436/406 352/463/433
f 298/436/406 299/438/408 353/464/434
f 299/438/408 300/440/410 354/465/435
f 300/440/410 301/442/412 355/466/436
f 301/442/412 302/444/414 356/467/437
f 302/444/414 303/446/416 357/468/438
f 303/446/416 304/448/418 358/469/439
f 304/448/418 305/450/420 359/470/440
f 305/450/420 306/452/422 360/471/441
f 306/452/422 289/453/423 343/455/425
f 350/461/431 353/464/434 354/465/435
f 351/462/432 352/463/433 353/464/434
f 356/467/437 347/458/428 348/459/429
f 349/460/430 354/465/435 355/466/436
f 358/469/439 345/456/426 346/457/427
f 347/458/428 356/467/437 357/468/438
f 360/471/441 343/455/425 344/454/424
f 345/456/426 358/469/439 359/470/440
s 12
f 192/472/442 193/475/445 362/473/443
f 193/475/445 194/477/447 363/476/446
f 194/477/447 212/319/289 364/478/448
f 212/319/289 211/317/287 365/479/449
f 211/317/287 210/315/285 366/480/450
f 210/315/285 192/472/442 361/474/444
f 190/481/451 191/484/454 368/482/452
f 191/484/454 192/472/442 369/485/455
f 192/472/442 210/315/285 370/486/456
f 210/315/285 209/313/283 371/487/457
f 209/313/283 208/311/281 372/488/458
f 208/311/281 190/481/451 367/483/453
f 188/489/459 189/492/462 374/490/460
f 189/492/462 190/481/451 375/493/463
f 190/481/451 208/311/281 376/494/464
f 208/311/281 207/309/279 377/495/465
f 207/309/279 206/307/277 378/496/466
f 206/307/277 188/489/459 373/491/461
f 186/497/467 187/500/470 380/498/468
f 187/500/470 188/489/459 381/501/471
f 188/489/459 206/307/277 382/502/472
f 206/307/277 205/305/275 383/503/473
f 205/305/275 204/303/273 384/504/474
f 204/303/273 186/497/467 379/499/469
f 184/505/475 185/508/478 386/506/476
f 185/508/478 186/497/467 387/509/479
f 186/497/467 204/303/273 388/510/480
f 204/303/273 203/301/271 389/511/481
f 203/301/271 202/299/269 390/512/482
f 202/299/269 184/505/475 385/507/477
f 182/513/483 183/516/486 392/514/484
f 183/516/486 184/505/475 393/517/487
f 184/505/475 202/299/269 394/518/488
f 202/299/269 201/297/267 395/519/489
f 201/297/267 200/295/265 396/520/490
f 200/295/265 182/513/483 391/515/485
f 181/521/491 182/513/483 398/522/492
f 182/513/483 200/295/265 399/524/494
f 200/295/265 199/292/262 400/525/495
f 199/292/262 216/327/297 401/526/496
f 216/327/297 198/528/498 402/527/497
f 198/528/498 181/521/491 397/523/493
f 196/529/499 197/532/502 404/530/500
f 197/532/502 198/528/498 405/533/503
f 198/528/498 216/327/297 406/534/504
f 216/327/297 215/325/295 407/535/505
f 215/325/295 214/323/293 408/536/506
f 214/323/293 196/529/499 403/531/501
f 194/477/447 195/539/509 410/537/507
f 195/539/509 196/529/499 411/540/510
f 196/529/499 214/323/293 412/541/511
f 214/323/293 213/321/291 413/542/512
f 213/321/291 212/319/289 414/543/513
f 212/319/289 194/477/447 409/538/508
s 14
f 397/544/514 398/547/777 416/545/515
s 15
f 398/547/517 399/549/517 417/548/517
s 16
f 399/549/518 400/551/521 418/550/519
f 400/551/521 401/553/778 419/552/522
s 17
f 401/553/523 402/555/523 420/554/523
s 14
f 402/555/524 397/859/514 415/556/516
s 18
f 391/557/526 392/860/529 422/558/527
f 392/560/529 393/563/779 423/561/530
s 19
f 393/563/531 394/565/531 424/564/531
s 20
f 394/565/532 395/567/535 425/566/533
f 395/567/535 396/569/780 426/568/536
s 21
f 396/569/537 391/557/537 421/559/537
s 22
f 385/570/538 386/861/541 428/571/539
f 386/573/541 387/576/781 429/574/542
s 23
f 387/576/543 388/578/543 430/577/543
s 24
f 388/578/544 389/580/547 431/579/545
f 389/580/547 390/582/782 432/581/548
s 25
f 390/582/549 385/570/549 427/572/549
s 26
f 379/583/550 380/862/553 434/584/551
f 380/586/553 381/589/783 435/587/554
s 27
f 381/589/555 382/591/557 436/590/556
f 382/591/557 383/593/559 437/592/558
f 383/593/559 384/595/784 438/594/560
s 28
f 384/595/561 379/583/561 433/585/561
s 29
f 373/596/562 374/863/565 440/597/563
f 374/599/565 375/602/785 441/600/566
s 30
f 375/602/567 376/604/567 442/603/567
s 31
f 376/604/568 377/606/571 443/605/569
f 377/606/571 378/608/786 444/607/572
s 32
f 378/608/573 373/596/573 439/598/573
s 33
f 367/609/574 368/864/577 446/610/575
f 368/612/577 369/615/787 447/613/578
s 34
f 369/615/579 370/617/579 448/616/579
s 35
f 370/617/580 371/619/583 449/618/581
f 371/619/583 372/621/788 450/620/584
s 36
f 372/621/585 367/609/585 445/611/585
s 37
f 361/622/586 362/865/589 452/623/587
f 362/625/589 363/628/789 453/626/590
s 38
f 363/628/591 364/630/591 454/629/591
s 39
f 364/630/592 365/632/595 455/631/593
f 365/632/595 366/634/790 456/633/596
s 40
f 366/634/597 361/622/597 451/624/597
s 41
f 409/635/598 410/866/601 458/636/599
f 410/638/601 411/641/791 459/639/602
s 42
f 411/641/603 412/643/603 460/642/603
s 43
f 412/643/604 413/645/607 461/644/605
f 413/645/607 414/647/792 462/646/608
s 44
f 414/647/609 409/635/609 457/637/609
s 45
f 403/648/610 404/867/613 464/649/611
f 404/651/613 405/654/793 465/652/614
s 46
f 405/654/615 406/656/615 466/655/615
s 47
f 406/656/616 407/658/619 467/657/617
f 407/658/619 408/660/794 468/659/620
s 48
f 408/660/621 403/648/621 463/650/621
s 49
f 128/172/622 127/169/640 481/662/623
f 129/174/624 128/172/622 480/661/622
f 130/176/625 129/174/624 479/663/624
f 131/178/626 130/176/625 478/664/625
f 132/180/627 131/178/626 477/665/626
f 133/182/628 132/180/627 476/666/627
f 134/184/629 133/182/628 475/667/628
f 135/670/630 134/184/629 474/668/629
f 136/189/631 135/186/630 473/672/630
f 137/191/632 136/189/631 472/671/631
f 138/193/633 137/191/632 471/673/632
f 139/195/634 138/193/633 470/674/633
f 140/197/635 139/195/634 469/675/634
f 141/199/636 140/197/635 486/676/635
f 142/201/637 141/199/636 485/677/636
f 143/203/638 142/201/637 484/678/637
f 144/681/639 143/203/638 483/679/638
f 127/169/640 144/205/639 482/682/639
s 1
f 480/683/641 481/701/658 499/151/127
f 479/684/642 480/683/641 498/152/128
f 478/685/643 479/684/642 497/153/129
f 477/686/644 478/685/643 496/154/130
f 476/687/645 477/686/644 495/155/131
f 475/688/646 476/687/645 494/156/132
f 474/689/647 475/688/646 493/157/133
f 473/690/648 474/689/647 492/158/134
f 472/691/649 473/690/648 491/159/135
f 471/692/650 472/691/649 490/160/136
f 470/693/651 471/692/650 489/161/137
f 469/694/652 470/693/651 488/162/138
f 486/696/653 469/694/652 487/163/139
f 485/697/654 486/868/653 504/164/140
f 484/698/655 485/697/654 503/165/141
f 483/699/656 484/698/655 502/166/142
f 482/700/657 483/699/656 501/167/143
f 481/701/658 482/700/657 500/168/144
f 2/702/4 1/738/1 505/703/659
f 3/705/6 2/702/4 506/704/660
f 4/707/8 3/705/6 507/706/661
f 5/709/10 4/707/8 508/708/662
f 6/711/12 5/709/10 509/710/663
f 7/713/14 6/711/12 510/712/664
f 8/715/16 7/713/14 511/714/665
f 9/717/18 8/715/16 512/716/666
f 10/719/20 9/717/18 513/718/667
f 11/721/22 10/719/20 514/720/668
f 12/723/24 11/721/22 515/722/669
f 13/725/26 12/723/24 516/724/670
f 14/727/28 13/725/26 517/726/671
f 15/729/30 14/869/28 518/730/672
f 16/732/32 15/729/30 519/731/673
f 17/734/34 16/732/32 520/733/674
f 18/736/36 17/734/34 521/735/675
f 1/738/1 18/736/36 522/737/676
f 505/703/659 572/756/694 573/739/677
f 506/704/660 573/739/677 574/740/678
f 507/706/661 574/740/678 575/741/679
f 508/708/662 575/741/679 576/742/680
f 509/710/663 576/742/680 559/743/681
f 510/712/664 559/743/681 560/744/682
f 511/714/665 560/744/682 561/745/683
f 512/716/666 561/745/683 562/746/684
f 513/718/667 562/746/684 563/747/685
f 514/720/668 563/747/685 564/748/686
f 515/722/669 564/748/686 565/749/687
f 516/724/670 565/749/687 566/750/688
f 517/726/671 566/750/688 567/751/689
f 518/730/672 567/806/689 568/752/690
f 519/731/673 568/752/690 569/753/691
f 520/733/674 569/753/691 570/754/692
f 521/735/675 570/754/692 571/755/693
f 522/737/676 571/755/693 572/756/694
s 50
f 523/758/696 590/792/696 591/759/695
f 524/757/695 591/759/695 592/761/697
f 525/760/697 592/761/697 593/763/698
f 526/762/698 593/763/698 594/765/699
f 527/764/699 594/765/699 577/767/700
f 528/766/700 577/767/700 578/769/701
f 529/768/701 578/769/701 579/771/702
f 530/770/702 579/771/702 580/773/703
f 531/772/703 580/773/703 581/775/704
f 532/774/704 581/775/704 582/777/705
f 533/776/705 582/777/705 583/779/706
f 534/778/706 583/779/706 584/781/707
f 535/780/707 584/781/707 585/783/708
f 536/782/708 585/783/708 586/785/709
f 537/784/709 586/785/709 587/787/710
f 538/786/710 587/787/710 588/789/711
f 539/788/711 588/789/711 589/791/712
f 540/790/712 589/791/712 590/792/696
s 1
f 523/793/713 524/794/714 573/739/677
f 524/794/714 525/795/715 574/740/678
f 525/795/715 526/796/716 575/741/679
f 526/796/716 527/797/717 576/742/680
f 527/797/717 528/798/718 559/743/681
f 528/798/718 529/799/719 560/744/682
f 529/799/719 530/800/720 561/745/683
f 530/800/720 531/801/721 562/746/684
f 531/801/721 532/802/722 563/747/685
f 532/802/722 533/803/723 564/748/686
f 533/803/723 534/804/724 565/749/687
f 534/804/724 535/805/725 566/750/688
f 535/805/725 536/870/726 567/751/689
f 536/807/726 537/808/727 568/752/690
f 537/808/727 538/809/728 569/753/691
f 538/809/728 539/810/729 570/754/692
f 539/810/729 540/811/730 571/755/693
f 540/811/730 523/793/713 572/756/694
s 51
f 541/812/732 542/813/733 591/759/731
f 542/813/733 543/814/734 592/761/731
f 543/814/734 544/815/735 593/763/731
f 544/815/735 545/816/736 594/765/731
f 545/816/736 546/817/737 577/767/731
f 546/817/737 547/818/738 578/769/731
f 547/818/738 548/819/739 579/771/731
f 548/819/739 549/820/740 580/773/731
f 549/820/740 550/821/741 581/775/731
f 550/821/741 551/822/742 582/777/731
f 551/822/742 552/823/743 583/779/731
f 552/823/743 553/824/744 584/781/731
f 553/824/744 554/825/745 585/783/731
f 554/825/745 555/826/746 586/785/731
f 555/826/746 556/827/747 587/787/731
f 556/827/747 557/828/748 588/789/731
f 557/828/748 558/829/749 589/791/731
f 558/829/749 541/812/732 590/792/731
f 542/813/733 541/812/732 595/830/750
f 543/814/734 542/813/733 596/831/751
f 544/815/735 543/814/734 597/832/752
f 545/816/736 544/815/735 598/833/753
f 546/817/737 545/816/736 599/834/754
f 547/818/738 546/817/737 600/835/755
f 548/819/739 547/818/738 601/836/756
f 549/820/740 548/819/739 602/837/757
f 550/821/741 549/820/740 603/838/758
f 551/822/742 550/821/741 604/839/759
f 552/823/743 551/822/742 605/840/760
f 553/824/744 552/823/743 606/841/761
f 554/825/745 553/824/744 607/842/762
f 555/826/746 554/825/745 608/843/763
f 556/827/747 555/826/746 609/844/764
f 557/828/748 556/827/747 610/845/765
f 558/829/749 557/828/748 611/846/766
f 541/812/732 558/829/749 612/847/767
