# Blender 4.5.3 LTS
# www.blender.org
mtllib coche_rueda_derecha_2.mtl
g llanta_derecha_2_Mesh
v 0.417019 -2.489746 1.301879
v 1.246164 -2.187958 1.298726
v 1.342094 -2.357767 0.744071
v 0.448956 -2.682844 0.747467
v 1.922089 -1.620785 1.296157
v 2.070185 -1.746821 0.741303
v 2.363270 -0.856633 1.294479
v 2.545412 -0.923695 0.739496
v 2.516491 0.012328 1.293896
v 2.710459 0.012328 0.738869
v 2.363270 0.881289 1.294479
v 2.545410 0.948352 0.739496
v 1.922092 1.645441 1.296157
v 2.070185 1.771477 0.741303
v 1.246162 2.212615 1.298727
v 1.342093 2.382422 0.744071
v 0.417017 2.514401 1.301879
v 0.448957 2.707500 0.747468
v -0.465343 2.514401 1.305234
v -0.501497 2.707500 0.751081
v -1.294491 2.212615 1.308387
v -1.394636 2.382422 0.754477
v -1.970415 1.645441 1.310956
v -2.122726 1.771477 0.757245
v -2.411596 0.881289 1.312634
v -2.597956 0.948352 0.759052
v -2.564817 0.012328 1.313216
v -2.763000 0.012329 0.759679
v -2.411596 -0.856632 1.312634
v -2.597958 -0.923695 0.759051
v -1.970419 -1.620784 1.310956
v -2.122730 -1.746820 0.757245
v -1.294491 -2.187958 1.308386
v -1.394636 -2.357766 0.754476
v -0.465343 -2.489746 1.305234
v -0.501501 -2.682844 0.751081
v 1.369455 -2.408806 0.189677
v 0.457085 -2.740885 0.193146
v 2.113226 -1.784704 0.186849
v 2.598688 -0.943852 0.185003
v 2.767286 0.012328 0.184363
v 2.598686 0.968509 0.185003
v 2.113226 1.809360 0.186849
v 1.369455 2.433463 0.189678
v 0.457083 2.765541 0.193146
v -0.513840 2.765541 0.196838
v -1.426210 2.433463 0.200307
v -2.169981 1.809360 0.203135
v -2.655443 0.968510 0.204981
v -2.824045 0.012328 0.205622
v -2.655445 -0.943852 0.204980
v -2.169983 -1.784703 0.203134
v -1.426212 -2.408806 0.200307
v -0.513842 -2.740885 0.196837
v 1.367348 -2.408806 -0.364605
v 0.454975 -2.740885 -0.361137
v 2.111116 -1.784704 -0.367433
v 2.596581 -0.943852 -0.369279
v 2.765179 0.012328 -0.369919
v 2.596579 0.968509 -0.369279
v 2.111118 1.809360 -0.367433
v 1.367344 2.433463 -0.364604
v 0.454975 2.765540 -0.361136
v -0.515947 2.765541 -0.357444
v -1.428320 2.433463 -0.353976
v -2.172089 1.809360 -0.351148
v -2.657551 0.968510 -0.349302
v -2.826153 0.012329 -0.348661
v -2.657553 -0.943852 -0.349302
v -2.172091 -1.784703 -0.351148
v -1.428320 -2.408806 -0.353976
v -0.515951 -2.740885 -0.357445
v 1.335773 -2.357767 -0.918775
v 0.442635 -2.682844 -0.915380
v 2.063864 -1.746821 -0.921544
v 2.539091 -0.923695 -0.923350
v 2.704138 0.012328 -0.923978
v 2.539091 0.948352 -0.923350
v 2.063864 1.771477 -0.921544
v 1.335772 2.382422 -0.918775
v 0.442636 2.707500 -0.915380
v -0.507820 2.707500 -0.911766
v -1.400959 2.382422 -0.908370
v -2.129049 1.771477 -0.905602
v -2.604277 0.948352 -0.903795
v -2.769321 0.012329 -0.903168
v -2.604279 -0.923695 -0.903795
v -2.129051 -1.746820 -0.905602
v -1.400959 -2.357766 -0.908370
v -0.507824 -2.682844 -0.911766
v 1.227457 -2.173809 -1.472654
v 0.403643 -2.473656 -1.469521
v 1.899036 -1.610282 -1.475207
v 2.337378 -0.851045 -1.476873
v 2.489613 0.012329 -1.477453
v 2.337379 0.875702 -1.476873
v 1.899036 1.634939 -1.475207
v 1.227455 2.198466 -1.472653
v 0.403639 2.498312 -1.469521
v -0.473045 2.498311 -1.466187
v -1.296860 2.198465 -1.463056
v -1.968439 1.634939 -1.460504
v -2.406780 0.875702 -1.458837
v -2.559015 0.012329 -1.458258
v -2.406782 -0.851044 -1.458837
v -1.968441 -1.610281 -1.460504
v -1.296860 -2.173808 -1.463057
v -0.473045 -2.473655 -1.466188
v 0.940567 -1.678858 -1.768969
v 0.303270 -1.910819 -1.766545
v 1.460104 -1.242917 -1.770943
v 1.799202 -0.655574 -1.772233
v 1.916969 0.012328 -1.772680
v 1.799200 0.680230 -1.772233
v 1.460100 1.267573 -1.770943
v 0.940571 1.703515 -1.768969
v 0.303270 1.935475 -1.766544
v -0.374931 1.935474 -1.763967
v -1.012232 1.703515 -1.761543
v -1.531763 1.267573 -1.759567
v -1.870863 0.680230 -1.758279
v -1.988630 0.012329 -1.757832
v -1.870863 -0.655573 -1.758279
v -1.531763 -1.242916 -1.759568
v -1.012232 -1.678859 -1.761543
v -0.374933 -1.910818 -1.763967
v 0.764740 -1.374258 -1.758885
v 0.242233 -1.564436 -1.756898
v 1.190691 -1.016840 -1.760504
v 1.468710 -0.535292 -1.761560
v 1.565266 0.012304 -1.761928
v 1.468712 0.559901 -1.761560
v 1.190689 1.041448 -1.760504
v 0.764738 1.398866 -1.758884
v 0.242233 1.589044 -1.756897
v -0.313805 1.589043 -1.754784
v -0.836313 1.398866 -1.752797
v -1.262264 1.041448 -1.751177
v -1.540283 0.559901 -1.750120
v -1.636841 0.012304 -1.749754
v -1.540285 -0.535292 -1.750120
v -1.262264 -1.016840 -1.751177
v -0.836313 -1.374258 -1.752797
v -0.313808 -1.564436 -1.754784
v 0.236568 -1.532247 -1.754700
v 0.748405 -1.345951 -1.756645
v 0.680712 -1.228344 -1.702064
v 0.213194 -1.398508 -1.700287
v 1.165661 -0.995831 -1.758232
v 1.061838 -0.908539 -1.703513
v 1.438002 -0.524114 -1.759267
v 1.310600 -0.477668 -1.704458
v 1.532589 0.012302 -1.759626
v 1.396994 0.012302 -1.704787
v 1.438004 0.548719 -1.759267
v 1.310598 0.502272 -1.704458
v 1.165659 1.020435 -1.758232
v 1.061838 0.933144 -1.703513
v 0.748405 1.370556 -1.756645
v 0.680710 1.252949 -1.702064
v 0.236567 1.556851 -1.754700
v 0.213190 1.423113 -1.700287
v -0.308121 1.556850 -1.752628
v -0.284334 1.423113 -1.698395
v -0.819960 1.370556 -1.750683
v -0.751854 1.252949 -1.696618
v -1.237213 1.020435 -1.749095
v -1.132980 0.933144 -1.695168
v -1.509556 0.548719 -1.748060
v -1.381742 0.502272 -1.694221
v -1.604141 0.012303 -1.747701
v -1.468136 0.012303 -1.693893
v -1.509560 -0.524114 -1.748060
v -1.381741 -0.477667 -1.694221
v -1.237215 -0.995830 -1.749095
v -1.132978 -0.908539 -1.695168
v -0.819960 -1.345951 -1.750683
v -0.751854 -1.228344 -1.696618
v -0.308121 -1.532246 -1.752628
v -0.284334 -1.398509 -1.698395
v 0.593754 -1.073001 -0.984339
v 0.184774 -1.221860 -0.982784
v 0.927158 -0.793240 -0.985607
v 1.144773 -0.416318 -0.986434
v 1.220350 0.012302 -0.986722
v 1.144772 0.440923 -0.986434
v 0.927158 0.817845 -0.985607
v 0.593752 1.097607 -0.984339
v 0.184772 1.246464 -0.982784
v -0.250458 1.246464 -0.981130
v -0.659437 1.097606 -0.979574
v -0.992844 0.817845 -0.978307
v -1.210457 0.440922 -0.977479
v -1.286034 0.012302 -0.977192
v -1.210457 -0.416318 -0.977479
v -0.992844 -0.793240 -0.978307
v -0.659439 -1.073002 -0.979574
v -0.250456 -1.221860 -0.981130
v 0.594028 -1.073001 -0.911672
v 0.185049 -1.221860 -0.910118
v 0.927433 -0.793240 -0.912940
v 1.145048 -0.416318 -0.913767
v 1.220625 0.012302 -0.914055
v 1.145046 0.440922 -0.913767
v 0.927433 0.817844 -0.912940
v 0.594027 1.097607 -0.911672
v 0.185047 1.246464 -0.910118
v -0.250183 1.246464 -0.908462
v -0.659163 1.097606 -0.906908
v -0.992569 0.817845 -0.905640
v -1.210182 0.440922 -0.904812
v -1.285759 0.012302 -0.904525
v -1.210182 -0.416318 -0.904812
v -0.992569 -0.793240 -0.905640
v -0.659164 -1.073002 -0.906908
v -0.250181 -1.221860 -0.908462
v 0.183275 -1.205882 -0.637422
v 0.536381 -1.052816 -0.636445
v 0.209034 -0.548752 -0.574720
v 0.063255 -0.523603 -0.566659
v 0.605350 -1.021018 -0.637309
v 0.912125 -0.779595 -0.639705
v 0.389378 -0.340540 -0.568409
v 0.337212 -0.483116 -0.575927
v 1.080770 -0.441306 -0.637994
v 0.510981 -0.262802 -0.575637
v 1.114485 -0.359287 -0.638437
v 1.209448 0.012337 -0.641746
v 0.519560 0.012321 -0.569093
v 0.559921 -0.125415 -0.575717
v 1.119234 0.392269 -0.639089
v 0.558559 0.150060 -0.575574
v 1.094191 0.460834 -0.638984
v 0.913641 0.805383 -0.639868
v 0.389441 0.365172 -0.568416
v 0.519382 0.288960 -0.576501
v 0.606195 1.040661 -0.636976
v 0.342688 0.517912 -0.577118
v 0.541748 1.079301 -0.636837
v 0.183687 1.232958 -0.637686
v 0.063749 0.551830 -0.567046
v 0.215714 0.582895 -0.575908
v -0.207077 1.212393 -0.634131
v -0.065554 0.620961 -0.573598
v -0.276855 1.200123 -0.633867
v -0.649292 1.082288 -0.634103
v -0.303879 0.484680 -0.565390
v -0.206408 0.588809 -0.572338
v -0.941467 0.818716 -0.631604
v -0.450277 0.457310 -0.572296
v -0.981949 0.757323 -0.630723
v -1.190096 0.433993 -0.631777
v -0.551403 0.201662 -0.565305
v -0.539318 0.343874 -0.571497
v -1.238220 0.052758 -0.629727
v -0.636881 0.084708 -0.571458
v -1.243549 -0.023516 -0.630165
v -1.194454 -0.410927 -0.632244
v -0.547306 -0.175465 -0.564859
v -0.641006 -0.059414 -0.571849
v -0.977997 -0.733454 -0.630423
v -0.548532 -0.328398 -0.572757
v -0.930626 -0.794364 -0.630945
v -0.652176 -1.062685 -0.634697
v -0.302399 -0.457425 -0.565078
v -0.452965 -0.435611 -0.572694
v -0.281246 -1.168435 -0.633318
v -0.207775 -0.571325 -0.573071
v -0.199360 -1.181575 -0.633520
v -0.065647 -0.599473 -0.573920
v 0.043436 -0.416936 -0.826463
v 0.185680 -0.365163 -0.827004
v 0.127806 -0.264761 -0.802061
v 0.023397 -0.302763 -0.801664
v 0.301636 -0.267863 -0.827445
v 0.212919 -0.193341 -0.802384
v 0.377321 -0.136772 -0.827733
v 0.268471 -0.097120 -0.802596
v 0.403605 0.012302 -0.827832
v 0.287767 0.012302 -0.802669
v 0.377319 0.161375 -0.827732
v 0.268471 0.121723 -0.802596
v 0.301634 0.292468 -0.827445
v 0.212917 0.217947 -0.802384
v 0.185677 0.389768 -0.827004
v 0.127806 0.289366 -0.802061
v 0.043436 0.441540 -0.826463
v 0.023397 0.327367 -0.801664
v -0.107937 0.441540 -0.825888
v -0.087711 0.327367 -0.801241
v -0.250181 0.389768 -0.825346
v -0.192120 0.289365 -0.800844
v -0.366137 0.292468 -0.824905
v -0.277233 0.217947 -0.800520
v -0.441824 0.161375 -0.824617
v -0.332787 0.121723 -0.800310
v -0.468109 0.012302 -0.824518
v -0.352081 0.012302 -0.800236
v -0.441820 -0.136771 -0.824617
v -0.332787 -0.097119 -0.800310
v -0.366137 -0.267864 -0.824905
v -0.277233 -0.193343 -0.800520
v -0.250179 -0.365164 -0.825346
v -0.192120 -0.264762 -0.800844
v -0.107937 -0.416936 -0.825888
v -0.087711 -0.302763 -0.801242
v 0.084154 -0.188748 -0.739862
v 0.008392 -0.216324 -0.739574
v 0.145918 -0.136923 -0.740098
v 0.186230 -0.067100 -0.740251
v 0.200230 0.012302 -0.740304
v 0.186230 0.091703 -0.740251
v 0.145918 0.161527 -0.740097
v 0.084154 0.213353 -0.739862
v 0.008392 0.240928 -0.739574
v -0.072233 0.240928 -0.739268
v -0.147997 0.213352 -0.738980
v -0.209759 0.161528 -0.738744
v -0.250072 0.091703 -0.738591
v -0.264071 0.012302 -0.738538
v -0.250072 -0.067099 -0.738591
v -0.209759 -0.136923 -0.738745
v -0.147997 -0.188748 -0.738980
v -0.072233 -0.216324 -0.739268
v 0.059336 -0.146457 -0.846053
v -0.000494 -0.168232 -0.845826
v 0.108107 -0.105533 -0.846239
v 0.139938 -0.050397 -0.846360
v 0.150993 0.012302 -0.846402
v 0.139938 0.075001 -0.846360
v 0.108103 0.130138 -0.846239
v 0.059332 0.171061 -0.846053
v -0.000494 0.192836 -0.845826
v -0.064159 0.192836 -0.845584
v -0.123985 0.171061 -0.845356
v -0.172756 0.130138 -0.845171
v -0.204588 0.075001 -0.845050
v -0.215643 0.012302 -0.845007
v -0.204588 -0.050397 -0.845050
v -0.172754 -0.105533 -0.845171
v -0.123985 -0.146457 -0.845356
v -0.064159 -0.168232 -0.845584
v 0.030540 -0.097157 -0.933179
v -0.010710 -0.112170 -0.933022
v 0.064165 -0.068941 -0.933307
v 0.086113 -0.030927 -0.933390
v 0.093735 0.012302 -0.933419
v 0.086113 0.055531 -0.933390
v 0.064165 0.093546 -0.933307
v 0.030537 0.121762 -0.933179
v -0.010710 0.136775 -0.933022
v -0.054607 0.136775 -0.932855
v -0.095854 0.121761 -0.932698
v -0.129478 0.093546 -0.932570
v -0.151426 0.055531 -0.932487
v -0.159048 0.012302 -0.932457
v -0.151426 -0.030927 -0.932487
v -0.129478 -0.068942 -0.932570
v -0.095854 -0.097157 -0.932698
v -0.054604 -0.112170 -0.932855
v 0.010849 -0.063421 -0.988878
v -0.017685 -0.073807 -0.988770
v 0.034111 -0.043902 -0.988966
v 0.049294 -0.017604 -0.989024
v 0.054567 0.012302 -0.989044
v 0.049294 0.042207 -0.989024
v 0.034111 0.068506 -0.988966
v 0.010849 0.088025 -0.988878
v -0.017685 0.098411 -0.988770
v -0.048052 0.098411 -0.988654
v -0.076586 0.088025 -0.988545
v -0.099848 0.068506 -0.988457
v -0.115034 0.042207 -0.988400
v -0.120308 0.012302 -0.988379
v -0.115034 -0.017603 -0.988400
v -0.099848 -0.043902 -0.988457
v -0.076586 -0.063421 -0.988545
v -0.048052 -0.073807 -0.988654
v -0.002897 -0.039776 -1.014723
v -0.015518 -0.018056 -1.035154
v -0.026957 -0.022220 -1.035110
v -0.022524 -0.046919 -1.014648
v 0.013098 -0.026352 -1.014783
v -0.006191 -0.010230 -1.035190
v 0.023540 -0.008265 -1.014823
v -0.000103 0.000313 -1.035213
v 0.027168 0.012302 -1.014837
v 0.002010 0.012302 -1.035221
v 0.023540 0.032869 -1.014823
v -0.000103 0.024291 -1.035213
v 0.013098 0.050956 -1.014783
v -0.006191 0.034834 -1.035190
v -0.002901 0.064380 -1.014723
v -0.015518 0.042660 -1.035154
v -0.022524 0.071523 -1.014648
v -0.026957 0.046823 -1.035110
v -0.043409 0.071523 -1.014569
v -0.039131 0.046824 -1.035065
v -0.063034 0.064380 -1.014494
v -0.050571 0.042660 -1.035021
v -0.079033 0.050956 -1.014433
v -0.059898 0.034834 -1.034986
v -0.089474 0.032869 -1.014393
v -0.065985 0.024291 -1.034963
v -0.093100 0.012302 -1.014380
v -0.068098 0.012302 -1.034954
v -0.089474 -0.008265 -1.014393
v -0.065985 0.000313 -1.034963
v -0.079031 -0.026352 -1.014433
v -0.059898 -0.010230 -1.034986
v -0.063034 -0.039776 -1.014494
v -0.050571 -0.018056 -1.035021
v -0.043409 -0.046919 -1.014569
v -0.039131 -0.022219 -1.035065
v -0.026997 0.001685 -1.056335
v -0.030998 0.000229 -1.056320
v -0.023735 0.004422 -1.056348
v -0.021606 0.008109 -1.056356
v -0.020868 0.012302 -1.056359
v -0.021606 0.016495 -1.056356
v -0.023735 0.020182 -1.056348
v -0.026997 0.022919 -1.056335
v -0.030998 0.024375 -1.056320
v -0.035254 0.024375 -1.056304
v -0.039255 0.022919 -1.056290
v -0.042517 0.020182 -1.056277
v -0.044645 0.016495 -1.056269
v -0.045385 0.012302 -1.056266
v -0.044645 0.008109 -1.056269
v -0.042517 0.004422 -1.056277
v -0.039255 0.001685 -1.056290
v -0.035254 0.000229 -1.056304
v -1.184809 0.431691 -0.902079
v -0.984592 0.771809 -0.885511
v -1.249723 0.042762 -0.884476
v -0.553711 0.079767 -0.816369
v -0.478149 0.174593 -0.828532
v -0.472589 0.293526 -0.816336
v -0.647118 1.076758 -0.904429
v -0.269558 1.213126 -0.888770
v -0.958065 0.818008 -0.886428
v -0.389441 0.399662 -0.817101
v -0.265039 0.415487 -0.828403
v -0.188126 0.506281 -0.816952
v 0.181578 1.226738 -0.908004
v 0.555138 1.083634 -0.891718
v -0.220232 1.221632 -0.888940
v -0.056326 0.536782 -0.818172
v 0.048986 0.473095 -0.829844
v 0.176687 0.507471 -0.820328
v 0.907303 0.800942 -0.910106
v 1.107157 0.454943 -0.893879
v 0.601810 1.055081 -0.891775
v 0.295481 0.447310 -0.821517
v 0.327236 0.313962 -0.831048
v 0.440599 0.255660 -0.820752
v 1.202421 0.012302 -0.912076
v 1.119846 -0.372061 -0.893229
v 1.125021 0.405711 -0.893942
v 0.476774 0.125643 -0.819837
v 0.439112 0.012302 -0.831692
v 0.478056 -0.101375 -0.819978
v 0.905920 -0.775178 -0.909957
v 0.600851 -1.035807 -0.892131
v 1.092560 -0.435719 -0.892789
v 0.432764 -0.229042 -0.819919
v 0.327429 -0.289517 -0.831075
v 0.290285 -0.412727 -0.820364
v 0.549290 -1.056926 -0.891283
v 0.181162 -1.199764 -0.907750
v 0.170380 -0.473508 -0.819176
v 0.048349 -0.444872 -0.829456
v -0.056952 -0.515918 -0.818561
v -0.211836 -1.190051 -0.888246
v -0.650267 -1.057602 -0.905077
v -0.946114 -0.793458 -0.885680
v -0.274229 -1.180519 -0.888135
v -0.189198 -0.489276 -0.817726
v -0.263311 -0.387893 -0.828048
v -0.392672 -0.377822 -0.817524
v -1.189417 -0.408763 -0.902576
v -1.255640 -0.013150 -0.884968
v -0.980494 -0.748144 -0.885209
v -0.481762 -0.277724 -0.817574
v -0.473385 -0.148254 -0.828018
v -0.557484 -0.054771 -0.816728
v 0.755133 -1.357529 -1.745538
v 0.238930 -1.545413 -1.743575
v 1.175943 -1.004423 -1.747137
v 1.450607 -0.528686 -1.748182
v 1.546000 0.012303 -1.748545
v 1.450609 0.553293 -1.748182
v 1.175943 1.029030 -1.747137
v 0.755131 1.382136 -1.745538
v 0.238932 1.570019 -1.743575
v -0.310400 1.570018 -1.741488
v -0.826603 1.382136 -1.739523
v -1.247414 1.029030 -1.737924
v -1.522078 0.553293 -1.736880
v -1.617470 0.012304 -1.736517
v -1.522081 -0.528686 -1.736880
v -1.247416 -1.004423 -1.737924
v -0.826603 -1.357529 -1.739524
v -0.310402 -1.545413 -1.741488
v 0.337894 -2.032439 1.700109
v 1.015497 -1.785810 1.697533
v 1.567886 -1.322299 1.695432
v 1.928429 -0.697812 1.694062
v 2.053646 0.012328 1.693585
v 1.928429 0.722468 1.694062
v 1.567883 1.346955 1.695432
v 1.015497 1.810466 1.697533
v 0.337894 2.057095 1.700109
v -0.383196 2.057094 1.702851
v -1.060797 1.810466 1.705427
v -1.613186 1.346955 1.707527
v -1.973730 0.722468 1.708898
v -2.098946 0.012329 1.709374
v -1.973730 -0.697812 1.708898
v -1.613186 -1.322298 1.707527
v -1.060799 -1.785809 1.705427
v -0.383196 -2.032439 1.702851
v 0.261003 -1.596704 1.685065
v 0.794212 -1.402631 1.683037
v 1.228886 -1.037893 1.681385
v 1.512600 -0.546483 1.680305
v 1.611134 0.012328 1.679931
v 1.512598 0.571139 1.680306
v 1.228888 1.062549 1.681385
v 0.794210 1.427287 1.683038
v 0.261005 1.621359 1.685065
v -0.306423 1.621359 1.687222
v -0.839630 1.427287 1.689250
v -1.274303 1.062549 1.690902
v -1.558018 0.571139 1.691981
v -1.656551 0.012328 1.692355
v -1.558018 -0.546483 1.691981
v -1.274305 -1.037892 1.690902
v -0.839630 -1.402630 1.689250
v -0.306425 -1.596704 1.687222
v 0.770084 -1.360903 1.673404
v 0.252602 -1.549253 1.675372
v 0.249592 -1.531638 1.700445
v 0.761238 -1.345412 1.698500
v 1.191940 -1.006921 1.671800
v 1.178333 -0.995424 1.696914
v 1.467285 -0.530003 1.670753
v 1.450573 -0.523885 1.695879
v 1.562914 0.012328 1.670390
v 1.545122 0.012328 1.695519
v 1.467287 0.554659 1.670753
v 1.450575 0.548542 1.695879
v 1.191938 1.031577 1.671800
v 1.178333 1.020080 1.696914
v 0.770082 1.385559 1.673405
v 0.761234 1.370068 1.698500
v 0.252604 1.573908 1.675372
v 0.249590 1.556293 1.700445
v -0.298092 1.573908 1.677465
v -0.294889 1.556293 1.702515
v -0.815577 1.385558 1.679433
v -0.806538 1.370068 1.704460
v -1.237431 1.031577 1.681037
v -1.223633 1.020080 1.706046
v -1.512777 0.554659 1.682084
v -1.495874 0.548542 1.707081
v -1.608404 0.012328 1.682447
v -1.590424 0.012328 1.707441
v -1.512777 -0.530003 1.682084
v -1.495874 -0.523885 1.707081
v -1.237431 -1.006921 1.681037
v -1.223635 -0.995423 1.706046
v -0.815575 -1.360902 1.679433
v -0.806536 -1.345412 1.704460
v -0.298094 -1.549252 1.677465
v -0.294889 -1.531637 1.702515
v 0.225765 -1.396506 1.700535
v 0.692629 -1.226580 1.698761
v 1.073219 -0.907223 1.697313
v 1.321634 -0.476955 1.696369
v 1.407906 0.012328 1.696041
v 1.321630 0.501611 1.696369
v 1.073221 0.931879 1.697313
v 0.692627 1.251236 1.698761
v 0.225763 1.421161 1.700535
v -0.271065 1.421161 1.702425
v -0.737930 1.251235 1.704200
v -1.118521 0.931879 1.705647
v -1.366936 0.501611 1.706591
v -1.453207 0.012328 1.706919
v -1.366932 -0.476954 1.706591
v -1.118523 -0.907222 1.705647
v -0.737928 -1.226579 1.704199
v -0.271063 -1.396506 1.702425
v 0.218615 -1.356916 1.656714
v 0.672361 -1.191765 1.654989
v 1.042257 -0.881383 1.653583
v 1.283691 -0.463206 1.652665
v 1.367538 0.012328 1.652347
v 1.283689 0.487862 1.652665
v 1.042257 0.906039 1.653583
v 0.672359 1.216421 1.654989
v 0.218613 1.381572 1.656714
v -0.264252 1.381572 1.658550
v -0.717997 1.216421 1.660275
v -1.087894 0.906039 1.661682
v -1.329327 0.487862 1.662600
v -1.413176 0.012328 1.662919
v -1.329325 -0.463205 1.662600
v -1.087894 -0.881382 1.661682
v -0.717997 -1.191765 1.660275
v -0.264250 -1.356917 1.658550
vn 0.1468 -0.8208 0.5521
vn 0.4888 -0.8451 0.2165
vn 0.4188 -0.7218 0.5511
vn 0.7484 -0.6273 0.2156
vn 0.6405 -0.5357 0.5502
vn 0.9178 -0.3338 0.2149
vn 0.7853 -0.2850 0.5497
vn 0.9767 -0.0000 0.2147
vn 0.8355 -0.0000 0.5495
vn 0.9178 0.3338 0.2149
vn 0.7853 0.2850 0.5497
vn 0.7484 0.6273 0.2155
vn 0.6405 0.5357 0.5502
vn 0.4888 0.8451 0.2165
vn 0.4188 0.7218 0.5511
vn 0.1703 0.9610 0.2177
vn 0.1468 0.8208 0.5521
vn -0.1686 0.9610 0.2190
vn -0.1426 0.8208 0.5532
vn -0.4871 0.8451 0.2202
vn -0.4146 0.7218 0.5542
vn -0.7467 0.6273 0.2212
vn -0.6363 0.5357 0.5551
vn -0.9162 0.3338 0.2219
vn -0.7810 0.2850 0.5556
vn -0.9750 -0.0000 0.2221
vn -0.8313 -0.0000 0.5558
vn -0.9162 -0.3338 0.2219
vn -0.7810 -0.2850 0.5556
vn -0.7467 -0.6273 0.2212
vn -0.6363 -0.5357 0.5551
vn -0.4871 -0.8451 0.2202
vn -0.4146 -0.7218 0.5542
vn -0.1686 -0.9610 0.2190
vn -0.1426 -0.8208 0.5532
vn 0.1703 -0.9610 0.2177
vn 0.4995 -0.8648 0.0507
vn 0.7652 -0.6419 0.0497
vn 0.9386 -0.3415 0.0491
vn 0.9988 -0.0000 0.0488
vn 0.9386 0.3415 0.0491
vn 0.7652 0.6419 0.0497
vn 0.4995 0.8648 0.0507
vn 0.1736 0.9834 0.0520
vn -0.1732 0.9834 0.0533
vn -0.4991 0.8648 0.0545
vn -0.7648 0.6419 0.0555
vn -0.9382 0.3415 0.0562
vn -0.9984 -0.0000 0.0564
vn -0.9382 -0.3415 0.0562
vn -0.7648 -0.6419 0.0555
vn -0.4991 -0.8648 0.0545
vn -0.1732 -0.9834 0.0533
vn 0.1736 -0.9834 0.0520
vn 0.4991 -0.8648 -0.0545
vn 0.7648 -0.6419 -0.0555
vn 0.9382 -0.3415 -0.0562
vn 0.9984 -0.0000 -0.0564
vn 0.9382 0.3415 -0.0562
vn 0.7648 0.6419 -0.0555
vn 0.4991 0.8648 -0.0545
vn 0.1732 0.9834 -0.0533
vn -0.1736 0.9834 -0.0520
vn -0.4995 0.8648 -0.0507
vn -0.7652 0.6419 -0.0497
vn -0.9386 0.3415 -0.0491
vn -0.9988 -0.0000 -0.0488
vn -0.9386 -0.3415 -0.0491
vn -0.7652 -0.6419 -0.0497
vn -0.4995 -0.8648 -0.0507
vn -0.1736 -0.9834 -0.0520
vn 0.1732 -0.9834 -0.0533
vn 0.4856 -0.8427 -0.2324
vn 0.7445 -0.6255 -0.2334
vn 0.9135 -0.3328 -0.2340
vn 0.9722 -0.0000 -0.2343
vn 0.9135 0.3328 -0.2340
vn 0.7445 0.6255 -0.2334
vn 0.4856 0.8427 -0.2324
vn 0.1681 0.9583 -0.2312
vn -0.1698 0.9583 -0.2299
vn -0.4874 0.8427 -0.2287
vn -0.7463 0.6255 -0.2277
vn -0.9152 0.3328 -0.2271
vn -0.9739 -0.0000 -0.2269
vn -0.9152 -0.3328 -0.2271
vn -0.7463 -0.6255 -0.2277
vn -0.4874 -0.8427 -0.2287
vn -0.1698 -0.9583 -0.2299
vn 0.1681 -0.9583 -0.2312
vn 0.3789 -0.6605 -0.6483
vn 0.5817 -0.4902 -0.6490
vn 0.7142 -0.2608 -0.6495
vn 0.7602 -0.0000 -0.6497
vn 0.7142 0.2608 -0.6495
vn 0.5817 0.4902 -0.6490
vn 0.3789 0.6605 -0.6483
vn 0.1300 0.7511 -0.6473
vn -0.1349 0.7511 -0.6463
vn -0.3838 0.6605 -0.6454
vn -0.5867 0.4902 -0.6446
vn -0.7191 0.2608 -0.6441
vn -0.7651 -0.0000 -0.6439
vn -0.7191 -0.2608 -0.6441
vn -0.5867 -0.4902 -0.6446
vn -0.3838 -0.6605 -0.6454
vn -0.1349 -0.7511 -0.6463
vn 0.1300 -0.7511 -0.6473
vn 0.1217 -0.2171 -0.9685
vn 0.1884 -0.1611 -0.9688
vn 0.2319 -0.0857 -0.9690
vn 0.2470 -0.0000 -0.9690
vn 0.2319 0.0857 -0.9690
vn 0.1884 0.1611 -0.9688
vn 0.1217 0.2171 -0.9685
vn 0.0399 0.2469 -0.9682
vn -0.0472 0.2469 -0.9679
vn -0.1290 0.2171 -0.9676
vn -0.1957 0.1611 -0.9673
vn -0.2392 0.0857 -0.9672
vn -0.2544 -0.0000 -0.9671
vn -0.2392 -0.0857 -0.9672
vn -0.1957 -0.1611 -0.9673
vn -0.1290 -0.2171 -0.9676
vn -0.0472 -0.2469 -0.9679
vn 0.0398 -0.2469 -0.9682
vn -0.0524 0.2765 -0.9596
vn -0.1440 0.2432 -0.9592
vn -0.2187 0.1805 -0.9590
vn -0.2675 0.0960 -0.9588
vn -0.2844 -0.0000 -0.9587
vn -0.2675 -0.0960 -0.9588
vn -0.2187 -0.1805 -0.9590
vn -0.1440 -0.2431 -0.9592
vn -0.0524 -0.2765 -0.9596
vn 0.0451 -0.2765 -0.9600
vn 0.1367 -0.2432 -0.9603
vn 0.2114 -0.1805 -0.9606
vn 0.2602 -0.0960 -0.9608
vn 0.2771 -0.0000 -0.9608
vn 0.2602 0.0960 -0.9608
vn 0.2114 0.1805 -0.9606
vn 0.1367 0.2432 -0.9603
vn 0.0451 0.2765 -0.9600
vn -0.0680 0.3658 -0.9282
vn -0.1892 0.3217 -0.9278
vn -0.2880 0.2387 -0.9274
vn -0.3525 0.1270 -0.9271
vn -0.3749 -0.0000 -0.9271
vn -0.3525 -0.1270 -0.9271
vn -0.2880 -0.2387 -0.9274
vn -0.1892 -0.3216 -0.9278
vn -0.0680 -0.3658 -0.9282
vn 0.0610 -0.3658 -0.9287
vn 0.1822 -0.3217 -0.9292
vn 0.2810 -0.2387 -0.9295
vn 0.3455 -0.1270 -0.9298
vn 0.3679 -0.0000 -0.9299
vn 0.3455 0.1270 -0.9298
vn 0.2810 0.2387 -0.9295
vn 0.1822 0.3216 -0.9292
vn 0.0610 0.3658 -0.9287
vn -0.1694 0.9554 -0.2419
vn -0.4966 0.8594 -0.1220
vn -0.4860 0.8402 -0.2407
vn -0.7606 0.6378 -0.1210
vn -0.7441 0.6236 -0.2397
vn -0.9329 0.3394 -0.1203
vn -0.9125 0.3318 -0.2391
vn -0.9928 -0.0000 -0.1201
vn -0.9710 -0.0000 -0.2389
vn -0.9329 -0.3394 -0.1203
vn -0.9125 -0.3318 -0.2391
vn -0.7606 -0.6378 -0.1210
vn -0.7441 -0.6236 -0.2397
vn -0.4966 -0.8594 -0.1220
vn -0.4860 -0.8402 -0.2407
vn -0.1728 -0.9772 -0.1232
vn -0.1694 -0.9554 -0.2419
vn 0.1718 -0.9772 -0.1245
vn 0.1675 -0.9554 -0.2432
vn 0.4957 -0.8594 -0.1258
vn 0.4841 -0.8402 -0.2444
vn 0.7597 -0.6378 -0.1268
vn 0.7422 -0.6236 -0.2454
vn 0.9320 -0.3394 -0.1274
vn 0.9107 -0.3318 -0.2460
vn 0.9918 -0.0000 -0.1276
vn 0.9692 -0.0000 -0.2463
vn 0.9320 0.3394 -0.1274
vn 0.9107 0.3318 -0.2460
vn 0.7597 0.6378 -0.1268
vn 0.7422 0.6236 -0.2454
vn 0.4957 0.8594 -0.1258
vn 0.4841 0.8402 -0.2444
vn 0.1718 0.9772 -0.1245
vn 0.1675 0.9554 -0.2432
vn -0.1728 0.9772 -0.1232
vn -0.5000 0.8660 0.0019
vn -0.7660 0.6428 0.0029
vn -0.9397 0.3420 0.0036
vn -1.0000 -0.0000 0.0038
vn -0.9397 -0.3420 0.0036
vn -0.7660 -0.6428 0.0029
vn -0.5000 -0.8660 0.0019
vn -0.1736 -0.9848 0.0007
vn 0.1737 -0.9848 -0.0007
vn 0.5000 -0.8660 -0.0019
vn 0.7660 -0.6428 -0.0029
vn 0.9397 -0.3420 -0.0036
vn 1.0000 -0.0000 -0.0038
vn 0.9397 0.3420 -0.0036
vn 0.7660 0.6428 -0.0029
vn 0.5000 0.8660 -0.0019
vn 0.1736 0.9848 -0.0007
vn -0.1737 0.9848 0.0007
vn -0.0213 0.0995 -0.9948
vn -0.0385 0.0964 -0.9946
vn -0.0391 0.0964 -0.9946
vn -0.0697 0.0786 -0.9945
vn -0.0814 0.0649 -0.9946
vn -0.0810 0.0651 -0.9946
vn -0.0923 0.0516 -0.9944
vn -0.0928 0.0513 -0.9944
vn -0.1048 0.0178 -0.9943
vn -0.1049 0.0001 -0.9945
vn -0.1048 -0.0001 -0.9945
vn -0.1048 -0.0174 -0.9943
vn -0.1049 -0.0179 -0.9943
vn -0.0926 -0.0512 -0.9944
vn -0.0816 -0.0646 -0.9946
vn -0.0812 -0.0649 -0.9946
vn -0.0699 -0.0783 -0.9945
vn -0.0696 -0.0788 -0.9945
vn -0.0389 -0.0964 -0.9946
vn -0.0210 -0.0996 -0.9948
vn -0.0213 -0.0995 -0.9948
vn -0.0042 -0.1025 -0.9947
vn -0.0036 -0.1027 -0.9947
vn 0.0312 -0.0964 -0.9949
vn 0.0464 -0.0878 -0.9951
vn 0.0467 -0.0875 -0.9951
vn 0.0618 -0.0787 -0.9950
vn 0.0623 -0.0785 -0.9950
vn 0.0850 -0.0513 -0.9951
vn 0.0911 -0.0348 -0.9952
vn 0.0911 -0.0346 -0.9952
vn 0.0970 -0.0182 -0.9951
vn 0.0974 -0.0176 -0.9951
vn 0.0972 0.0178 -0.9951
vn 0.0913 0.0343 -0.9952
vn 0.0912 0.0344 -0.9952
vn 0.0851 0.0509 -0.9951
vn 0.0851 0.0515 -0.9950
vn 0.0622 0.0786 -0.9950
vn 0.0467 0.0876 -0.9951
vn 0.0468 0.0875 -0.9951
vn 0.0315 0.0962 -0.9949
vn 0.0312 0.0965 -0.9948
vn -0.0037 0.1026 -0.9947
vn -0.0213 0.0996 -0.9948
vn -0.0536 0.1222 -0.9911
vn -0.1945 0.3308 -0.9234
vn -0.0445 0.0790 -0.9959
vn -0.2961 0.2455 -0.9231
vn -0.1203 0.0626 -0.9908
vn -0.3625 0.1306 -0.9228
vn -0.0834 0.0367 -0.9958
vn -0.3855 -0.0000 -0.9227
vn -0.1321 -0.0291 -0.9908
vn -0.3625 -0.1306 -0.9228
vn -0.0883 -0.0257 -0.9958
vn -0.2961 -0.2455 -0.9230
vn -0.0853 -0.1040 -0.9909
vn -0.1945 -0.3308 -0.9234
vn -0.0567 -0.0760 -0.9955
vn -0.0698 -0.3762 -0.9239
vn -0.0005 -0.1325 -0.9912
vn 0.0628 -0.3762 -0.9244
vn 0.0026 -0.0865 -0.9962
vn 0.1875 -0.3308 -0.9249
vn 0.0862 -0.0957 -0.9917
vn 0.2891 -0.2455 -0.9253
vn 0.0584 -0.0618 -0.9964
vn 0.3554 -0.1306 -0.9255
vn 0.1268 -0.0165 -0.9918
vn 0.3785 -0.0000 -0.9256
vn 0.0849 -0.0069 -0.9964
vn 0.3554 0.1307 -0.9255
vn 0.1081 0.0702 -0.9917
vn 0.2891 0.2455 -0.9253
vn 0.0701 0.0522 -0.9962
vn 0.1875 0.3308 -0.9249
vn 0.0371 0.1256 -0.9914
vn 0.0628 0.3762 -0.9244
vn 0.0162 0.0859 -0.9962
vn -0.0698 0.3762 -0.9239
vn -0.2917 0.4998 -0.8155
vn -0.4452 0.3710 -0.8150
vn -0.5454 0.1974 -0.8146
vn -0.5802 -0.0000 -0.8144
vn -0.5454 -0.1974 -0.8146
vn -0.4452 -0.3710 -0.8149
vn -0.2917 -0.4998 -0.8155
vn -0.1033 -0.5684 -0.8163
vn 0.0971 -0.5684 -0.8170
vn 0.2855 -0.4998 -0.8177
vn 0.4390 -0.3710 -0.8183
vn 0.5392 -0.1974 -0.8187
vn 0.5740 -0.0000 -0.8188
vn 0.5392 0.1974 -0.8187
vn 0.4390 0.3710 -0.8183
vn 0.2855 0.4998 -0.8177
vn 0.0971 0.5684 -0.8170
vn -0.1033 0.5684 -0.8162
vn 0.1562 -0.8949 -0.4181
vn 0.4368 -0.7598 -0.4816
vn 0.4528 -0.7869 -0.4192
vn 0.6702 -0.5639 -0.4824
vn 0.6945 -0.5841 -0.4201
vn 0.8226 -0.3001 -0.4830
vn 0.8523 -0.3108 -0.4207
vn 0.8755 -0.0000 -0.4832
vn 0.9071 -0.0000 -0.4210
vn 0.8226 0.3001 -0.4830
vn 0.8523 0.3108 -0.4208
vn 0.6702 0.5639 -0.4825
vn 0.6945 0.5841 -0.4202
vn 0.4368 0.7598 -0.4816
vn 0.4527 0.7869 -0.4192
vn 0.1505 0.8640 -0.4805
vn 0.1562 0.8949 -0.4181
vn -0.1542 0.8640 -0.4793
vn -0.1594 0.8949 -0.4169
vn -0.4405 0.7598 -0.4782
vn -0.4559 0.7869 -0.4158
vn -0.6739 0.5639 -0.4773
vn -0.6977 0.5841 -0.4148
vn -0.8262 0.3001 -0.4768
vn -0.8555 0.3108 -0.4142
vn -0.8791 -0.0000 -0.4766
vn -0.9103 -0.0000 -0.4140
vn -0.8262 -0.3001 -0.4768
vn -0.8555 -0.3108 -0.4143
vn -0.6739 -0.5639 -0.4773
vn -0.6977 -0.5841 -0.4149
vn -0.4405 -0.7598 -0.4782
vn -0.4559 -0.7869 -0.4158
vn -0.1542 -0.8640 -0.4793
vn -0.1594 -0.8949 -0.4169
vn 0.1505 -0.8640 -0.4805
vn 0.4125 -0.7182 -0.5604
vn 0.6331 -0.5331 -0.5612
vn 0.7772 -0.2836 -0.5618
vn 0.8272 -0.0000 -0.5620
vn 0.7771 0.2836 -0.5618
vn 0.6331 0.5331 -0.5612
vn 0.4125 0.7182 -0.5604
vn 0.1419 0.8167 -0.5593
vn -0.1461 0.8167 -0.5583
vn -0.4168 0.7182 -0.5572
vn -0.6374 0.5331 -0.5564
vn -0.7814 0.2836 -0.5559
vn -0.8314 -0.0000 -0.5557
vn -0.7814 -0.2836 -0.5558
vn -0.6374 -0.5331 -0.5564
vn -0.4168 -0.7182 -0.5572
vn -0.1461 -0.8167 -0.5583
vn 0.1419 -0.8167 -0.5594
vn 0.1300 -0.7510 -0.6474
vn 0.3788 -0.6604 -0.6484
vn 0.5817 -0.4902 -0.6491
vn 0.7141 -0.2608 -0.6496
vn 0.7601 -0.0001 -0.6498
vn 0.7141 0.2608 -0.6497
vn 0.5817 0.4901 -0.6492
vn 0.3788 0.6604 -0.6484
vn 0.1300 0.7510 -0.6474
vn -0.1349 0.7509 -0.6464
vn -0.3837 0.6604 -0.6455
vn -0.5866 0.4902 -0.6447
vn -0.7190 0.2608 -0.6442
vn -0.7650 -0.0000 -0.6440
vn -0.7190 -0.2608 -0.6442
vn -0.5866 -0.4902 -0.6447
vn -0.3837 -0.6604 -0.6454
vn -0.1349 -0.7510 -0.6464
vn 0.1123 -0.6530 -0.7490
vn 0.1109 -0.6453 -0.7558
vn 0.3248 -0.5674 -0.7567
vn 0.3287 -0.5743 -0.7498
vn 0.4991 -0.4210 -0.7574
vn 0.5051 -0.4263 -0.7504
vn 0.6129 -0.2240 -0.7577
vn 0.6203 -0.2268 -0.7509
vn 0.6524 0.0001 -0.7579
vn 0.6602 -0.0000 -0.7511
vn 0.6129 0.2242 -0.7577
vn 0.6203 0.2268 -0.7509
vn 0.4991 0.4213 -0.7573
vn 0.5051 0.4262 -0.7505
vn 0.3247 0.5675 -0.7566
vn 0.3287 0.5743 -0.7498
vn 0.1109 0.6453 -0.7558
vn 0.1123 0.6530 -0.7490
vn -0.1166 0.6453 -0.7549
vn -0.1180 0.6530 -0.7481
vn -0.3305 0.5675 -0.7541
vn -0.3344 0.5743 -0.7472
vn -0.5048 0.4212 -0.7535
vn -0.5108 0.4263 -0.7466
vn -0.6186 0.2241 -0.7531
vn -0.6259 0.2268 -0.7462
vn -0.6581 -0.0000 -0.7529
vn -0.6659 -0.0000 -0.7460
vn -0.6186 -0.2241 -0.7530
vn -0.6259 -0.2267 -0.7462
vn -0.5048 -0.4212 -0.7535
vn -0.5108 -0.4261 -0.7466
vn -0.3305 -0.5675 -0.7542
vn -0.3344 -0.5742 -0.7473
vn -0.1166 -0.6453 -0.7550
vn -0.1180 -0.6530 -0.7481
vn 0.1967 -0.3468 -0.9171
vn 0.3032 -0.2575 -0.9175
vn 0.3727 -0.1371 -0.9178
vn 0.3968 -0.0000 -0.9179
vn 0.3727 0.1369 -0.9178
vn 0.3032 0.2572 -0.9176
vn 0.1966 0.3467 -0.9171
vn 0.0660 0.3943 -0.9166
vn -0.0730 0.3943 -0.9161
vn -0.2037 0.3466 -0.9156
vn -0.3102 0.2572 -0.9152
vn -0.3796 0.1369 -0.9149
vn -0.4038 -0.0000 -0.9149
vn -0.3796 -0.1369 -0.9149
vn -0.3101 -0.2573 -0.9152
vn -0.2036 -0.3468 -0.9156
vn -0.0729 -0.3943 -0.9161
vn 0.0660 -0.3943 -0.9166
vn 0.3160 -0.2184 -0.9233
vn 0.0976 -0.0615 -0.9933
vn 0.1020 -0.0575 -0.9931
vn 0.3134 0.2269 -0.9221
vn 0.3661 -0.0128 -0.9305
vn 0.0101 0.1361 -0.9906
vn 0.0777 0.0351 -0.9964
vn -0.0655 -0.1153 -0.9912
vn 0.1420 -0.3720 -0.9173
vn 0.0700 -0.3867 -0.9196
vn 0.0347 -0.1119 -0.9931
vn 0.0402 -0.1117 -0.9929
vn 0.4808 -0.0082 -0.8768
vn 0.1057 0.0979 -0.9896
vn 0.0849 -0.0250 -0.9961
vn -0.1284 -0.0425 -0.9908
vn -0.1647 -0.4232 -0.8909
vn -0.1900 -0.3230 -0.9271
vn -0.0465 -0.1103 -0.9928
vn -0.0420 -0.1140 -0.9926
vn 0.3282 -0.2999 -0.8958
vn 0.1386 0.0081 -0.9903
vn 0.0446 -0.0758 -0.9961
vn -0.1436 0.0353 -0.9890
vn -0.3803 -0.2109 -0.9005
vn -0.3605 -0.1366 -0.9227
vn -0.1076 -0.0571 -0.9926
vn -0.1064 -0.0628 -0.9923
vn 0.0445 -0.4114 -0.9104
vn 0.1105 -0.1118 -0.9876
vn -0.0178 -0.0916 -0.9956
vn -0.0826 0.1151 -0.9899
vn -0.4359 0.0771 -0.8967
vn -0.3054 0.1149 -0.9453
vn -0.1199 0.0230 -0.9925
vn -0.1227 0.0178 -0.9923
vn -0.2374 -0.3662 -0.8998
vn 0.0346 -0.1304 -0.9909
vn -0.0679 -0.0619 -0.9958
vn 0.0150 0.1320 -0.9911
vn -0.2495 0.2833 -0.9260
vn -0.1762 0.3309 -0.9271
vn -0.0763 0.0917 -0.9929
vn -0.0823 0.0895 -0.9926
vn -0.3396 -0.0794 -0.9372
vn -0.0642 -0.1247 -0.9901
vn -0.0930 -0.0045 -0.9957
vn 0.0957 0.0989 -0.9905
vn 0.0002 0.4598 -0.8880
vn -0.0068 0.1204 -0.9927
vn -0.3564 0.1608 -0.9204
vn -0.1396 -0.0540 -0.9887
vn -0.0777 0.0546 -0.9955
vn 0.1373 0.0087 -0.9905
vn 0.2351 0.2983 -0.9251
vn 0.0476 0.3366 -0.9404
vn -0.0011 0.1185 -0.9930
vn 0.2674 0.2270 -0.9365
vn 0.0745 0.0888 -0.9933
vn 0.0713 0.0942 -0.9930
vn -0.1701 0.3496 -0.9213
vn -0.1435 0.0462 -0.9886
vn -0.0254 0.0897 -0.9956
vn 0.1124 -0.0845 -0.9901
vn 0.3903 0.0694 -0.9181
vn 0.1131 0.0180 -0.9934
vn 0.1140 0.0240 -0.9932
vn 0.0415 0.3989 -0.9161
vn -0.0764 0.1322 -0.9883
vn 0.0388 0.0808 -0.9960
vn 0.0288 -0.1338 -0.9906
vn 0.3798 -0.2297 -0.8961
vn -0.1831 0.9830 0.0127
vn -0.3747 0.9271 -0.0115
vn -0.3602 0.9323 -0.0333
vn -0.8401 -0.5414 -0.0338
vn -0.1923 -0.9438 -0.2688
vn 0.1684 -0.9427 -0.2880
vn 0.1691 -0.9428 -0.2872
vn 0.5054 -0.8194 -0.2703
vn 0.5216 -0.8129 -0.2591
vn 0.9747 -0.2198 -0.0404
vn 0.0485 0.9987 -0.0133
vn -0.1837 0.9829 0.0127
vn -0.6303 0.7763 -0.0107
vn -0.7833 0.6214 0.0168
vn -0.7826 0.6223 0.0169
vn -0.8833 0.4688 -0.0076
vn -0.8753 0.4827 -0.0299
vn -0.3022 -0.9526 -0.0349
vn 0.5020 -0.8194 -0.2767
vn 0.7460 -0.5990 -0.2911
vn 0.7489 -0.5966 -0.2884
vn 0.9102 -0.3124 -0.2720
vn 0.9174 -0.2993 -0.2623
vn 0.8923 0.4496 -0.0418
vn -0.9724 0.2332 -0.0101
vn -0.9999 -0.0033 0.0151
vn -0.9999 -0.0029 0.0150
vn -0.9784 -0.2065 -0.0107
vn -0.9810 -0.1915 -0.0324
vn 0.3925 -0.9189 -0.0396
vn 0.9193 -0.2753 -0.2813
vn 0.9562 0.0043 -0.2925
vn 0.9563 0.0043 -0.2924
vn 0.9171 0.2831 -0.2806
vn 0.9169 0.2853 -0.2792
vn 0.3846 0.9223 -0.0381
vn -0.8784 -0.4778 -0.0100
vn -0.7563 -0.6540 0.0169
vn -0.7567 -0.6535 0.0171
vn -0.6283 -0.7779 -0.0098
vn -0.6403 -0.7674 -0.0324
vn 0.8903 -0.4535 -0.0410
vn 0.9783 -0.1461 -0.1468
vn 0.9818 -0.0476 -0.1836
vn 0.7551 0.5890 -0.2880
vn 0.7557 0.5872 -0.2899
vn 0.4698 0.8397 -0.2722
vn 0.4600 0.8478 -0.2639
vn -0.2900 0.9563 -0.0369
vn -0.3806 -0.9247 -0.0129
vn -0.1633 -0.9865 0.0128
vn -0.1639 -0.9864 0.0127
vn 0.0266 -0.9995 -0.0146
vn 0.0110 -0.9993 -0.0368
vn 0.9727 0.2284 -0.0419
vn 0.4716 0.8376 -0.2757
vn 0.1368 0.9474 -0.2892
vn 0.1340 0.9487 -0.2864
vn -0.2154 0.9399 -0.2650
vn -0.2339 0.9389 -0.2524
vn -0.8373 0.5457 -0.0347
vn 0.3161 -0.9486 -0.0161
vn 0.5079 -0.8614 0.0103
vn 0.5075 -0.8616 0.0104
vn 0.6501 -0.7596 -0.0171
vn 0.6378 -0.7692 -0.0394
vn 0.5954 0.8024 -0.0410
vn 0.5953 0.8024 -0.0410
vn -0.1515 0.9510 -0.2697
vn -0.4579 0.8419 -0.2855
vn -0.4552 0.8428 -0.2873
vn -0.7127 0.6458 -0.2739
vn -0.7175 0.6420 -0.2702
vn -0.9924 -0.1178 -0.0344
vn 0.8489 -0.5283 -0.0158
vn 0.9439 -0.3300 0.0100
vn 0.9437 -0.3306 0.0101
vn 0.9885 -0.1506 -0.0157
vn 0.9854 -0.1662 -0.0380
vn -0.0495 0.9981 -0.0369
vn -0.7693 0.5775 -0.2733
vn -0.8979 0.3362 -0.2843
vn -0.8972 0.3373 -0.2851
vn -0.9590 0.0705 -0.2746
vn -0.9583 0.0731 -0.2762
vn -0.6797 -0.7327 -0.0346
vn 0.9899 0.1407 -0.0182
vn 0.9319 0.3627 0.0089
vn 0.9321 0.3620 0.0092
vn 0.8441 0.5359 -0.0164
vn 0.8518 0.5224 -0.0385
vn -0.6832 0.7294 -0.0354
vn -0.9639 0.0348 -0.2641
vn -0.9069 -0.3119 -0.2832
vn -0.9070 -0.3111 -0.2839
vn -0.7387 -0.6181 -0.2690
vn -0.7330 -0.6278 -0.2619
vn -0.0558 -0.9977 -0.0379
vn 0.6832 0.7301 -0.0169
vn 0.4885 0.8725 0.0090
vn 0.4892 0.8722 0.0090
vn 0.2977 0.9545 -0.0150
vn 0.3120 0.9494 -0.0364
vn -0.9916 0.1254 -0.0332
vn -0.7606 -0.5921 -0.2662
vn -0.4714 -0.8342 -0.2862
vn -0.4703 -0.8354 -0.2845
vn -0.1164 -0.9571 -0.2653
vn -0.0954 -0.9633 -0.2509
vn 0.6032 -0.7966 -0.0395
vn 0.1082 -0.6302 -0.7688
vn 0.3170 -0.5542 -0.7697
vn 0.4873 -0.4114 -0.7703
vn 0.4873 -0.4113 -0.7703
vn 0.5984 -0.2189 -0.7707
vn 0.6370 -0.0000 -0.7709
vn 0.5983 0.2189 -0.7708
vn 0.4873 0.4113 -0.7703
vn 0.3170 0.5541 -0.7697
vn 0.1082 0.6302 -0.7689
vn -0.1140 0.6301 -0.7681
vn -0.3229 0.5542 -0.7672
vn -0.4931 0.4113 -0.7666
vn -0.6042 0.2189 -0.7662
vn -0.6428 -0.0000 -0.7660
vn -0.6042 -0.2189 -0.7662
vn -0.4931 -0.4113 -0.7666
vn -0.3229 -0.5542 -0.7672
vn -0.1140 -0.6302 -0.7680
vn -0.1016 0.5588 -0.8231
vn -0.2868 0.4914 -0.8224
vn -0.4377 0.3647 -0.8218
vn -0.5363 0.1940 -0.8214
vn -0.5704 -0.0000 -0.8213
vn -0.5362 -0.1940 -0.8215
vn -0.4377 -0.3647 -0.8218
vn -0.2868 -0.4913 -0.8224
vn -0.1017 -0.5587 -0.8231
vn 0.0954 -0.5587 -0.8239
vn 0.2805 -0.4913 -0.8245
vn 0.4314 -0.3647 -0.8252
vn 0.5300 -0.1940 -0.8255
vn 0.5642 -0.0000 -0.8256
vn 0.5300 0.1941 -0.8255
vn 0.4315 0.3647 -0.8251
vn 0.2805 0.4914 -0.8245
vn 0.0954 0.5587 -0.8238
vn 0.0670 -0.3600 0.9306
vn 0.1863 -0.3166 0.9301
vn 0.2836 -0.2350 0.9297
vn 0.3470 -0.1250 0.9295
vn 0.3691 -0.0000 0.9294
vn 0.3470 0.1250 0.9295
vn 0.2835 0.2350 0.9297
vn 0.1863 0.3166 0.9301
vn 0.0670 0.3600 0.9306
vn -0.0599 0.3600 0.9310
vn -0.1792 0.3166 0.9315
vn -0.2765 0.2350 0.9319
vn -0.3399 0.1250 0.9321
vn -0.3620 -0.0000 0.9322
vn -0.3399 -0.1250 0.9321
vn -0.2765 -0.2350 0.9319
vn -0.1792 -0.3166 0.9315
vn -0.0599 -0.3600 0.9310
vn -0.0500 0.0932 0.9944
vn -0.0149 0.1060 0.9943
vn -0.0787 0.0692 0.9945
vn -0.0973 0.0368 0.9946
vn -0.1038 -0.0000 0.9946
vn -0.0973 -0.0368 0.9946
vn -0.0787 -0.0692 0.9945
vn -0.0500 -0.0932 0.9944
vn -0.0149 -0.1060 0.9943
vn 0.0225 -0.1060 0.9941
vn 0.0576 -0.0932 0.9940
vn 0.0862 -0.0692 0.9939
vn 0.1049 -0.0368 0.9938
vn 0.1114 -0.0000 0.9938
vn 0.1049 0.0368 0.9938
vn 0.0862 0.0692 0.9939
vn 0.0576 0.0932 0.9940
vn 0.0225 0.1060 0.9941
vn 0.4092 -0.7049 0.5794
vn 0.1435 -0.8016 0.5804
vn 0.6257 -0.5232 0.5786
vn 0.7671 -0.2784 0.5780
vn 0.8162 -0.0000 0.5778
vn 0.7671 0.2784 0.5780
vn 0.6257 0.5232 0.5786
vn 0.4092 0.7049 0.5794
vn 0.1435 0.8016 0.5804
vn -0.1391 0.8016 0.5815
vn 0.1436 0.8016 0.5804
vn -0.4048 0.7049 0.5825
vn -0.6213 0.5232 0.5833
vn -0.7627 0.2784 0.5838
vn -0.8117 -0.0000 0.5840
vn -0.7627 -0.2784 0.5838
vn -0.6213 -0.5232 0.5833
vn -0.4048 -0.7049 0.5825
vn -0.1391 -0.8016 0.5815
vn -0.0952 0.1713 0.9806
vn -0.0306 0.1948 0.9804
vn -0.1478 0.1272 0.9808
vn -0.1822 0.0677 0.9809
vn -0.1941 -0.0000 0.9810
vn -0.1822 -0.0677 0.9809
vn -0.1478 -0.1272 0.9808
vn -0.0952 -0.1713 0.9806
vn -0.0306 -0.1948 0.9804
vn 0.0381 -0.1948 0.9801
vn 0.1027 -0.1713 0.9798
vn 0.1553 -0.1272 0.9797
vn 0.1896 -0.0677 0.9795
vn 0.2016 -0.0000 0.9795
vn 0.1897 0.0677 0.9795
vn 0.1553 0.1272 0.9797
vn 0.1026 0.1713 0.9799
vn 0.0381 0.1948 0.9801
vn 0.0038 -0.0000 1.0000
vn -0.3660 0.6384 0.6772
vn -0.1254 0.7259 0.6763
vn -0.5621 0.4738 0.6779
vn -0.6901 0.2521 0.6784
vn -0.7345 -0.0000 0.6786
vn -0.6901 -0.2521 0.6784
vn -0.5621 -0.4738 0.6779
vn -0.3660 -0.6384 0.6772
vn -0.1254 -0.7259 0.6763
vn -0.3660 -0.6383 0.6772
vn 0.1306 -0.7259 0.6753
vn 0.3711 -0.6383 0.6744
vn 0.5672 -0.4738 0.6736
vn 0.6952 -0.2521 0.6731
vn 0.7397 -0.0000 0.6730
vn 0.6952 0.2521 0.6732
vn 0.5672 0.4738 0.6736
vn 0.3711 0.6384 0.6744
vn 0.1306 0.7259 0.6753
vn -0.0706 0.0783 -0.9944
vn -0.1053 0.0170 -0.9943
vn -0.0925 -0.0522 -0.9943
vn -0.0382 -0.0970 -0.9946
vn 0.0321 -0.0964 -0.9948
vn 0.0859 -0.0506 -0.9950
vn 0.0974 0.0187 -0.9951
vn 0.0618 0.0793 -0.9949
vn -0.0045 0.1029 -0.9947
vn -0.1781 -0.9480 -0.2637
vn 0.0630 0.9974 -0.0363
vn -0.6182 0.7852 -0.0347
vn 0.5062 -0.8174 -0.2750
vn -0.9684 0.2472 -0.0328
vn 0.9200 -0.2737 -0.2807
vn -0.8852 -0.4639 -0.0343
vn -0.3940 -0.9184 -0.0363
vn 0.4643 0.8427 -0.2725
vn 0.3014 -0.9526 -0.0400
vn -0.1651 0.9501 -0.2648
vn 0.8402 -0.5408 -0.0395
vn -0.7698 0.5770 -0.2731
vn -0.6797 -0.7326 -0.0346
vn 0.9912 0.1258 -0.0419
vn -0.9656 0.0212 -0.2590
vn 0.6931 0.7198 -0.0396
vn -0.7516 -0.6061 -0.2603
vt 0.770822 0.066163
vt 0.755393 0.075980
vt 0.755321 0.066163
vt 0.739552 0.075867
vt 0.739552 0.066040
vt 0.723701 0.075846
vt 0.723701 0.065999
vt 0.707850 0.075826
vt 0.707860 0.065988
vt 0.692009 0.075815
vt 0.692009 0.065978
vt 0.676159 0.075815
vt 0.676159 0.065968
vt 0.660318 0.075805
vt 0.660318 0.065957
vt 0.644467 0.075805
vt 0.644467 0.065957
vt 0.628626 0.075795
vt 0.628626 0.065947
vt 0.612776 0.075805
vt 0.612776 0.065957
vt 0.596925 0.075805
vt 0.596925 0.065968
vt 0.581084 0.075815
vt 0.581084 0.065978
vt 0.565233 0.075836
vt 0.565243 0.065999
vt 0.549393 0.075867
vt 0.549413 0.066029
vt 0.533552 0.075928
vt 0.533655 0.066101
vt 0.517711 0.075908
vt 0.518143 0.066081
vt 0.501840 0.075229
vt 0.503104 0.065269
vt 0.785861 0.065372
vt 0.771233 0.075990
vt 0.755495 0.085252
vt 0.739573 0.085190
vt 0.723701 0.085170
vt 0.707850 0.085170
vt 0.691999 0.085159
vt 0.676159 0.085159
vt 0.660308 0.085159
vt 0.644467 0.085149
vt 0.628626 0.085149
vt 0.612776 0.085149
vt 0.596925 0.085149
vt 0.581084 0.085159
vt 0.565233 0.085159
vt 0.549362 0.085170
vt 0.533439 0.085201
vt 0.517393 0.085211
vt 0.501182 0.084985
vt 0.787115 0.075322
vt 0.771552 0.085293
vt 0.755475 0.094452
vt 0.739552 0.094431
vt 0.723691 0.094442
vt 0.707840 0.094452
vt 0.691999 0.094452
vt 0.676159 0.094452
vt 0.660308 0.094452
vt 0.644467 0.094452
vt 0.628616 0.094452
vt 0.612776 0.094442
vt 0.596935 0.094442
vt 0.581084 0.094442
vt 0.565233 0.094431
vt 0.549372 0.094421
vt 0.533459 0.094390
vt 0.517413 0.094462
vt 0.501213 0.094812
vt 0.787752 0.085088
vt 0.771511 0.094534
vt 0.755310 0.103714
vt 0.739501 0.103745
vt 0.723670 0.103776
vt 0.707840 0.103796
vt 0.691999 0.103796
vt 0.676149 0.103806
vt 0.660308 0.103806
vt 0.644467 0.103796
vt 0.628616 0.103796
vt 0.612776 0.103796
vt 0.596935 0.103786
vt 0.581094 0.103775
vt 0.565254 0.103755
vt 0.549423 0.103734
vt 0.533603 0.103662
vt 0.517794 0.103755
vt 0.501932 0.104577
vt 0.787711 0.094904
vt 0.771120 0.103827
vt 0.755166 0.113623
vt 0.739470 0.113675
vt 0.723660 0.113705
vt 0.707830 0.113726
vt 0.691989 0.113736
vt 0.676149 0.113747
vt 0.660308 0.113747
vt 0.644467 0.113736
vt 0.628616 0.113736
vt 0.612776 0.113736
vt 0.596935 0.113716
vt 0.581094 0.113716
vt 0.565264 0.113695
vt 0.549444 0.113654
vt 0.533737 0.113582
vt 0.518297 0.113675
vt 0.503341 0.114620
vt 0.786981 0.104670
vt 0.770606 0.113747
vt 0.815585 0.122453
vt 0.814561 0.139243
vt 0.805550 0.133287
vt 0.809929 0.149539
vt 0.799491 0.146755
vt 0.808835 0.160753
vt 0.798053 0.161448
vt 0.811370 0.171743
vt 0.801365 0.175845
vt 0.817270 0.181355
vt 0.809093 0.188421
vt 0.825932 0.188583
vt 0.820427 0.197887
vt 0.836438 0.192676
vt 0.834177 0.203246
vt 0.847695 0.193226
vt 0.848925 0.203957
vt 0.858551 0.190162
vt 0.863132 0.199949
vt 0.867853 0.183792
vt 0.875310 0.191633
vt 0.874751 0.174864
vt 0.884282 0.179901
vt 0.878273 0.164142
vt 0.888947 0.165857
vt 0.878230 0.152865
vt 0.888886 0.151084
vt 0.874596 0.142193
vt 0.884114 0.137091
vt 0.867732 0.133238
vt 0.875117 0.125363
vt 0.858348 0.126962
vt 0.862851 0.117146
vt 0.847415 0.123979
vt 0.848651 0.113228
vt 0.828497 0.115368
vt 0.822228 0.130962
vt 0.825836 0.135628
vt 0.819480 0.142506
vt 0.815643 0.151057
vt 0.814723 0.160374
vt 0.816833 0.169510
vt 0.821746 0.177492
vt 0.828939 0.183498
vt 0.837669 0.186897
vt 0.847025 0.187357
vt 0.856045 0.184799
vt 0.863787 0.179496
vt 0.869553 0.172112
vt 0.872433 0.163219
vt 0.872405 0.153841
vt 0.869387 0.144982
vt 0.863697 0.137543
vt 0.855917 0.132334
vt 0.846896 0.129890
vt 0.834045 0.131182
vt 0.589797 0.265825
vt 0.593026 0.274316
vt 0.590599 0.274707
vt 0.594753 0.282817
vt 0.592378 0.283475
vt 0.597394 0.291041
vt 0.595123 0.292018
vt 0.600879 0.298751
vt 0.598967 0.300221
vt 0.620362 0.222220
vt 0.618234 0.231286
vt 0.616024 0.230166
vt 0.615088 0.239325
vt 0.612766 0.238523
vt 0.612837 0.247692
vt 0.610432 0.247178
vt 0.611511 0.256266
vt 0.609065 0.256029
vt 0.611151 0.264941
vt 0.608695 0.264983
vt 0.611737 0.273607
vt 0.609301 0.273916
vt 0.613290 0.282139
vt 0.610894 0.282735
vt 0.615746 0.290414
vt 0.613444 0.291339
vt 0.619056 0.298206
vt 0.617103 0.299625
vt 0.599718 0.222681
vt 0.597960 0.231830
vt 0.595709 0.230803
vt 0.595154 0.239992
vt 0.592789 0.239293
vt 0.593242 0.248453
vt 0.590826 0.248021
vt 0.592275 0.257077
vt 0.589818 0.256902
vt 0.592255 0.265712
vt 0.605299 0.272507
vt 0.606749 0.279682
vt 0.609011 0.286631
vt 0.611940 0.293313
vt 0.622192 0.223792
vt 0.629562 0.236395
vt 0.626879 0.243200
vt 0.624967 0.250252
vt 0.623857 0.257479
vt 0.623549 0.264777
vt 0.624052 0.272075
vt 0.625358 0.279261
vt 0.627455 0.286261
vt 0.630241 0.293015
vt 0.601583 0.224192
vt 0.609483 0.236477
vt 0.607088 0.243385
vt 0.605474 0.250519
vt 0.604662 0.257797
vt 0.604662 0.265167
vt 0.606502 0.272312
vt 0.607931 0.279364
vt 0.610151 0.286210
vt 0.613061 0.292850
vt 0.632903 0.229909
vt 0.630672 0.236888
vt 0.628031 0.243581
vt 0.626160 0.250509
vt 0.625060 0.257602
vt 0.624761 0.264767
vt 0.625255 0.271921
vt 0.626540 0.278983
vt 0.628606 0.285871
vt 0.631371 0.292573
vt 0.612557 0.229857
vt 0.610614 0.236919
vt 0.608250 0.243714
vt 0.606677 0.250724
vt 0.605875 0.257879
vt 0.605875 0.265116
vt 0.494500 0.998474
vt 0.497195 0.987720
vt 0.500839 0.997173
vt 0.510964 0.986219
vt 0.504579 0.996406
vt 0.504551 0.984892
vt 0.502272 0.995686
vt 0.498387 0.986388
vt 0.430646 0.986375
vt 0.424592 0.996527
vt 0.424389 0.984890
vt 0.422267 0.995910
vt 0.418041 0.986512
vt 0.427957 0.996124
vt 0.434008 0.985775
vt 0.434385 0.997312
vt 0.436493 0.986751
vt 0.440673 0.995690
vt 0.450827 0.986596
vt 0.444095 0.996520
vt 0.444512 0.984868
vt 0.441796 0.995670
vt 0.438057 0.986128
vt 0.448240 0.996272
vt 0.454615 0.986033
vt 0.454648 0.997669
vt 0.456968 0.986869
vt 0.461099 0.996279
vt 0.470909 0.986111
vt 0.464638 0.996153
vt 0.464618 0.984701
vt 0.462303 0.995481
vt 0.458332 0.986136
vt 0.468010 0.996637
vt 0.474238 0.986378
vt 0.474416 0.997984
vt 0.476648 0.987240
vt 0.480720 0.996317
vt 0.491229 0.986964
vt 0.484553 0.996941
vt 0.484998 0.985165
vt 0.482266 0.995991
vt 0.478657 0.986511
vt 0.488302 0.996736
vt 0.494900 0.986801
vt 0.653007 0.250652
vt 0.654426 0.248061
vt 0.655423 0.249768
vt 0.655855 0.246848
vt 0.657386 0.248102
vt 0.656801 0.245214
vt 0.658661 0.245872
vt 0.657119 0.243363
vt 0.659103 0.243363
vt 0.656801 0.241524
vt 0.658671 0.240866
vt 0.655865 0.239900
vt 0.657397 0.238645
vt 0.654426 0.238686
vt 0.655433 0.236980
vt 0.652668 0.238039
vt 0.653018 0.236086
vt 0.650787 0.238039
vt 0.650438 0.236096
vt 0.649019 0.238686
vt 0.648022 0.236980
vt 0.647590 0.239899
vt 0.646059 0.238656
vt 0.646665 0.241524
vt 0.644794 0.240855
vt 0.646346 0.243363
vt 0.644373 0.243363
vt 0.646665 0.245214
vt 0.644804 0.245882
vt 0.647590 0.246848
vt 0.646059 0.248092
vt 0.649019 0.248061
vt 0.648022 0.249757
vt 0.650787 0.248709
vt 0.650438 0.250652
vt 0.652658 0.248709
vt 0.653521 0.246509
vt 0.654477 0.245697
vt 0.655104 0.244607
vt 0.655320 0.243363
vt 0.655104 0.242140
vt 0.654488 0.241051
vt 0.653521 0.240239
vt 0.652350 0.239807
vt 0.651096 0.239807
vt 0.649924 0.240239
vt 0.648978 0.241051
vt 0.648351 0.242140
vt 0.648135 0.243363
vt 0.648351 0.244607
vt 0.648978 0.245697
vt 0.649924 0.246509
vt 0.651096 0.246941
vt 0.652350 0.246941
vt 0.606487 0.298796
vt 0.604559 0.300545
vt 0.604559 0.298474
vt 0.603305 0.300771
vt 0.602582 0.298834
vt 0.602218 0.301420
vt 0.600875 0.299841
vt 0.601412 0.302387
vt 0.599615 0.301364
vt 0.600984 0.303578
vt 0.598943 0.303225
vt 0.600984 0.304849
vt 0.598946 0.305217
vt 0.601418 0.306037
vt 0.599626 0.307072
vt 0.602232 0.307001
vt 0.600908 0.308594
vt 0.603326 0.307616
vt 0.602633 0.309577
vt 0.604559 0.307828
vt 0.604559 0.309898
vt 0.605821 0.307593
vt 0.606544 0.309530
vt 0.606902 0.306953
vt 0.608251 0.308524
vt 0.607705 0.305971
vt 0.609511 0.307001
vt 0.608134 0.304780
vt 0.610175 0.305133
vt 0.608135 0.303523
vt 0.610174 0.303156
vt 0.607702 0.302336
vt 0.609493 0.301301
vt 0.606887 0.301372
vt 0.608211 0.299779
vt 0.605791 0.300742
vt 0.604559 0.302336
vt 0.603929 0.302457
vt 0.603380 0.302790
vt 0.602982 0.303284
vt 0.602759 0.303892
vt 0.602756 0.304532
vt 0.602962 0.305131
vt 0.603375 0.305623
vt 0.603930 0.305937
vt 0.604559 0.306037
vt 0.605182 0.305909
vt 0.605732 0.305577
vt 0.606144 0.305080
vt 0.606361 0.304481
vt 0.606364 0.303841
vt 0.606149 0.303236
vt 0.605745 0.302750
vt 0.605190 0.302436
vt 0.604785 0.303541
vt 0.604559 0.303515
vt 0.604351 0.303573
vt 0.604156 0.303700
vt 0.604013 0.303879
vt 0.603929 0.304186
vt 0.603920 0.304325
vt 0.603992 0.304544
vt 0.604138 0.304714
vt 0.604326 0.304826
vt 0.604559 0.304849
vt 0.604769 0.304800
vt 0.604964 0.304673
vt 0.605113 0.304485
vt 0.605191 0.304186
vt 0.605197 0.304033
vt 0.605119 0.303823
vt 0.604988 0.303650
vt 0.604559 0.304186
vt 0.604709 0.303717
vt 0.604559 0.303719
vt 0.604406 0.303780
vt 0.604679 0.304186
vt 0.604283 0.303896
vt 0.604697 0.304186
vt 0.604192 0.304022
vt 0.604693 0.304186
vt 0.604142 0.304186
vt 0.604674 0.304186
vt 0.604136 0.304328
vt 0.604182 0.304477
vt 0.604282 0.304587
vt 0.604417 0.304648
vt 0.604559 0.304645
vt 0.604720 0.304585
vt 0.604432 0.304186
vt 0.604837 0.304477
vt 0.604422 0.304186
vt 0.604920 0.304345
vt 0.604427 0.304186
vt 0.604977 0.304186
vt 0.604452 0.304186
vt 0.604983 0.304045
vt 0.604938 0.303896
vt 0.604845 0.303777
vt 0.604559 0.304289
vt 0.604668 0.304303
vt 0.604705 0.304305
vt 0.604720 0.304302
vt 0.604717 0.304288
vt 0.604704 0.304186
vt 0.604674 0.304186
vt 0.604559 0.304083
vt 0.604452 0.304070
vt 0.604421 0.304060
vt 0.604392 0.304064
vt 0.604394 0.304079
vt 0.604407 0.304186
vt 0.604437 0.304186
vt 0.635533 0.229692
vt 0.632181 0.236219
vt 0.631770 0.236076
vt 0.631236 0.242819
vt 0.630578 0.243363
vt 0.642944 0.242212
vt 0.644198 0.240639
vt 0.644270 0.238645
vt 0.635677 0.230545
vt 0.648145 0.222455
vt 0.641536 0.225549
vt 0.641351 0.225210
vt 0.636191 0.229702
vt 0.645678 0.236856
vt 0.647775 0.236559
vt 0.649071 0.235017
vt 0.647816 0.223093
vt 0.662362 0.225015
vt 0.655423 0.222805
vt 0.655474 0.222496
vt 0.648680 0.222938
vt 0.651332 0.234503
vt 0.653100 0.235572
vt 0.655259 0.234996
vt 0.661652 0.225292
vt 0.671623 0.236065
vt 0.667717 0.229928
vt 0.668036 0.229661
vt 0.662485 0.225796
vt 0.657284 0.236035
vt 0.657818 0.238286
vt 0.659720 0.239283
vt 0.670914 0.235808
vt 0.671623 0.250652
vt 0.672507 0.243363
vt 0.672806 0.243363
vt 0.671243 0.236723
vt 0.660336 0.241472
vt 0.659699 0.243363
vt 0.660347 0.245265
vt 0.671151 0.249850
vt 0.662362 0.261723
vt 0.667656 0.256737
vt 0.668005 0.257035
vt 0.670678 0.251001
vt 0.659576 0.247424
vt 0.657818 0.248462
vt 0.657191 0.250538
vt 0.662464 0.261034
vt 0.655474 0.264241
vt 0.661560 0.261414
vt 0.655145 0.251597
vt 0.653090 0.251114
vt 0.651322 0.252307
vt 0.648803 0.263686
vt 0.648135 0.264272
vt 0.655413 0.263892
vt 0.635512 0.257025
vt 0.641474 0.261281
vt 0.641330 0.261527
vt 0.647724 0.263511
vt 0.649050 0.251854
vt 0.647806 0.250138
vt 0.645627 0.249942
vt 0.636365 0.257015
vt 0.632079 0.250538
vt 0.631739 0.250662
vt 0.635728 0.256192
vt 0.644116 0.248246
vt 0.644280 0.246077
vt 0.642882 0.244525
vt 0.631143 0.243837
vt 0.672075 0.285290
vt 0.664530 0.287582
vt 0.665702 0.283471
vt 0.654487 0.286215
vt 0.654075 0.281888
vt 0.652035 0.286082
vt 0.652035 0.281476
vt 0.649491 0.286205
vt 0.649912 0.281888
vt 0.639509 0.287531
vt 0.638347 0.283409
vt 0.633393 0.289494
vt 0.631994 0.285177
vt 0.635623 0.294762
vt 0.630582 0.300956
vt 0.629161 0.296650
vt 0.669232 0.296494
vt 0.661809 0.298861
vt 0.662973 0.294747
vt 0.651820 0.297521
vt 0.651402 0.293196
vt 0.649395 0.297416
vt 0.649398 0.292808
vt 0.646850 0.297521
vt 0.647266 0.293226
vt 0.636798 0.298885
vt 0.633630 0.276807
vt 0.628675 0.282898
vt 0.627273 0.278580
vt 0.667519 0.278638
vt 0.659880 0.280912
vt 0.661052 0.276787
vt 0.649672 0.279558
vt 0.649237 0.275243
vt 0.647268 0.279474
vt 0.647265 0.274866
vt 0.644858 0.279565
vt 0.645276 0.275249
vt 0.634792 0.280921
vt 0.681147 0.270448
vt 0.674962 0.265444
vt 0.679267 0.264006
vt 0.679298 0.304211
vt 0.677027 0.296628
vt 0.681147 0.297810
vt 0.678342 0.286857
vt 0.682658 0.286436
vt 0.678496 0.284109
vt 0.683110 0.284109
vt 0.678373 0.281648
vt 0.682699 0.282069
vt 0.677027 0.271630
vt 0.624005 0.313668
vt 0.628952 0.307445
vt 0.630433 0.311631
vt 0.589971 0.312217
vt 0.597613 0.309893
vt 0.596482 0.314018
vt 0.607796 0.311127
vt 0.608279 0.315437
vt 0.610202 0.311199
vt 0.610316 0.315818
vt 0.612856 0.311025
vt 0.612496 0.315355
vt 0.622771 0.309564
vt 0.681222 0.228921
vt 0.675034 0.223884
vt 0.679341 0.222455
vt 0.679259 0.263166
vt 0.677069 0.255466
vt 0.681181 0.256649
vt 0.678436 0.245278
vt 0.682754 0.244857
vt 0.678560 0.242811
vt 0.683165 0.242811
vt 0.678467 0.240385
vt 0.682785 0.240817
vt 0.677100 0.230104
vt 0.638398 0.288838
vt 0.633341 0.294882
vt 0.631994 0.290554
vt 0.672069 0.291182
vt 0.664494 0.293371
vt 0.665727 0.289270
vt 0.654462 0.291881
vt 0.654113 0.287553
vt 0.652031 0.291747
vt 0.652031 0.287142
vt 0.649632 0.291788
vt 0.650125 0.287481
vt 0.639497 0.292980
vt 0.632323 0.267366
vt 0.627275 0.273544
vt 0.625856 0.269247
vt 0.666127 0.269196
vt 0.658519 0.271478
vt 0.659691 0.267366
vt 0.648649 0.270162
vt 0.648228 0.265844
vt 0.645992 0.270028
vt 0.645992 0.265422
vt 0.643581 0.270141
vt 0.644013 0.265823
vt 0.633495 0.271488
vt 0.664836 0.313789
vt 0.669872 0.307701
vt 0.671264 0.312018
vt 0.631050 0.311745
vt 0.638637 0.309491
vt 0.637434 0.313604
vt 0.648676 0.310921
vt 0.649060 0.315244
vt 0.651157 0.311069
vt 0.651157 0.315676
vt 0.653704 0.310942
vt 0.653266 0.315257
vt 0.663695 0.309666
vt 0.589499 0.265836
vt 0.590301 0.274768
vt 0.592090 0.283568
vt 0.594855 0.292172
vt 0.620167 0.221983
vt 0.615777 0.230001
vt 0.612478 0.238420
vt 0.610134 0.247117
vt 0.608767 0.255998
vt 0.608386 0.264983
vt 0.609003 0.273957
vt 0.610607 0.282818
vt 0.613187 0.291483
vt 0.599512 0.222455
vt 0.595452 0.230648
vt 0.592501 0.239191
vt 0.590528 0.247959
vt 0.589520 0.256882
vt 0.826072 0.135945
vt 0.819811 0.142730
vt 0.816032 0.151153
vt 0.815128 0.160351
vt 0.817200 0.169358
vt 0.822047 0.177229
vt 0.829138 0.183151
vt 0.837755 0.186511
vt 0.846982 0.186956
vt 0.855883 0.184434
vt 0.863505 0.179209
vt 0.869198 0.171925
vt 0.872040 0.163145
vt 0.872011 0.153914
vt 0.869029 0.145174
vt 0.863430 0.137820
vt 0.855754 0.132705
vt 0.846864 0.130286
vt 0.834176 0.131553
vt 0.903793 0.182539
vt 0.920337 0.185714
vt 0.913862 0.193633
vt 0.897545 0.168911
vt 0.912353 0.176906
vt 0.895719 0.154032
vt 0.907409 0.166124
vt 0.898469 0.139283
vt 0.905960 0.154343
vt 0.905553 0.126064
vt 0.908147 0.142688
vt 0.916295 0.115606
vt 0.913741 0.132237
vt 0.929694 0.108880
vt 0.922240 0.123952
vt 0.944496 0.106509
vt 0.932844 0.118638
vt 0.959333 0.108719
vt 0.944556 0.116758
vt 0.972800 0.115313
vt 0.956289 0.118508
vt 0.983650 0.125662
vt 0.966945 0.123720
vt 0.990867 0.138813
vt 0.975521 0.131909
vt 0.993775 0.153527
vt 0.981239 0.142308
vt 0.992095 0.168430
vt 0.983530 0.153870
vt 0.985974 0.182122
vt 0.982198 0.165736
vt 0.976024 0.193304
vt 0.977368 0.176577
vt 0.963305 0.201031
vt 0.969468 0.185463
vt 0.930711 0.191745
vt 0.926654 0.201231
vt 0.918541 0.172813
vt 0.924955 0.179926
vt 0.914558 0.164094
vt 0.913398 0.154578
vt 0.915153 0.145160
vt 0.919690 0.136707
vt 0.926553 0.130018
vt 0.935129 0.125710
vt 0.944638 0.124194
vt 0.954086 0.125604
vt 0.962685 0.129836
vt 0.969628 0.136447
vt 0.974243 0.144849
vt 0.976107 0.154254
vt 0.975033 0.163784
vt 0.971136 0.172542
vt 0.964790 0.179720
vt 0.956561 0.184561
vt 0.933230 0.184692
vt 0.737527 0.233849
vt 0.740713 0.242587
vt 0.741012 0.242535
vt 0.731554 0.226725
vt 0.737794 0.233695
vt 0.723495 0.222078
vt 0.731749 0.226488
vt 0.714341 0.220465
vt 0.723608 0.221791
vt 0.705176 0.222078
vt 0.714341 0.220156
vt 0.697127 0.226725
vt 0.705073 0.221791
vt 0.691144 0.233849
vt 0.696932 0.226488
vt 0.687968 0.242587
vt 0.690887 0.233695
vt 0.687968 0.251890
vt 0.687670 0.242535
vt 0.691144 0.260628
vt 0.687670 0.251941
vt 0.697127 0.267752
vt 0.690887 0.260782
vt 0.705176 0.272408
vt 0.696932 0.267988
vt 0.714341 0.274022
vt 0.705073 0.272696
vt 0.723495 0.272408
vt 0.714341 0.274331
vt 0.731554 0.267752
vt 0.723608 0.272696
vt 0.737527 0.260628
vt 0.731749 0.267988
vt 0.740713 0.251890
vt 0.737794 0.260782
vt 0.741012 0.251941
vt 0.919241 0.172349
vt 0.925469 0.179267
vt 0.915367 0.163869
vt 0.914232 0.154603
vt 0.915951 0.145430
vt 0.920360 0.137212
vt 0.927039 0.130699
vt 0.935386 0.126512
vt 0.944638 0.125032
vt 0.953837 0.126395
vt 0.962209 0.130530
vt 0.968965 0.136956
vt 0.973458 0.145138
vt 0.975266 0.154290
vt 0.974219 0.163564
vt 0.970430 0.172086
vt 0.964270 0.179066
vt 0.956303 0.183769
vt 0.933488 0.183903
vt 0.735502 0.235021
vt 0.738401 0.242998
vt 0.730043 0.228524
vt 0.722693 0.224278
vt 0.714341 0.222808
vt 0.705978 0.224278
vt 0.698628 0.228524
vt 0.693180 0.235021
vt 0.690270 0.242998
vt 0.690270 0.251489
vt 0.693180 0.259456
vt 0.698628 0.265963
vt 0.705978 0.270198
vt 0.714341 0.271678
vt 0.722693 0.270198
vt 0.730043 0.265963
vt 0.735502 0.259456
vt 0.738401 0.251489
vt 0.737732 0.243121
vt 0.734905 0.235370
vt 0.729601 0.229048
vt 0.722457 0.224926
vt 0.714341 0.223487
vt 0.706214 0.224926
vt 0.699070 0.229048
vt 0.693776 0.235370
vt 0.690949 0.243121
vt 0.690949 0.251366
vt 0.693776 0.259117
vt 0.699070 0.265439
vt 0.706214 0.269561
vt 0.714341 0.270990
vt 0.722457 0.269561
vt 0.729601 0.265439
vt 0.734905 0.259117
vt 0.737732 0.251366
vt 0.785552 0.114713
vt 0.832184 0.125545
vt 0.633993 0.230443
vt 0.613667 0.230340
vt 0.506969 0.995528
vt 0.426855 0.995816
vt 0.431655 0.986701
vt 0.446536 0.995647
vt 0.452330 0.986743
vt 0.466947 0.995520
vt 0.471886 0.987227
vt 0.486955 0.996072
vt 0.492524 0.987599
vt 0.670656 0.289597
vt 0.667837 0.300808
vt 0.666103 0.282950
vt 0.674993 0.302793
vt 0.591360 0.307898
vt 0.674962 0.261717
vt 0.670589 0.295467
vt 0.664708 0.273503
vt 0.632496 0.307445
vt 0.598751 0.300447
vt 0.616888 0.299841
vt 0.959150 0.191592
s 1
g off
g llanta_derecha_2_Material_#25
usemtl Material_#25
f 1/1/1 3/2/2 2/3/3
f 2/3/3 6/4/4 5/5/5
f 5/5/5 8/6/6 7/7/7
f 7/7/7 10/8/8 9/9/9
f 9/9/9 12/10/10 11/11/11
f 11/11/11 14/12/12 13/13/13
f 13/13/13 16/14/14 15/15/15
f 15/15/15 18/16/16 17/17/17
f 17/17/17 20/18/18 19/19/19
f 19/19/19 22/20/20 21/21/21
f 21/21/21 24/22/22 23/23/23
f 23/23/23 26/24/24 25/25/25
f 25/25/25 28/26/26 27/27/27
f 27/27/27 30/28/28 29/29/29
f 29/29/29 32/30/30 31/31/31
f 31/31/31 34/32/32 33/33/33
f 33/33/33 36/34/34 35/35/35
f 35/36/35 4/37/36 1/1/1
f 4/37/36 37/38/37 3/2/2
f 3/2/2 39/39/38 6/4/4
f 6/4/4 40/40/39 8/6/6
f 8/6/6 41/41/40 10/8/8
f 10/8/8 42/42/41 12/10/10
f 12/10/10 43/43/42 14/12/12
f 14/12/12 44/44/43 16/14/14
f 16/14/14 45/45/44 18/16/16
f 18/16/16 46/46/45 20/18/18
f 20/18/18 47/47/46 22/20/20
f 22/20/20 48/48/47 24/22/22
f 24/22/22 49/49/48 26/24/24
f 26/24/24 50/50/49 28/26/26
f 28/26/26 51/51/50 30/28/28
f 30/28/28 52/52/51 32/30/30
f 32/30/30 53/53/52 34/32/32
f 34/32/32 54/54/53 36/34/34
f 36/55/34 38/56/54 4/37/36
f 38/56/54 55/57/55 37/38/37
f 37/38/37 57/58/56 39/39/38
f 39/39/38 58/59/57 40/40/39
f 40/40/39 59/60/58 41/41/40
f 41/41/40 60/61/59 42/42/41
f 42/42/41 61/62/60 43/43/42
f 43/43/42 62/63/61 44/44/43
f 44/44/43 63/64/62 45/45/44
f 45/45/44 64/65/63 46/46/45
f 46/46/45 65/66/64 47/47/46
f 47/47/46 66/67/65 48/48/47
f 48/48/47 67/68/66 49/49/48
f 49/49/48 68/69/67 50/50/49
f 50/50/49 69/70/68 51/51/50
f 51/51/50 70/71/69 52/52/51
f 52/52/51 71/72/70 53/53/52
f 53/53/52 72/73/71 54/54/53
f 54/74/53 56/75/72 38/56/54
f 56/75/72 73/76/73 55/57/55
f 55/57/55 75/77/74 57/58/56
f 57/58/56 76/78/75 58/59/57
f 58/59/57 77/79/76 59/60/58
f 59/60/58 78/80/77 60/61/59
f 60/61/59 79/81/78 61/62/60
f 61/62/60 80/82/79 62/63/61
f 62/63/61 81/83/80 63/64/62
f 63/64/62 82/84/81 64/65/63
f 64/65/63 83/85/82 65/66/64
f 65/66/64 84/86/83 66/67/65
f 66/67/65 85/87/84 67/68/66
f 67/68/66 86/88/85 68/69/67
f 68/69/67 87/89/86 69/70/68
f 69/70/68 88/90/87 70/71/69
f 70/71/69 89/91/88 71/72/70
f 71/72/70 90/92/89 72/73/71
f 72/93/71 74/94/90 56/75/72
f 74/94/90 91/95/91 73/76/73
f 73/76/73 93/96/92 75/77/74
f 75/77/74 94/97/93 76/78/75
f 76/78/75 95/98/94 77/79/76
f 77/79/76 96/99/95 78/80/77
f 78/80/77 97/100/96 79/81/78
f 79/81/78 98/101/97 80/82/79
f 80/82/79 99/102/98 81/83/80
f 81/83/80 100/103/99 82/84/81
f 82/84/81 101/104/100 83/85/82
f 83/85/82 102/105/101 84/86/83
f 84/86/83 103/106/102 85/87/84
f 85/87/84 104/107/103 86/88/85
f 86/88/85 105/108/104 87/89/86
f 87/89/86 106/109/105 88/90/87
f 88/90/87 107/110/106 89/91/88
f 89/91/88 108/111/107 90/92/89
f 90/112/89 92/113/108 74/94/90
f 92/114/108 109/115/109 91/116/91
f 91/116/91 111/117/110 93/118/92
f 93/118/92 112/119/111 94/120/93
f 94/120/93 113/121/112 95/122/94
f 95/122/94 114/123/113 96/124/95
f 96/124/95 115/125/114 97/126/96
f 97/126/96 116/127/115 98/128/97
f 98/128/97 117/129/116 99/130/98
f 99/130/98 118/131/117 100/132/99
f 100/132/99 119/133/118 101/134/100
f 101/134/100 120/135/119 102/136/101
f 102/136/101 121/137/120 103/138/102
f 103/138/102 122/139/121 104/140/103
f 104/140/103 123/141/122 105/142/104
f 105/142/104 124/143/123 106/144/105
f 106/144/105 125/145/124 107/146/106
f 107/146/106 126/147/125 108/148/107
f 108/149/107 110/150/126 92/114/108
f 128/151/127 127/152/128 109/115/109
f 127/152/128 129/153/129 111/117/110
f 129/153/129 130/154/130 112/119/111
f 130/154/130 131/155/131 113/121/112
f 131/155/131 132/156/132 114/123/113
f 132/156/132 133/157/133 115/125/114
f 133/157/133 134/158/134 116/127/115
f 134/158/134 135/159/135 117/129/116
f 135/159/135 136/160/136 118/131/117
f 136/160/136 137/161/137 119/133/118
f 137/161/137 138/162/138 120/135/119
f 138/162/138 139/163/139 121/137/120
f 139/163/139 140/164/140 122/139/121
f 140/164/140 141/165/141 123/141/122
f 141/165/141 142/166/142 124/143/123
f 142/166/142 143/167/143 125/145/124
f 143/167/143 144/168/144 126/147/125
f 144/169/144 128/151/127 110/150/126
s 2
f 145/170/145 147/171/146 146/172/146
f 146/172/146 150/173/147 149/174/147
f 149/174/147 152/175/148 151/176/148
f 151/176/148 154/177/149 153/178/149
f 153/179/149 156/180/150 155/181/150
f 155/181/150 158/182/151 157/183/151
f 157/183/151 160/184/152 159/185/152
f 159/185/152 162/186/153 161/187/153
f 161/187/153 164/188/154 163/189/154
f 163/189/154 166/190/155 165/191/155
f 165/191/155 168/192/156 167/193/156
f 167/193/156 170/194/157 169/195/157
f 169/195/157 172/196/158 171/197/158
f 171/198/158 174/199/159 173/200/159
f 173/200/159 176/201/160 175/202/160
f 175/202/160 178/203/161 177/204/161
f 177/204/161 180/205/162 179/206/162
f 179/206/162 148/207/145 145/170/145
s 3
f 148/207/163 181/208/164 147/171/165
f 147/171/165 183/209/166 150/173/167
f 150/173/167 184/210/168 152/175/169
f 152/175/169 185/211/170 154/177/171
f 154/212/171 186/213/172 156/180/173
f 156/180/173 187/214/174 158/182/175
f 158/182/175 188/215/176 160/184/177
f 160/184/177 189/216/178 162/186/179
f 162/186/179 190/217/180 164/188/181
f 164/188/181 191/218/182 166/190/183
f 166/190/183 192/219/184 168/192/185
f 168/192/185 193/220/186 170/194/187
f 170/194/187 194/221/188 172/196/189
f 172/222/189 195/223/190 174/199/191
f 174/199/191 196/224/192 176/201/193
f 176/201/193 197/225/194 178/203/195
f 178/203/195 198/226/196 180/205/197
f 180/205/197 182/227/198 148/207/163
f 182/227/198 199/228/199 181/208/164
f 181/208/164 201/229/200 183/209/166
f 183/209/166 202/230/201 184/210/168
f 184/210/168 203/231/202 185/211/170
f 185/232/170 204/233/203 186/213/172
f 186/213/172 205/234/204 187/214/174
f 187/214/174 206/235/205 188/215/176
f 188/215/176 207/236/206 189/216/178
f 189/216/178 208/237/207 190/217/180
f 190/217/180 209/238/208 191/218/182
f 191/218/182 210/239/209 192/219/184
f 192/219/184 211/240/210 193/220/186
f 193/220/186 212/241/211 194/221/188
f 194/242/188 213/243/212 195/223/190
f 195/223/190 214/244/213 196/224/192
f 196/224/192 215/245/214 197/225/194
f 197/225/194 216/246/215 198/226/196
f 198/226/196 200/247/216 182/227/198
s 4
f 217/248/217 219/249/218 218/250/219
s 5
f 221/251/220 223/252/221 222/253/222
f 222/253/222 226/254/223 225/255/224
s 6
f 227/256/225 229/257/226 228/258/227
f 228/258/227 232/259/228 231/260/229
s 7
f 233/261/230 235/262/231 234/263/232
f 234/263/232 238/264/233 237/265/234
s 8
f 239/266/235 241/267/236 240/268/237
f 240/268/237 244/269/238 243/270/239
s 9
f 245/271/240 247/272/241 246/273/242
f 246/273/242 250/274/243 249/275/244
s 10
f 251/276/245 253/277/246 252/278/247
f 252/278/247 256/279/248 255/280/249
s 11
f 257/281/250 259/282/251 258/283/252
f 258/283/252 262/284/253 261/285/254
s 12
f 263/286/255 265/287/256 264/288/257
f 264/288/257 268/289/258 267/290/259
s 4
f 269/291/260 220/292/261 217/248/217
s 13
f 271/293/262 273/294/263 272/295/264
f 272/295/264 276/296/265 275/297/266
f 275/297/266 278/298/267 277/299/268
f 277/299/268 280/300/269 279/301/270
f 279/301/270 282/302/271 281/303/272
f 281/303/272 284/304/273 283/305/274
f 283/305/274 286/306/275 285/307/276
f 285/307/276 288/308/277 287/309/278
f 287/309/278 290/310/279 289/311/280
f 289/311/280 292/312/281 291/313/282
f 291/313/282 294/314/283 293/315/284
f 293/315/284 296/316/285 295/317/286
f 295/317/286 298/318/287 297/319/288
f 297/319/288 300/320/289 299/321/290
f 299/321/290 302/322/291 301/323/292
f 301/323/292 304/324/293 303/325/294
f 303/325/294 306/326/295 305/327/296
f 305/327/296 274/328/297 271/293/262
f 274/328/297 307/329/298 273/294/263
f 273/294/263 309/330/299 276/296/265
f 276/296/265 310/331/300 278/298/267
f 278/298/267 311/332/301 280/300/269
f 280/300/269 312/333/302 282/302/271
f 282/302/271 313/334/303 284/304/273
f 284/304/273 314/335/304 286/306/275
f 286/306/275 315/336/305 288/308/277
f 288/308/277 316/337/306 290/310/279
f 290/310/279 317/338/307 292/312/281
f 292/312/281 318/339/308 294/314/283
f 294/314/283 319/340/309 296/316/285
f 296/316/285 320/341/310 298/318/287
f 298/318/287 321/342/311 300/320/289
f 300/320/289 322/343/312 302/322/291
f 302/322/291 323/344/313 304/324/293
f 304/324/293 324/345/314 306/326/295
f 306/326/295 308/346/315 274/328/297
s 14
f 308/347/316 325/348/317 307/349/318
f 307/349/318 327/350/319 309/351/320
f 309/351/320 328/352/321 310/353/322
f 310/353/322 329/354/323 311/355/324
f 311/355/324 330/356/325 312/357/326
f 312/357/326 331/358/327 313/359/328
f 313/359/328 332/360/329 314/361/330
f 314/361/330 333/362/331 315/363/332
f 315/363/332 334/364/333 316/365/334
f 316/365/334 335/366/335 317/367/336
f 317/367/336 336/368/337 318/369/338
f 318/369/338 337/370/339 319/371/340
f 319/371/340 338/372/341 320/373/342
f 320/373/342 339/374/343 321/375/344
f 321/375/344 340/376/345 322/377/346
f 322/377/346 341/378/347 323/379/348
f 323/379/348 342/380/349 324/381/350
f 324/381/350 326/382/351 308/347/316
f 326/382/351 343/383/352 325/348/317
f 325/348/317 345/384/353 327/350/319
f 327/350/319 346/385/354 328/352/321
f 328/352/321 347/386/355 329/354/323
f 329/354/323 348/387/356 330/356/325
f 330/356/325 349/388/357 331/358/327
f 331/358/327 350/389/358 332/360/329
f 332/360/329 351/390/359 333/362/331
f 333/362/331 352/391/360 334/364/333
f 334/364/333 353/392/361 335/366/335
f 335/366/335 354/393/362 336/368/337
f 336/368/337 355/394/363 337/370/339
f 337/370/339 356/395/364 338/372/341
f 338/372/341 357/396/365 339/374/343
f 339/374/343 358/397/366 340/376/345
f 340/376/345 359/398/367 341/378/347
f 341/378/347 360/399/368 342/380/349
f 342/380/349 344/400/369 326/382/351
f 362/401/370 361/402/371 343/383/352
f 361/402/371 363/403/372 345/384/353
f 363/403/372 364/404/373 346/385/354
f 364/404/373 365/405/374 347/386/355
f 365/405/374 366/406/375 348/387/356
f 366/406/375 367/407/376 349/388/357
f 367/407/376 368/408/377 350/389/358
f 368/408/377 369/409/378 351/390/359
f 369/409/378 370/410/379 352/391/360
f 370/410/379 371/411/380 353/392/361
f 371/411/380 372/412/381 354/393/362
f 372/412/381 373/413/382 355/394/363
f 373/413/382 374/414/383 356/395/364
f 374/414/383 375/415/384 357/396/365
f 375/415/384 376/416/385 358/397/366
f 376/416/385 377/417/386 359/398/367
f 377/417/386 378/418/387 360/399/368
f 378/418/387 362/401/370 344/400/369
f 382/419/388 381/420/389 380/421/390
f 379/419/391 380/421/390 384/422/392
f 383/423/393 384/422/392 386/424/394
f 385/425/395 386/424/394 388/426/396
f 387/427/397 388/426/396 390/428/398
f 389/429/399 390/428/398 392/430/400
f 391/419/401 392/430/400 394/431/402
f 393/419/403 394/431/402 396/432/404
f 395/419/405 396/432/404 398/433/406
f 397/419/407 398/433/406 400/434/408
f 399/419/409 400/434/408 402/435/410
f 401/436/411 402/435/410 404/437/412
f 403/438/413 404/437/412 406/439/414
f 405/440/415 406/439/414 408/441/416
f 407/442/417 408/441/416 410/443/418
f 409/419/419 410/443/418 412/444/420
f 411/419/421 412/444/420 414/445/422
f 413/419/423 414/445/422 381/420/389
f 362/401/370 382/419/388 379/419/391
f 361/402/371 379/419/391 383/423/393
f 363/403/372 383/423/393 385/425/395
f 364/404/373 385/425/395 387/427/397
f 365/405/374 387/427/397 389/429/399
f 366/406/375 389/429/399 391/419/401
f 367/407/376 391/419/401 393/419/403
f 368/408/377 393/419/403 395/419/405
f 369/409/378 395/419/405 397/419/407
f 370/410/379 397/419/407 399/419/409
f 371/411/380 399/419/409 401/436/411
f 372/412/381 401/436/411 403/438/413
f 373/413/382 403/438/413 405/440/415
f 374/414/383 405/440/415 407/442/417
f 375/415/384 407/442/417 409/419/419
f 376/416/385 409/419/419 411/419/421
f 377/417/386 411/419/421 413/419/423
f 378/418/387 413/419/423 382/419/388
f 381/420/389 415/446/424 380/421/390
f 380/421/390 417/447/425 384/422/392
f 384/422/392 418/448/426 386/424/394
f 386/424/394 419/449/427 388/426/396
f 388/426/396 420/450/428 390/428/398
f 390/428/398 421/451/429 392/430/400
f 392/430/400 422/452/430 394/431/402
f 394/431/402 423/419/431 396/432/404
f 396/432/404 424/419/432 398/433/406
f 398/433/406 425/453/433 400/434/408
f 400/434/408 426/454/434 402/435/410
f 402/435/410 427/455/435 404/437/412
f 404/437/412 428/456/436 406/439/414
f 406/439/414 429/457/437 408/441/416
f 408/441/416 430/458/438 410/443/418
f 410/443/418 431/459/439 412/444/420
f 412/444/420 432/419/440 414/445/422
f 414/445/422 416/419/441 381/420/389
f 426/454/434 425/453/433 422/452/430
f 425/453/433 424/419/432 423/419/431
f 420/450/428 419/449/427 428/456/436
f 427/455/435 426/454/434 421/451/429
f 418/448/426 417/447/425 430/458/438
f 429/457/437 428/456/436 419/449/427
f 415/446/424 416/419/441 432/419/440
f 431/459/439 430/458/438 417/447/425
s 13
f 210/460/442 433/461/443 211/462/444
f 211/462/444 435/463/445 212/464/446
f 212/464/446 436/465/447 297/319/288
f 297/319/288 437/466/448 295/317/286
f 295/317/286 438/467/449 293/315/284
f 293/315/284 434/468/450 210/460/442
f 208/469/451 439/470/452 209/471/453
f 209/471/453 441/472/454 210/460/442
f 210/460/442 442/473/455 293/315/284
f 293/315/284 443/474/456 291/313/282
f 291/313/282 444/475/457 289/311/280
f 289/311/280 440/476/458 208/469/451
f 206/477/459 445/478/460 207/479/461
f 207/479/461 447/480/462 208/469/451
f 208/469/451 448/481/463 289/311/280
f 289/311/280 449/482/464 287/309/278
f 287/309/278 450/483/465 285/307/276
f 285/307/276 446/484/466 206/477/459
f 204/485/467 451/486/468 205/487/469
f 205/487/469 453/488/470 206/477/459
f 206/477/459 454/489/471 285/307/276
f 285/307/276 455/490/472 283/305/274
f 283/305/274 456/491/473 281/303/272
f 281/303/272 452/492/474 204/485/467
f 202/493/475 457/494/476 203/495/477
f 203/495/477 459/496/478 204/485/467
f 204/485/467 460/497/479 281/303/272
f 281/303/272 461/498/480 279/301/270
f 279/301/270 462/499/481 277/299/268
f 277/299/268 458/500/482 202/493/475
f 199/501/483 463/502/484 201/503/485
f 201/503/485 465/504/486 202/493/475
f 202/493/475 466/505/487 277/299/268
f 277/299/268 467/506/488 275/297/266
f 275/297/266 468/507/489 272/295/264
f 272/295/264 464/508/490 199/501/483
f 200/509/491 469/510/492 199/501/483
f 199/501/483 471/511/493 272/295/264
f 272/295/264 472/512/494 271/293/262
f 271/293/262 473/513/495 305/327/296
f 305/327/296 474/514/496 216/515/497
f 216/515/497 470/516/498 200/509/491
f 214/517/499 475/518/500 215/519/501
f 215/519/501 477/520/502 216/515/497
f 216/515/497 478/521/503 305/327/296
f 305/327/296 479/522/504 303/325/294
f 303/325/294 480/523/505 301/323/292
f 301/323/292 476/524/506 214/517/499
f 212/464/446 481/525/507 213/526/508
f 213/526/508 483/527/509 214/517/499
f 214/517/499 484/528/510 301/323/292
f 301/323/292 485/529/511 299/321/290
f 299/321/290 486/530/512 297/319/288
f 297/319/288 482/531/513 212/464/446
s 15
f 470/532/514 218/533/515 469/534/516
s 16
f 469/534/517 219/535/517 471/536/517
s 17
f 471/536/518 220/537/519 472/538/520
f 472/538/520 270/539/521 473/540/522
s 18
f 473/540/523 269/541/523 474/542/523
s 15
f 474/542/524 217/543/525 470/544/514
s 19
f 464/545/526 222/546/527 463/547/528
f 463/548/528 225/549/529 465/550/530
s 20
f 465/550/531 226/551/531 466/552/531
s 21
f 466/552/532 223/553/533 467/554/534
f 467/554/534 224/555/535 468/556/536
s 22
f 468/556/537 221/557/537 464/545/537
s 23
f 458/558/538 228/559/539 457/560/540
f 457/561/540 231/562/541 459/563/542
s 24
f 459/563/543 232/564/543 460/565/543
s 25
f 460/565/544 229/566/545 461/567/546
f 461/567/546 230/568/547 462/569/548
s 26
f 462/569/549 227/570/549 458/558/549
s 27
f 452/571/550 234/572/551 451/573/552
f 451/574/552 237/575/553 453/576/554
s 28
f 453/576/555 238/577/556 454/578/557
f 454/578/557 235/579/558 455/580/559
f 455/580/559 236/581/560 456/582/561
s 29
f 456/582/562 233/583/562 452/571/562
s 30
f 446/584/563 240/585/564 445/586/565
f 445/587/565 243/588/566 447/589/567
s 31
f 447/589/568 244/590/568 448/591/568
s 32
f 448/591/569 241/592/570 449/593/571
f 449/593/571 242/594/572 450/595/573
s 33
f 450/595/574 239/596/574 446/584/574
s 34
f 440/597/575 246/598/576 439/599/577
f 439/600/577 249/601/578 441/602/579
s 35
f 441/602/580 250/603/580 442/604/581
s 36
f 442/604/582 247/605/583 443/606/584
f 443/606/584 248/607/585 444/608/586
s 37
f 444/608/587 245/609/587 440/597/587
s 38
f 434/610/588 252/611/589 433/612/590
f 433/613/590 255/614/591 435/615/592
s 39
f 435/615/593 256/616/593 436/617/593
s 40
f 436/617/594 253/618/595 437/619/596
f 437/619/596 254/620/597 438/621/598
s 41
f 438/621/599 251/622/599 434/610/599
s 42
f 482/623/600 258/624/601 481/625/602
f 481/626/602 261/627/603 483/628/604
s 43
f 483/628/605 262/629/605 484/630/605
s 44
f 484/630/606 259/631/607 485/632/608
f 485/632/608 260/633/609 486/634/610
s 45
f 486/634/611 257/635/611 482/623/611
s 46
f 476/636/612 264/637/613 475/638/614
f 475/639/614 267/640/615 477/641/616
s 47
f 477/641/617 268/642/617 478/643/617
s 48
f 478/643/618 265/644/619 479/645/620
f 479/645/620 266/646/621 480/647/622
s 49
f 480/647/623 263/648/623 476/636/623
s 50
f 488/649/624 145/170/624 146/172/625
f 487/650/625 146/172/625 149/174/626
f 489/651/627 149/174/626 151/176/628
f 490/652/628 151/176/628 153/178/629
f 491/653/629 153/179/629 155/181/630
f 492/654/630 155/181/630 157/183/631
f 493/655/631 157/183/631 159/185/632
f 494/656/632 159/185/632 161/187/633
f 495/657/633 161/187/633 163/189/634
f 496/658/634 163/189/634 165/191/635
f 497/659/635 165/191/635 167/193/636
f 498/660/636 167/193/636 169/195/637
f 499/661/637 169/195/637 171/197/638
f 500/662/638 171/198/638 173/200/639
f 501/663/639 173/200/639 175/202/640
f 502/664/640 175/202/640 177/204/641
f 503/665/641 177/204/641 179/206/642
f 504/666/642 179/206/642 145/170/624
s 1
f 128/151/127 488/667/643 487/668/644
f 127/152/128 487/668/644 489/669/645
f 129/153/129 489/669/645 490/670/646
f 130/154/130 490/670/646 491/671/647
f 131/155/131 491/671/647 492/672/648
f 132/156/132 492/672/648 493/673/649
f 133/157/133 493/673/649 494/674/650
f 134/158/134 494/674/650 495/675/651
f 135/159/135 495/675/651 496/676/652
f 136/160/136 496/676/652 497/677/653
f 137/161/137 497/677/653 498/678/654
f 138/162/138 498/678/654 499/679/655
f 139/163/139 499/679/655 500/680/656
f 140/164/140 500/680/656 501/681/657
f 141/165/141 501/681/657 502/682/658
f 142/166/142 502/682/658 503/683/659
f 143/167/143 503/683/659 504/684/660
f 144/169/144 504/685/660 488/667/643
f 2/686/3 505/687/661 1/688/1
f 5/689/5 506/690/662 2/686/3
f 7/691/7 507/692/663 5/689/5
f 9/693/9 508/694/664 7/691/7
f 11/695/11 509/696/665 9/693/9
f 13/697/13 510/698/666 11/695/11
f 15/699/15 511/700/667 13/697/13
f 17/701/17 512/702/668 15/699/15
f 19/703/19 513/704/669 17/701/17
f 21/705/21 514/706/670 19/703/19
f 23/707/23 515/708/671 21/705/21
f 25/709/25 516/710/672 23/707/23
f 27/711/27 517/712/673 25/709/25
f 29/713/29 518/714/674 27/711/27
f 31/715/31 519/716/675 29/713/29
f 33/717/33 520/718/676 31/715/31
f 35/719/35 521/720/677 33/717/33
f 1/688/1 522/721/678 35/722/35
f 524/723/679 523/724/680 505/687/661
f 525/725/681 524/723/679 506/690/662
f 526/726/682 525/725/681 507/692/663
f 527/727/683 526/726/682 508/694/664
f 528/728/684 527/727/683 509/696/665
f 529/729/685 528/728/684 510/698/666
f 530/730/686 529/729/685 511/700/667
f 531/731/687 530/730/686 512/702/668
f 532/732/688 531/731/687 513/704/669
f 533/733/689 532/732/688 514/706/670
f 534/734/690 533/733/689 515/708/671
f 535/735/691 534/734/690 516/710/672
f 536/736/692 535/735/691 517/712/673
f 537/737/693 536/736/692 518/714/674
f 538/738/694 537/737/693 519/716/675
f 539/739/695 538/738/694 520/718/676
f 540/740/696 539/739/695 521/720/677
f 523/724/680 540/741/696 522/721/678
s 51
f 544/742/697 543/743/698 542/744/698
f 546/745/699 544/742/697 541/746/697
f 548/747/700 546/745/699 545/748/699
f 550/749/701 548/747/700 547/750/700
f 552/751/702 550/749/701 549/752/701
f 554/753/703 552/751/702 551/754/702
f 556/755/704 554/753/703 553/756/703
f 558/757/705 556/755/704 555/758/704
f 560/759/706 558/757/705 557/760/707
f 562/761/708 560/759/706 559/762/706
f 564/763/709 562/761/708 561/764/708
f 566/765/710 564/763/709 563/766/709
f 568/767/711 566/765/710 565/768/710
f 570/769/712 568/767/711 567/770/711
f 572/771/713 570/769/712 569/772/712
f 574/773/714 572/771/713 571/774/713
f 576/775/715 574/773/714 573/776/714
f 543/743/698 576/775/715 575/777/715
s 1
f 524/723/679 541/778/716 542/779/717
f 525/725/681 545/780/718 541/778/716
f 526/726/682 547/781/719 545/780/718
f 527/727/683 549/782/720 547/781/719
f 528/728/684 551/783/721 549/782/720
f 529/729/685 553/784/722 551/783/721
f 530/730/686 555/785/723 553/784/722
f 531/731/687 557/786/724 555/785/723
f 532/732/688 559/787/725 557/786/724
f 533/733/689 561/788/726 559/787/725
f 534/734/690 563/789/727 561/788/726
f 535/735/691 565/790/728 563/789/727
f 536/736/692 567/791/729 565/790/728
f 537/737/693 569/792/730 567/791/729
f 538/738/694 571/793/731 569/792/730
f 539/739/695 573/794/732 571/793/731
f 540/740/696 575/795/733 573/794/732
f 523/724/680 542/779/717 575/796/733
s 52
f 544/742/734 578/797/734 577/798/734
f 546/745/734 579/799/734 578/797/734
f 548/747/734 580/800/734 579/799/734
f 550/749/734 581/801/734 580/800/734
f 552/751/734 582/802/734 581/801/734
f 554/753/734 583/803/734 582/802/734
f 556/755/734 584/804/734 583/803/734
f 558/757/734 585/805/734 584/804/734
f 560/759/734 586/806/734 585/805/734
f 562/761/734 587/807/734 586/806/734
f 564/763/734 588/808/734 587/807/734
f 566/765/734 589/809/734 588/808/734
f 568/767/734 590/810/734 589/809/734
f 570/769/734 591/811/734 590/810/734
f 572/771/734 592/812/734 591/811/734
f 574/773/734 593/813/734 592/812/734
f 576/775/734 594/814/734 593/813/734
f 543/743/734 577/798/734 594/814/734
s 53
f 578/797/735 595/815/736 577/798/736
f 579/799/737 596/816/735 578/797/735
f 580/800/738 597/817/737 579/799/737
f 581/801/739 598/818/738 580/800/738
f 582/802/740 599/819/739 581/801/739
f 583/803/741 600/820/740 582/802/740
f 584/804/742 601/821/741 583/803/741
f 585/805/743 602/822/744 584/804/742
f 586/806/745 603/823/743 585/805/743
f 587/807/746 604/824/745 586/806/745
f 588/808/747 605/825/746 587/807/746
f 589/809/748 606/826/747 588/808/747
f 590/810/749 607/827/748 589/809/748
f 591/811/750 608/828/749 590/810/749
f 592/812/751 609/829/750 591/811/750
f 593/813/752 610/830/751 592/812/751
f 594/814/753 611/831/752 593/813/752
f 577/798/736 612/832/753 594/814/753
s 1
f 1/1/1 4/37/36 3/2/2
f 2/3/3 3/2/2 6/4/4
f 5/5/5 6/4/4 8/6/6
f 7/7/7 8/6/6 10/8/8
f 9/9/9 10/8/8 12/10/10
f 11/11/11 12/10/10 14/12/12
f 13/13/13 14/12/12 16/14/14
f 15/15/15 16/14/14 18/16/16
f 17/17/17 18/16/16 20/18/18
f 19/19/19 20/18/18 22/20/20
f 21/21/21 22/20/20 24/22/22
f 23/23/23 24/22/22 26/24/24
f 25/25/25 26/24/24 28/26/26
f 27/27/27 28/26/26 30/28/28
f 29/29/29 30/28/28 32/30/30
f 31/31/31 32/30/30 34/32/32
f 33/33/33 34/32/32 36/34/34
f 35/36/35 36/55/34 4/37/36
f 4/37/36 38/56/54 37/38/37
f 3/2/2 37/38/37 39/39/38
f 6/4/4 39/39/38 40/40/39
f 8/6/6 40/40/39 41/41/40
f 10/8/8 41/41/40 42/42/41
f 12/10/10 42/42/41 43/43/42
f 14/12/12 43/43/42 44/44/43
f 16/14/14 44/44/43 45/45/44
f 18/16/16 45/45/44 46/46/45
f 20/18/18 46/46/45 47/47/46
f 22/20/20 47/47/46 48/48/47
f 24/22/22 48/48/47 49/49/48
f 26/24/24 49/49/48 50/50/49
f 28/26/26 50/50/49 51/51/50
f 30/28/28 51/51/50 52/52/51
f 32/30/30 52/52/51 53/53/52
f 34/32/32 53/53/52 54/54/53
f 36/55/34 54/74/53 38/56/54
f 38/56/54 56/75/72 55/57/55
f 37/38/37 55/57/55 57/58/56
f 39/39/38 57/58/56 58/59/57
f 40/40/39 58/59/57 59/60/58
f 41/41/40 59/60/58 60/61/59
f 42/42/41 60/61/59 61/62/60
f 43/43/42 61/62/60 62/63/61
f 44/44/43 62/63/61 63/64/62
f 45/45/44 63/64/62 64/65/63
f 46/46/45 64/65/63 65/66/64
f 47/47/46 65/66/64 66/67/65
f 48/48/47 66/67/65 67/68/66
f 49/49/48 67/68/66 68/69/67
f 50/50/49 68/69/67 69/70/68
f 51/51/50 69/70/68 70/71/69
f 52/52/51 70/71/69 71/72/70
f 53/53/52 71/72/70 72/73/71
f 54/74/53 72/93/71 56/75/72
f 56/75/72 74/94/90 73/76/73
f 55/57/55 73/76/73 75/77/74
f 57/58/56 75/77/74 76/78/75
f 58/59/57 76/78/75 77/79/76
f 59/60/58 77/79/76 78/80/77
f 60/61/59 78/80/77 79/81/78
f 61/62/60 79/81/78 80/82/79
f 62/63/61 80/82/79 81/83/80
f 63/64/62 81/83/80 82/84/81
f 64/65/63 82/84/81 83/85/82
f 65/66/64 83/85/82 84/86/83
f 66/67/65 84/86/83 85/87/84
f 67/68/66 85/87/84 86/88/85
f 68/69/67 86/88/85 87/89/86
f 69/70/68 87/89/86 88/90/87
f 70/71/69 88/90/87 89/91/88
f 71/72/70 89/91/88 90/92/89
f 72/93/71 90/112/89 74/94/90
f 74/94/90 92/113/108 91/95/91
f 73/76/73 91/95/91 93/96/92
f 75/77/74 93/96/92 94/97/93
f 76/78/75 94/97/93 95/98/94
f 77/79/76 95/98/94 96/99/95
f 78/80/77 96/99/95 97/100/96
f 79/81/78 97/100/96 98/101/97
f 80/82/79 98/101/97 99/102/98
f 81/83/80 99/102/98 100/103/99
f 82/84/81 100/103/99 101/104/100
f 83/85/82 101/104/100 102/105/101
f 84/86/83 102/105/101 103/106/102
f 85/87/84 103/106/102 104/107/103
f 86/88/85 104/107/103 105/108/104
f 87/89/86 105/108/104 106/109/105
f 88/90/87 106/109/105 107/110/106
f 89/91/88 107/110/106 108/111/107
f 90/112/89 108/833/107 92/113/108
f 92/114/108 110/150/126 109/115/109
f 91/116/91 109/115/109 111/117/110
f 93/118/92 111/117/110 112/119/111
f 94/120/93 112/119/111 113/121/112
f 95/122/94 113/121/112 114/123/113
f 96/124/95 114/123/113 115/125/114
f 97/126/96 115/125/114 116/127/115
f 98/128/97 116/127/115 117/129/116
f 99/130/98 117/129/116 118/131/117
f 100/132/99 118/131/117 119/133/118
f 101/134/100 119/133/118 120/135/119
f 102/136/101 120/135/119 121/137/120
f 103/138/102 121/137/120 122/139/121
f 104/140/103 122/139/121 123/141/122
f 105/142/104 123/141/122 124/143/123
f 106/144/105 124/143/123 125/145/124
f 107/146/106 125/145/124 126/147/125
f 108/149/107 126/834/125 110/150/126
f 109/115/109 110/150/126 128/151/127
f 111/117/110 109/115/109 127/152/128
f 112/119/111 111/117/110 129/153/129
f 113/121/112 112/119/111 130/154/130
f 114/123/113 113/121/112 131/155/131
f 115/125/114 114/123/113 132/156/132
f 116/127/115 115/125/114 133/157/133
f 117/129/116 116/127/115 134/158/134
f 118/131/117 117/129/116 135/159/135
f 119/133/118 118/131/117 136/160/136
f 120/135/119 119/133/118 137/161/137
f 121/137/120 120/135/119 138/162/138
f 122/139/121 121/137/120 139/163/139
f 123/141/122 122/139/121 140/164/140
f 124/143/123 123/141/122 141/165/141
f 125/145/124 124/143/123 142/166/142
f 126/147/125 125/145/124 143/167/143
f 110/150/126 126/834/125 144/169/144
s 2
f 145/170/145 148/207/145 147/171/146
f 146/172/146 147/171/146 150/173/147
f 149/174/147 150/173/147 152/175/148
f 151/176/148 152/175/148 154/177/149
f 153/179/149 154/212/149 156/180/150
f 155/181/150 156/180/150 158/182/151
f 157/183/151 158/182/151 160/184/152
f 159/185/152 160/184/152 162/186/153
f 161/187/153 162/186/153 164/188/154
f 163/189/154 164/188/154 166/190/155
f 165/191/155 166/190/155 168/192/156
f 167/193/156 168/192/156 170/194/157
f 169/195/157 170/194/157 172/196/158
f 171/198/158 172/222/158 174/199/159
f 173/200/159 174/199/159 176/201/160
f 175/202/160 176/201/160 178/203/161
f 177/204/161 178/203/161 180/205/162
f 179/206/162 180/205/162 148/207/145
s 3
f 148/207/163 182/227/198 181/208/164
f 147/171/165 181/208/164 183/209/166
f 150/173/167 183/209/166 184/210/168
f 152/175/169 184/210/168 185/211/170
f 154/212/171 185/232/170 186/213/172
f 156/180/173 186/213/172 187/214/174
f 158/182/175 187/214/174 188/215/176
f 160/184/177 188/215/176 189/216/178
f 162/186/179 189/216/178 190/217/180
f 164/188/181 190/217/180 191/218/182
f 166/190/183 191/218/182 192/219/184
f 168/192/185 192/219/184 193/220/186
f 170/194/187 193/220/186 194/221/188
f 172/222/189 194/242/188 195/223/190
f 174/199/191 195/223/190 196/224/192
f 176/201/193 196/224/192 197/225/194
f 178/203/195 197/225/194 198/226/196
f 180/205/197 198/226/196 182/227/198
f 182/227/198 200/247/216 199/228/199
f 181/208/164 199/228/199 201/229/200
f 183/209/166 201/229/200 202/230/201
f 184/210/168 202/230/201 203/231/202
f 185/232/170 203/835/202 204/233/203
f 186/213/172 204/233/203 205/234/204
f 187/214/174 205/234/204 206/235/205
f 188/215/176 206/235/205 207/236/206
f 189/216/178 207/236/206 208/237/207
f 190/217/180 208/237/207 209/238/208
f 191/218/182 209/238/208 210/239/209
f 192/219/184 210/239/209 211/240/210
f 193/220/186 211/240/210 212/241/211
f 194/242/188 212/836/211 213/243/212
f 195/223/190 213/243/212 214/244/213
f 196/224/192 214/244/213 215/245/214
f 197/225/194 215/245/214 216/246/215
f 198/226/196 216/246/215 200/247/216
s 4
f 217/248/217 220/292/261 219/249/218
s 5
f 221/251/220 224/837/754 223/252/221
f 222/253/222 223/252/221 226/254/223
s 6
f 227/256/225 230/838/755 229/257/226
f 228/258/227 229/257/226 232/259/228
s 7
f 233/261/230 236/839/756 235/262/231
f 234/263/232 235/262/231 238/264/233
s 8
f 239/266/235 242/840/757 241/267/236
f 240/268/237 241/267/236 244/269/238
s 9
f 245/271/240 248/841/758 247/272/241
f 246/273/242 247/272/241 250/274/243
s 10
f 251/276/245 254/842/759 253/277/246
f 252/278/247 253/277/246 256/279/248
s 11
f 257/281/250 260/843/760 259/282/251
f 258/283/252 259/282/251 262/284/253
s 12
f 263/286/255 266/844/761 265/287/256
f 264/288/257 265/287/256 268/289/258
s 4
f 269/291/260 270/845/762 220/292/261
s 13
f 271/293/262 274/328/297 273/294/263
f 272/295/264 273/294/263 276/296/265
f 275/297/266 276/296/265 278/298/267
f 277/299/268 278/298/267 280/300/269
f 279/301/270 280/300/269 282/302/271
f 281/303/272 282/302/271 284/304/273
f 283/305/274 284/304/273 286/306/275
f 285/307/276 286/306/275 288/308/277
f 287/309/278 288/308/277 290/310/279
f 289/311/280 290/310/279 292/312/281
f 291/313/282 292/312/281 294/314/283
f 293/315/284 294/314/283 296/316/285
f 295/317/286 296/316/285 298/318/287
f 297/319/288 298/318/287 300/320/289
f 299/321/290 300/320/289 302/322/291
f 301/323/292 302/322/291 304/324/293
f 303/325/294 304/324/293 306/326/295
f 305/327/296 306/326/295 274/328/297
f 274/328/297 308/346/315 307/329/298
f 273/294/263 307/329/298 309/330/299
f 276/296/265 309/330/299 310/331/300
f 278/298/267 310/331/300 311/332/301
f 280/300/269 311/332/301 312/333/302
f 282/302/271 312/333/302 313/334/303
f 284/304/273 313/334/303 314/335/304
f 286/306/275 314/335/304 315/336/305
f 288/308/277 315/336/305 316/337/306
f 290/310/279 316/337/306 317/338/307
f 292/312/281 317/338/307 318/339/308
f 294/314/283 318/339/308 319/340/309
f 296/316/285 319/340/309 320/341/310
f 298/318/287 320/341/310 321/342/311
f 300/320/289 321/342/311 322/343/312
f 302/322/291 322/343/312 323/344/313
f 304/324/293 323/344/313 324/345/314
f 306/326/295 324/345/314 308/346/315
s 14
f 308/347/316 326/382/351 325/348/317
f 307/349/318 325/348/317 327/350/319
f 309/351/320 327/350/319 328/352/321
f 310/353/322 328/352/321 329/354/323
f 311/355/324 329/354/323 330/356/325
f 312/357/326 330/356/325 331/358/327
f 313/359/328 331/358/327 332/360/329
f 314/361/330 332/360/329 333/362/331
f 315/363/332 333/362/331 334/364/333
f 316/365/334 334/364/333 335/366/335
f 317/367/336 335/366/335 336/368/337
f 318/369/338 336/368/337 337/370/339
f 319/371/340 337/370/339 338/372/341
f 320/373/342 338/372/341 339/374/343
f 321/375/344 339/374/343 340/376/345
f 322/377/346 340/376/345 341/378/347
f 323/379/348 341/378/347 342/380/349
f 324/381/350 342/380/349 326/382/351
f 326/382/351 344/400/369 343/383/352
f 325/348/317 343/383/352 345/384/353
f 327/350/319 345/384/353 346/385/354
f 328/352/321 346/385/354 347/386/355
f 329/354/323 347/386/355 348/387/356
f 330/356/325 348/387/356 349/388/357
f 331/358/327 349/388/357 350/389/358
f 332/360/329 350/389/358 351/390/359
f 333/362/331 351/390/359 352/391/360
f 334/364/333 352/391/360 353/392/361
f 335/366/335 353/392/361 354/393/362
f 336/368/337 354/393/362 355/394/363
f 337/370/339 355/394/363 356/395/364
f 338/372/341 356/395/364 357/396/365
f 339/374/343 357/396/365 358/397/366
f 340/376/345 358/397/366 359/398/367
f 341/378/347 359/398/367 360/399/368
f 342/380/349 360/399/368 344/400/369
f 343/383/352 344/400/369 362/401/370
f 345/384/353 343/383/352 361/402/371
f 346/385/354 345/384/353 363/403/372
f 347/386/355 346/385/354 364/404/373
f 348/387/356 347/386/355 365/405/374
f 349/388/357 348/387/356 366/406/375
f 350/389/358 349/388/357 367/407/376
f 351/390/359 350/389/358 368/408/377
f 352/391/360 351/390/359 369/409/378
f 353/392/361 352/391/360 370/410/379
f 354/393/362 353/392/361 371/411/380
f 355/394/363 354/393/362 372/412/381
f 356/395/364 355/394/363 373/413/382
f 357/396/365 356/395/364 374/414/383
f 358/397/366 357/396/365 375/415/384
f 359/398/367 358/397/366 376/416/385
f 360/399/368 359/398/367 377/417/386
f 344/400/369 360/399/368 378/418/387
f 380/421/390 379/419/391 382/419/388
f 384/422/392 383/423/393 379/419/391
f 386/424/394 385/425/395 383/423/393
f 388/426/396 387/427/397 385/425/395
f 390/428/398 389/429/399 387/427/397
f 392/430/400 391/419/401 389/429/399
f 394/431/402 393/419/403 391/419/401
f 396/432/404 395/419/405 393/419/403
f 398/433/406 397/419/407 395/419/405
f 400/434/408 399/419/409 397/419/407
f 402/435/410 401/436/411 399/419/409
f 404/437/412 403/438/413 401/436/411
f 406/439/414 405/440/415 403/438/413
f 408/441/416 407/442/417 405/440/415
f 410/443/418 409/419/419 407/442/417
f 412/444/420 411/419/421 409/419/419
f 414/445/422 413/419/423 411/419/421
f 381/420/389 382/419/388 413/419/423
f 379/419/391 361/402/371 362/401/370
f 383/423/393 363/403/372 361/402/371
f 385/425/395 364/404/373 363/403/372
f 387/427/397 365/405/374 364/404/373
f 389/429/399 366/406/375 365/405/374
f 391/419/401 367/407/376 366/406/375
f 393/419/403 368/408/377 367/407/376
f 395/419/405 369/409/378 368/408/377
f 397/419/407 370/410/379 369/409/378
f 399/419/409 371/411/380 370/410/379
f 401/436/411 372/412/381 371/411/380
f 403/438/413 373/413/382 372/412/381
f 405/440/415 374/414/383 373/413/382
f 407/442/417 375/415/384 374/414/383
f 409/419/419 376/416/385 375/415/384
f 411/419/421 377/417/386 376/416/385
f 413/419/423 378/418/387 377/417/386
f 382/419/388 362/401/370 378/418/387
f 381/420/389 416/419/441 415/446/424
f 380/421/390 415/446/424 417/447/425
f 384/422/392 417/447/425 418/448/426
f 386/424/394 418/448/426 419/449/427
f 388/426/396 419/449/427 420/450/428
f 390/428/398 420/450/428 421/451/429
f 392/430/400 421/451/429 422/452/430
f 394/431/402 422/452/430 423/419/431
f 396/432/404 423/419/431 424/419/432
f 398/433/406 424/419/432 425/453/433
f 400/434/408 425/453/433 426/454/434
f 402/435/410 426/454/434 427/455/435
f 404/437/412 427/455/435 428/456/436
f 406/439/414 428/456/436 429/457/437
f 408/441/416 429/457/437 430/458/438
f 410/443/418 430/458/438 431/459/439
f 412/444/420 431/459/439 432/419/440
f 414/445/422 432/419/440 416/419/441
f 422/452/430 421/451/429 426/454/434
f 423/419/431 422/452/430 425/453/433
f 428/456/436 427/455/435 420/450/428
f 421/451/429 420/450/428 427/455/435
f 430/458/438 429/457/437 418/448/426
f 419/449/427 418/448/426 429/457/437
f 432/419/440 431/459/439 415/446/424
f 417/447/425 415/446/424 431/459/439
s 13
f 210/460/442 434/468/450 433/461/443
f 211/462/444 433/461/443 435/463/445
f 212/464/446 435/463/445 436/465/447
f 297/319/288 436/465/447 437/466/448
f 295/317/286 437/466/448 438/467/449
f 293/315/284 438/467/449 434/468/450
f 208/469/451 440/476/458 439/470/452
f 209/471/453 439/470/452 441/472/454
f 210/460/442 441/472/454 442/473/455
f 293/315/284 442/473/455 443/474/456
f 291/313/282 443/474/456 444/475/457
f 289/311/280 444/475/457 440/476/458
f 206/477/459 446/484/466 445/478/460
f 207/479/461 445/478/460 447/480/462
f 208/469/451 447/480/462 448/481/463
f 289/311/280 448/481/463 449/482/464
f 287/309/278 449/482/464 450/483/465
f 285/307/276 450/483/465 446/484/466
f 204/485/467 452/492/474 451/486/468
f 205/487/469 451/486/468 453/488/470
f 206/477/459 453/488/470 454/489/471
f 285/307/276 454/489/471 455/490/472
f 283/305/274 455/490/472 456/491/473
f 281/303/272 456/491/473 452/492/474
f 202/493/475 458/500/482 457/494/476
f 203/495/477 457/494/476 459/496/478
f 204/485/467 459/496/478 460/497/479
f 281/303/272 460/497/479 461/498/480
f 279/301/270 461/498/480 462/499/481
f 277/299/268 462/499/481 458/500/482
f 199/501/483 464/508/490 463/502/484
f 201/503/485 463/502/484 465/504/486
f 202/493/475 465/504/486 466/505/487
f 277/299/268 466/505/487 467/506/488
f 275/297/266 467/506/488 468/507/489
f 272/295/264 468/507/489 464/508/490
f 200/509/491 470/516/498 469/510/492
f 199/501/483 469/510/492 471/511/493
f 272/295/264 471/511/493 472/512/494
f 271/293/262 472/512/494 473/513/495
f 305/327/296 473/513/495 474/514/496
f 216/515/497 474/514/496 470/516/498
f 214/517/499 476/524/506 475/518/500
f 215/519/501 475/518/500 477/520/502
f 216/515/497 477/520/502 478/521/503
f 305/327/296 478/521/503 479/522/504
f 303/325/294 479/522/504 480/523/505
f 301/323/292 480/523/505 476/524/506
f 212/464/446 482/531/513 481/525/507
f 213/526/508 481/525/507 483/527/509
f 214/517/499 483/527/509 484/528/510
f 301/323/292 484/528/510 485/529/511
f 299/321/290 485/529/511 486/530/512
f 297/319/288 486/530/512 482/531/513
s 15
f 470/532/514 217/846/525 218/533/515
s 16
f 469/534/517 218/533/517 219/535/517
s 17
f 471/536/518 219/535/763 220/537/519
f 472/538/520 220/537/519 270/539/521
s 18
f 473/540/523 270/539/523 269/541/523
s 15
f 474/542/524 269/541/764 217/543/525
s 19
f 464/545/526 221/557/765 222/546/527
f 463/548/528 222/847/527 225/549/529
s 20
f 465/550/531 225/549/531 226/551/531
s 21
f 466/552/532 226/551/766 223/553/533
f 467/554/534 223/553/533 224/555/535
s 22
f 468/556/537 224/555/537 221/557/537
s 23
f 458/558/538 227/570/767 228/559/539
f 457/561/540 228/848/539 231/562/541
s 24
f 459/563/543 231/562/543 232/564/543
s 25
f 460/565/544 232/564/768 229/566/545
f 461/567/546 229/566/545 230/568/547
s 26
f 462/569/549 230/568/549 227/570/549
s 27
f 452/571/550 233/583/769 234/572/551
f 451/574/552 234/849/551 237/575/553
s 28
f 453/576/555 237/575/555 238/577/556
f 454/578/557 238/577/556 235/579/558
f 455/580/559 235/579/558 236/581/560
s 29
f 456/582/562 236/581/562 233/583/562
s 30
f 446/584/563 239/596/770 240/585/564
f 445/587/565 240/850/564 243/588/566
s 31
f 447/589/568 243/588/568 244/590/568
s 32
f 448/591/569 244/590/771 241/592/570
f 449/593/571 241/592/570 242/594/572
s 33
f 450/595/574 242/594/574 239/596/574
s 34
f 440/597/575 245/609/772 246/598/576
f 439/600/577 246/851/576 249/601/578
s 35
f 441/602/580 249/601/580 250/603/580
s 36
f 442/604/582 250/603/773 247/605/583
f 443/606/584 247/605/583 248/607/585
s 37
f 444/608/587 248/607/587 245/609/587
s 38
f 434/610/588 251/622/774 252/611/589
f 433/613/590 252/852/589 255/614/591
s 39
f 435/615/593 255/614/593 256/616/593
s 40
f 436/617/594 256/616/775 253/618/595
f 437/619/596 253/618/595 254/620/597
s 41
f 438/621/599 254/620/776 251/622/599
s 42
f 482/623/600 257/635/777 258/624/601
f 481/626/602 258/853/601 261/627/603
s 43
f 483/628/605 261/627/605 262/629/605
s 44
f 484/630/606 262/629/778 259/631/607
f 485/632/608 259/631/607 260/633/609
s 45
f 486/634/611 260/633/611 257/635/611
s 46
f 476/636/612 263/648/779 264/637/613
f 475/639/614 264/854/613 267/640/615
s 47
f 477/641/617 267/640/617 268/642/617
s 48
f 478/643/618 268/642/780 265/644/619
f 479/645/620 265/644/619 266/646/621
s 49
f 480/647/623 266/646/623 263/648/623
s 50
f 146/172/625 487/650/625 488/649/624
f 149/174/626 489/651/627 487/650/625
f 151/176/628 490/652/628 489/651/627
f 153/178/629 491/855/629 490/652/628
f 155/181/630 492/654/630 491/653/629
f 157/183/631 493/655/631 492/654/630
f 159/185/632 494/656/632 493/655/631
f 161/187/633 495/657/633 494/656/632
f 163/189/634 496/658/634 495/657/633
f 165/191/635 497/659/635 496/658/634
f 167/193/636 498/660/636 497/659/635
f 169/195/637 499/661/637 498/660/636
f 171/197/638 500/856/638 499/661/637
f 173/200/639 501/663/639 500/662/638
f 175/202/640 502/664/640 501/663/639
f 177/204/641 503/665/641 502/664/640
f 179/206/642 504/666/642 503/665/641
f 145/170/624 488/649/624 504/666/642
s 1
f 487/668/644 127/152/128 128/151/127
f 489/669/645 129/153/129 127/152/128
f 490/670/646 130/154/130 129/153/129
f 491/671/647 131/155/131 130/154/130
f 492/672/648 132/156/132 131/155/131
f 493/673/649 133/157/133 132/156/132
f 494/674/650 134/158/134 133/157/133
f 495/675/651 135/159/135 134/158/134
f 496/676/652 136/160/136 135/159/135
f 497/677/653 137/161/137 136/160/136
f 498/678/654 138/162/138 137/161/137
f 499/679/655 139/163/139 138/162/138
f 500/680/656 140/164/140 139/163/139
f 501/681/657 141/165/141 140/164/140
f 502/682/658 142/166/142 141/165/141
f 503/683/659 143/167/143 142/166/142
f 504/684/660 144/168/144 143/167/143
f 488/667/643 128/151/127 144/169/144
f 2/686/3 506/690/662 505/687/661
f 5/689/5 507/692/663 506/690/662
f 7/691/7 508/694/664 507/692/663
f 9/693/9 509/696/665 508/694/664
f 11/695/11 510/698/666 509/696/665
f 13/697/13 511/700/667 510/698/666
f 15/699/15 512/702/668 511/700/667
f 17/701/17 513/704/669 512/702/668
f 19/703/19 514/706/670 513/704/669
f 21/705/21 515/708/671 514/706/670
f 23/707/23 516/710/672 515/708/671
f 25/709/25 517/712/673 516/710/672
f 27/711/27 518/714/674 517/712/673
f 29/713/29 519/716/675 518/714/674
f 31/715/31 520/718/676 519/716/675
f 33/717/33 521/720/677 520/718/676
f 35/719/35 522/857/678 521/720/677
f 1/688/1 505/687/661 522/721/678
f 505/687/661 506/690/662 524/723/679
f 506/690/662 507/692/663 525/725/681
f 507/692/663 508/694/664 526/726/682
f 508/694/664 509/696/665 527/727/683
f 509/696/665 510/698/666 528/728/684
f 510/698/666 511/700/667 529/729/685
f 511/700/667 512/702/668 530/730/686
f 512/702/668 513/704/669 531/731/687
f 513/704/669 514/706/670 532/732/688
f 514/706/670 515/708/671 533/733/689
f 515/708/671 516/710/672 534/734/690
f 516/710/672 517/712/673 535/735/691
f 517/712/673 518/714/674 536/736/692
f 518/714/674 519/716/675 537/737/693
f 519/716/675 520/718/676 538/738/694
f 520/718/676 521/720/677 539/739/695
f 521/720/677 522/857/678 540/740/696
f 522/721/678 505/687/661 523/724/680
s 51
f 542/744/698 541/746/697 544/742/697
f 541/746/697 545/748/699 546/745/699
f 545/748/699 547/750/700 548/747/700
f 547/750/700 549/752/701 550/749/701
f 549/752/701 551/754/702 552/751/702
f 551/754/702 553/756/703 554/753/703
f 553/756/703 555/758/704 556/755/704
f 555/758/704 557/760/707 558/757/705
f 557/760/707 559/762/706 560/759/706
f 559/762/706 561/764/708 562/761/708
f 561/764/708 563/766/709 564/763/709
f 563/766/709 565/768/710 566/765/710
f 565/768/710 567/770/711 568/767/711
f 567/770/711 569/772/712 570/769/712
f 569/772/712 571/774/713 572/771/713
f 571/774/713 573/776/714 574/773/714
f 573/776/714 575/777/715 576/775/715
f 575/777/715 542/744/698 543/743/698
s 1
f 542/779/717 523/724/680 524/723/679
f 541/778/716 524/723/679 525/725/681
f 545/780/718 525/725/681 526/726/682
f 547/781/719 526/726/682 527/727/683
f 549/782/720 527/727/683 528/728/684
f 551/783/721 528/728/684 529/729/685
f 553/784/722 529/729/685 530/730/686
f 555/785/723 530/730/686 531/731/687
f 557/786/724 531/731/687 532/732/688
f 559/787/725 532/732/688 533/733/689
f 561/788/726 533/733/689 534/734/690
f 563/789/727 534/734/690 535/735/691
f 565/790/728 535/735/691 536/736/692
f 567/791/729 536/736/692 537/737/693
f 569/792/730 537/737/693 538/738/694
f 571/793/731 538/738/694 539/739/695
f 573/794/732 539/739/695 540/740/696
f 575/796/733 540/741/696 523/724/680
s 52
f 577/798/734 543/743/734 544/742/734
f 578/797/734 544/742/734 546/745/734
f 579/799/734 546/745/734 548/747/734
f 580/800/734 548/747/734 550/749/734
f 581/801/734 550/749/734 552/751/734
f 582/802/734 552/751/734 554/753/734
f 583/803/734 554/753/734 556/755/734
f 584/804/734 556/755/734 558/757/734
f 585/805/734 558/757/734 560/759/734
f 586/806/734 560/759/734 562/761/734
f 587/807/734 562/761/734 564/763/734
f 588/808/734 564/763/734 566/765/734
f 589/809/734 566/765/734 568/767/734
f 590/810/734 568/767/734 570/769/734
f 591/811/734 570/769/734 572/771/734
f 592/812/734 572/771/734 574/773/734
f 593/813/734 574/773/734 576/775/734
f 594/814/734 576/775/734 543/743/734
s 53
f 578/797/735 596/816/735 595/815/736
f 579/799/737 597/817/737 596/816/735
f 580/800/738 598/818/738 597/817/737
f 581/801/739 599/819/739 598/818/738
f 582/802/740 600/820/740 599/819/739
f 583/803/741 601/821/741 600/820/740
f 584/804/742 602/822/744 601/821/741
f 585/805/743 603/823/743 602/822/744
f 586/806/745 604/824/745 603/823/743
f 587/807/746 605/825/746 604/824/745
f 588/808/747 606/826/747 605/825/746
f 589/809/748 607/827/748 606/826/747
f 590/810/749 608/828/749 607/827/748
f 591/811/750 609/829/750 608/828/749
f 592/812/751 610/830/751 609/829/750
f 593/813/752 611/831/752 610/830/751
f 594/814/753 612/832/753 611/831/752
f 577/798/736 595/815/736 612/832/753
