# Blender 4.5.3 LTS
# www.blender.org
mtllib coche_rueda_derecha_1.mtl
g llanta_derecha_1_Mesh
v 0.417946 -2.446074 1.108967
v 1.247093 -2.144286 1.105814
v 1.343299 -2.314095 0.623619
v 0.450161 -2.639173 0.627015
v 1.923019 -1.577113 1.103244
v 2.071390 -1.703150 0.620851
v 2.364198 -0.812961 1.101567
v 2.546618 -0.880024 0.619044
v 2.517419 0.056000 1.100985
v 2.711663 0.056000 0.618416
v 2.364198 0.924961 1.101567
v 2.546617 0.992023 0.619044
v 1.923018 1.689112 1.103245
v 2.071389 1.815148 0.620851
v 1.247092 2.256286 1.105814
v 1.343297 2.426094 0.623619
v 0.417945 2.558073 1.108967
v 0.450161 2.751171 0.627015
v -0.464414 2.558072 1.112322
v -0.500294 2.751171 0.630629
v -1.293561 2.256286 1.115474
v -1.393431 2.426094 0.634025
v -1.969489 1.689112 1.118044
v -2.121523 1.815148 0.636792
v -2.410668 0.924961 1.119721
v -2.596750 0.992024 0.638599
v -2.563888 0.056000 1.120304
v -2.761796 0.056000 0.639227
v -2.410669 -0.812961 1.119721
v -2.596751 -0.880023 0.638599
v -1.969489 -1.577112 1.118044
v -2.121525 -1.703149 0.636792
v -1.293561 -2.144286 1.115474
v -1.393432 -2.314094 0.634024
v -0.464416 -2.446073 1.112322
v -0.500297 -2.639173 0.630628
v 1.370935 -2.365135 0.141685
v 0.458563 -2.697213 0.145154
v 2.114705 -1.741033 0.138856
v 2.600168 -0.900181 0.137011
v 2.768764 0.056000 0.136370
v 2.600166 1.012181 0.137011
v 2.114704 1.853031 0.138856
v 1.370934 2.477134 0.141685
v 0.458563 2.809212 0.145154
v -0.512360 2.809212 0.148845
v -1.424731 2.477134 0.152314
v -2.168502 1.853032 0.155141
v -2.653965 1.012181 0.156987
v -2.822564 0.056000 0.157629
v -2.653965 -0.900181 0.156987
v -2.168503 -1.741031 0.155141
v -1.424732 -2.365134 0.152314
v -0.512363 -2.697214 0.148845
v 1.369102 -2.365135 -0.340138
v 0.456732 -2.697213 -0.336670
v 2.112873 -1.741032 -0.342967
v 2.598335 -0.900181 -0.344812
v 2.766934 0.055999 -0.345453
v 2.598334 1.012180 -0.344812
v 2.112872 1.853032 -0.342966
v 1.369102 2.477135 -0.340138
v 0.456732 2.809211 -0.336669
v -0.514193 2.809212 -0.332978
v -1.426563 2.477134 -0.329509
v -2.170333 1.853031 -0.326681
v -2.655796 1.012181 -0.324836
v -2.824396 0.056000 -0.324194
v -2.655797 -0.900181 -0.324836
v -2.170334 -1.741031 -0.326681
v -1.426564 -2.365134 -0.329510
v -0.514194 -2.697214 -0.332978
v 1.337802 -2.314095 -0.821849
v 0.444666 -2.639173 -0.818454
v 2.065894 -1.703150 -0.824617
v 2.541122 -0.880024 -0.826424
v 2.706167 0.056000 -0.827052
v 2.541121 0.992023 -0.826424
v 2.065893 1.815148 -0.824617
v 1.337801 2.426094 -0.821849
v 0.444666 2.751171 -0.818454
v -0.505791 2.751171 -0.814839
v -1.398928 2.426094 -0.811444
v -2.127019 1.815148 -0.808676
v -2.602246 0.992024 -0.806869
v -2.767292 0.056000 -0.806241
v -2.602247 -0.880023 -0.806869
v -2.127020 -1.703149 -0.808676
v -1.398929 -2.314094 -0.811444
v -0.505792 -2.639173 -0.814840
v 1.229763 -2.130138 -1.303268
v 0.405949 -2.429984 -1.300136
v 1.901344 -1.566611 -1.305821
v 2.339685 -0.807373 -1.307488
v 2.491921 0.056000 -1.308067
v 2.339686 0.919373 -1.307488
v 1.901342 1.678610 -1.305821
v 1.229764 2.242137 -1.303268
v 0.405949 2.541983 -1.300136
v -0.470737 2.541982 -1.296803
v -1.294552 2.242136 -1.293671
v -1.966131 1.678610 -1.291117
v -2.404473 0.919373 -1.289450
v -2.556710 0.056000 -1.288872
v -2.404476 -0.807373 -1.289451
v -1.966132 -1.566610 -1.291118
v -1.294552 -2.130137 -1.293671
v -0.470739 -2.429984 -1.296803
v 0.943023 -1.635187 -1.560704
v 0.305724 -1.867147 -1.558281
v 1.462555 -1.199245 -1.562679
v 1.801654 -0.611902 -1.563969
v 1.919422 0.056000 -1.564416
v 1.801654 0.723902 -1.563968
v 1.462554 1.311245 -1.562679
v 0.943022 1.747187 -1.560703
v 0.305723 1.979146 -1.558281
v -0.372478 1.979146 -1.555703
v -1.009778 1.747186 -1.553279
v -1.529309 1.311245 -1.551304
v -1.868410 0.723902 -1.550014
v -1.986178 0.056000 -1.549567
v -1.868411 -0.611902 -1.550014
v -1.529309 -1.199244 -1.551304
v -1.009778 -1.635187 -1.553279
v -0.372478 -1.867147 -1.555703
v 0.767191 -1.330587 -1.551851
v 0.244683 -1.520765 -1.549865
v 1.193141 -0.973168 -1.553472
v 1.471160 -0.491621 -1.554528
v 1.567715 0.055976 -1.554895
v 1.471159 0.603572 -1.554528
v 1.193140 1.085120 -1.553472
v 0.767190 1.442538 -1.551851
v 0.244684 1.632716 -1.549865
v -0.311357 1.632715 -1.547750
v -0.833863 1.442537 -1.545765
v -1.259814 1.085119 -1.544145
v -1.537833 0.603572 -1.543088
v -1.634389 0.055975 -1.542721
v -1.537834 -0.491621 -1.543088
v -1.259814 -0.973168 -1.544145
v -0.833864 -1.330587 -1.545765
v -0.311358 -1.520766 -1.547750
v 0.239015 -1.488575 -1.547952
v 0.750854 -1.302280 -1.549897
v 0.683134 -1.184673 -1.502417
v 0.215613 -1.354837 -1.500640
v 1.168109 -0.952158 -1.551483
v 1.064260 -0.864868 -1.503866
v 1.440452 -0.480443 -1.552519
v 1.313020 -0.433996 -1.504812
v 1.535036 0.055974 -1.552878
v 1.399416 0.055974 -1.505141
v 1.440451 0.592390 -1.552519
v 1.313021 0.545943 -1.504812
v 1.168108 1.064107 -1.551483
v 1.064258 0.976815 -1.503867
v 0.750854 1.414227 -1.549896
v 0.683134 1.296620 -1.502417
v 0.239016 1.600522 -1.547952
v 0.215613 1.466784 -1.500640
v -0.305672 1.600522 -1.545879
v -0.281911 1.466783 -1.498748
v -0.817512 1.414227 -1.543934
v -0.749432 1.296620 -1.496971
v -1.234766 1.064107 -1.542347
v -1.130558 0.976815 -1.495522
v -1.507109 0.592390 -1.541312
v -1.379319 0.545943 -1.494576
v -1.601694 0.055974 -1.540953
v -1.465714 0.055974 -1.494247
v -1.507110 -0.480443 -1.541312
v -1.379320 -0.433996 -1.494576
v -1.234766 -0.952159 -1.542347
v -1.130559 -0.864867 -1.495522
v -0.817512 -1.302280 -1.543934
v -0.749433 -1.184672 -1.496971
v -0.305673 -1.488575 -1.545879
v -0.281911 -1.354838 -1.498748
v 0.594659 -1.029330 -1.183165
v 0.185678 -1.178188 -1.181609
v 0.928065 -0.749568 -1.184431
v 1.145679 -0.372646 -1.185259
v 1.221255 0.055974 -1.185546
v 1.145679 0.484594 -1.185258
v 0.928064 0.861516 -1.184431
v 0.594659 1.141278 -1.183164
v 0.185678 1.290136 -1.181608
v -0.249551 1.290135 -1.179955
v -0.658533 1.141278 -1.178398
v -0.991939 0.861516 -1.177131
v -1.209552 0.484593 -1.176304
v -1.285130 0.055974 -1.176017
v -1.209552 -0.372646 -1.176304
v -0.991938 -0.749568 -1.177131
v -0.658534 -1.029330 -1.178398
v -0.249552 -1.178188 -1.179955
v 0.594900 -1.029330 -1.119997
v 0.185918 -1.178188 -1.118442
v 0.928306 -0.749568 -1.121264
v 1.145919 -0.372646 -1.122091
v 1.221495 0.055974 -1.122378
v 1.145918 0.484594 -1.122090
v 0.928303 0.861516 -1.121264
v 0.594899 1.141278 -1.119996
v 0.185918 1.290136 -1.118441
v -0.249311 1.290135 -1.116786
v -0.658292 1.141278 -1.115232
v -0.991698 0.861516 -1.113964
v -1.209311 0.484594 -1.113136
v -1.284889 0.055974 -1.112849
v -1.209312 -0.372646 -1.113136
v -0.991697 -0.749568 -1.113964
v -0.658294 -1.029330 -1.115232
v -0.249312 -1.178188 -1.116786
v 0.184010 -1.162211 -0.881392
v 0.537116 -1.009144 -0.880719
v 0.209736 -0.505081 -0.826900
v 0.063955 -0.479932 -0.819820
v 0.606084 -0.977346 -0.881504
v 0.912859 -0.735924 -0.883739
v 0.390079 -0.296869 -0.821504
v 0.337914 -0.439445 -0.828014
v 1.081502 -0.397634 -0.882336
v 0.511683 -0.219131 -0.827847
v 1.115216 -0.315616 -0.882739
v 1.210181 0.056009 -0.885661
v 0.520261 0.055993 -0.822163
v 0.560625 -0.081743 -0.827941
v 1.119968 0.435940 -0.883307
v 0.559265 0.193731 -0.827817
v 1.094923 0.504506 -0.883204
v 0.914377 0.849054 -0.883882
v 0.390141 0.408843 -0.821510
v 0.520085 0.332632 -0.828604
v 0.606927 1.084332 -0.881215
v 0.343394 0.561584 -0.829052
v 0.542482 1.122972 -0.881063
v 0.184423 1.276630 -0.881623
v 0.064447 0.595502 -0.820157
v 0.216414 0.626567 -0.827936
v -0.206341 1.256064 -0.878339
v -0.064852 0.664633 -0.825789
v -0.276123 1.243794 -0.878073
v -0.648557 1.125959 -0.878094
v -0.303180 0.528351 -0.818535
v -0.205705 0.632481 -0.824623
v -0.940734 0.862388 -0.875776
v -0.449572 0.500981 -0.824466
v -0.981214 0.800994 -0.874990
v -1.189362 0.477665 -0.875803
v -0.550702 0.245333 -0.818337
v -0.538616 0.387546 -0.823728
v -1.237486 0.096429 -0.873997
v -0.636177 0.128380 -0.823645
v -1.242815 0.020155 -0.874375
v -1.193721 -0.367256 -0.876208
v -0.546607 -0.131793 -0.817953
v -0.640301 -0.015743 -0.823982
v -0.977262 -0.689782 -0.874731
v -0.547829 -0.284726 -0.824818
v -0.929893 -0.750693 -0.875210
v -0.651440 -1.019013 -0.878610
v -0.301701 -0.413754 -0.818264
v -0.452261 -0.391939 -0.824811
v -0.280512 -1.124764 -0.877594
v -0.207072 -0.527653 -0.825260
v -0.198627 -1.137903 -0.877810
v -0.064941 -0.555802 -0.826068
v 0.044263 -0.373264 -1.045651
v 0.186507 -0.321491 -1.046193
v 0.128622 -0.221090 -1.024482
v 0.024213 -0.259091 -1.024085
v 0.302464 -0.224191 -1.046634
v 0.213736 -0.149670 -1.024805
v 0.378150 -0.093100 -1.046922
v 0.269290 -0.053448 -1.025016
v 0.404435 0.055974 -1.047021
v 0.288583 0.055974 -1.025089
v 0.378149 0.205047 -1.046922
v 0.269289 0.165395 -1.025016
v 0.302463 0.336139 -1.046634
v 0.213735 0.261618 -1.024805
v 0.186506 0.433440 -1.046193
v 0.128622 0.333038 -1.024482
v 0.044264 0.485211 -1.045651
v 0.024214 0.371039 -1.024085
v -0.107108 0.485211 -1.045076
v -0.086895 0.371038 -1.023663
v -0.249351 0.433439 -1.044536
v -0.191302 0.333037 -1.023266
v -0.365307 0.336139 -1.044095
v -0.276414 0.261618 -1.022942
v -0.440992 0.205046 -1.043807
v -0.331969 0.165395 -1.022731
v -0.467278 0.055973 -1.043707
v -0.351264 0.055974 -1.022657
v -0.440993 -0.093099 -1.043807
v -0.331969 -0.053447 -1.022731
v -0.365307 -0.224192 -1.044095
v -0.276415 -0.149671 -1.022943
v -0.249351 -0.321492 -1.044536
v -0.191302 -0.221090 -1.023266
v -0.107109 -0.373264 -1.045076
v -0.086895 -0.259092 -1.023663
v 0.084941 -0.145077 -0.970392
v 0.009177 -0.172652 -0.970104
v 0.146704 -0.093251 -0.970627
v 0.187015 -0.023428 -0.970780
v 0.201016 0.055973 -0.970833
v 0.187015 0.135375 -0.970780
v 0.146703 0.205199 -0.970627
v 0.084940 0.257024 -0.970392
v 0.009178 0.284599 -0.970104
v -0.071447 0.284599 -0.969798
v -0.147211 0.257024 -0.969510
v -0.208972 0.205199 -0.969275
v -0.249285 0.135375 -0.969122
v -0.263287 0.055973 -0.969069
v -0.249285 -0.023427 -0.969122
v -0.208972 -0.093252 -0.969275
v -0.147212 -0.145077 -0.969510
v -0.071448 -0.172653 -0.969798
v 0.060173 -0.102785 -1.062690
v 0.000347 -0.124560 -1.062462
v 0.108944 -0.061862 -1.062875
v 0.140775 -0.006726 -1.062996
v 0.151831 0.055974 -1.063038
v 0.140775 0.118673 -1.062996
v 0.108943 0.173809 -1.062875
v 0.060172 0.214733 -1.062690
v 0.000348 0.236508 -1.062462
v -0.063320 0.236508 -1.062220
v -0.123146 0.214732 -1.061993
v -0.171915 0.173809 -1.061808
v -0.203750 0.118672 -1.061687
v -0.214805 0.055973 -1.061645
v -0.203750 -0.006725 -1.061687
v -0.171916 -0.061862 -1.061808
v -0.123146 -0.102785 -1.061993
v -0.063319 -0.124561 -1.062220
v 0.031422 -0.053485 -1.138411
v -0.009827 -0.068499 -1.138254
v 0.065047 -0.025270 -1.138538
v 0.086995 0.012744 -1.138622
v 0.094616 0.055974 -1.138651
v 0.086994 0.099203 -1.138622
v 0.065047 0.137217 -1.138538
v 0.031422 0.165433 -1.138411
v -0.009826 0.180446 -1.138254
v -0.053722 0.180446 -1.138087
v -0.094971 0.165433 -1.137930
v -0.128596 0.137218 -1.137802
v -0.150544 0.099202 -1.137719
v -0.158167 0.055974 -1.137691
v -0.150544 0.012745 -1.137719
v -0.128596 -0.025270 -1.137802
v -0.094971 -0.053486 -1.137930
v -0.053722 -0.068499 -1.138087
v 0.011760 -0.019749 -1.186818
v -0.016776 -0.030135 -1.186710
v 0.035021 -0.000230 -1.186907
v 0.050205 0.026068 -1.186965
v 0.055478 0.055974 -1.186985
v 0.050204 0.085879 -1.186965
v 0.035021 0.112177 -1.186907
v 0.011760 0.131697 -1.186818
v -0.016776 0.142083 -1.186710
v -0.047143 0.142083 -1.186595
v -0.075678 0.131697 -1.186486
v -0.098939 0.112177 -1.186398
v -0.114123 0.085879 -1.186340
v -0.119396 0.055974 -1.186320
v -0.114123 0.026068 -1.186340
v -0.098939 -0.000230 -1.186398
v -0.075678 -0.019750 -1.186486
v -0.047143 -0.030136 -1.186595
v -0.001977 0.003896 -1.209278
v -0.014586 0.025616 -1.227033
v -0.026026 0.021452 -1.226989
v -0.021602 -0.003247 -1.209204
v 0.014021 0.017320 -1.209339
v -0.005260 0.033441 -1.227068
v 0.024463 0.035406 -1.209378
v 0.000828 0.043984 -1.227092
v 0.028090 0.055974 -1.209393
v 0.002941 0.055974 -1.227099
v 0.024462 0.076541 -1.209378
v 0.000828 0.067963 -1.227092
v 0.014021 0.094627 -1.209339
v -0.005260 0.078506 -1.227068
v -0.001977 0.108052 -1.209278
v -0.014586 0.086331 -1.227033
v -0.021602 0.115195 -1.209204
v -0.026026 0.090495 -1.226989
v -0.042487 0.115194 -1.209125
v -0.038200 0.090495 -1.226943
v -0.062112 0.108052 -1.209049
v -0.049640 0.086331 -1.226899
v -0.078110 0.094627 -1.208989
v -0.058965 0.078506 -1.226864
v -0.088552 0.076541 -1.208949
v -0.065052 0.067963 -1.226841
v -0.092179 0.055974 -1.208936
v -0.067166 0.055974 -1.226833
v -0.088552 0.035406 -1.208949
v -0.065052 0.043984 -1.226841
v -0.078110 0.017320 -1.208989
v -0.058965 0.033441 -1.226864
v -0.062112 0.003896 -1.209049
v -0.049640 0.025616 -1.226899
v -0.042487 -0.003247 -1.209125
v -0.038200 0.021452 -1.226943
v -0.026052 0.045357 -1.245440
v -0.030054 0.043900 -1.245425
v -0.022792 0.048094 -1.245453
v -0.020662 0.051781 -1.245461
v -0.019923 0.055974 -1.245463
v -0.020662 0.060167 -1.245461
v -0.022792 0.063854 -1.245453
v -0.026053 0.066590 -1.245440
v -0.030054 0.068047 -1.245425
v -0.034311 0.068047 -1.245409
v -0.038312 0.066590 -1.245394
v -0.041574 0.063854 -1.245381
v -0.043702 0.060166 -1.245373
v -0.044441 0.055974 -1.245370
v -0.043702 0.051781 -1.245373
v -0.041574 0.048094 -1.245381
v -0.038312 0.045357 -1.245394
v -0.034311 0.043900 -1.245409
v -1.183939 0.475362 -1.110772
v -0.983734 0.815480 -1.096471
v -1.248864 0.086433 -1.095438
v -0.552887 0.123438 -1.036580
v -0.477320 0.218264 -1.047191
v -0.471765 0.337198 -1.036592
v -0.646247 1.120429 -1.113083
v -0.268696 1.256798 -1.099658
v -0.957206 0.861680 -1.097281
v -0.388612 0.443333 -1.037299
v -0.264210 0.459158 -1.047186
v -0.187297 0.549953 -1.037270
v 0.182446 1.270409 -1.116603
v 0.555998 1.127305 -1.102631
v -0.219369 1.265304 -1.099831
v -0.055503 0.580453 -1.038396
v 0.049817 0.516767 -1.048594
v 0.177514 0.551142 -1.040386
v 0.908170 0.844614 -1.118791
v 1.108016 0.498614 -1.104784
v 0.602671 1.098752 -1.102703
v 0.296305 0.490981 -1.041477
v 0.328067 0.357633 -1.049779
v 0.441426 0.299331 -1.040886
v 1.203291 0.055974 -1.120649
v 1.120707 -0.328389 -1.104226
v 1.125880 0.449382 -1.104847
v 0.477602 0.169314 -1.040108
v 0.439941 0.055974 -1.050394
v 0.478881 -0.057703 -1.040231
v 0.906790 -0.731506 -1.118660
v 0.601715 -0.992135 -1.103012
v 1.093419 -0.392047 -1.103829
v 0.433587 -0.185370 -1.040157
v 0.328259 -0.245846 -1.049803
v 0.291110 -0.369055 -1.040474
v 0.550151 -1.013254 -1.102250
v 0.182029 -1.156092 -1.116381
v 0.171206 -0.429837 -1.039381
v 0.049179 -0.401201 -1.048257
v -0.056129 -0.472247 -1.038733
v -0.210977 -1.146379 -1.099233
v -0.649395 -1.013930 -1.113645
v -0.945253 -0.749787 -1.096636
v -0.273369 -1.136847 -1.099105
v -0.188373 -0.445604 -1.037942
v -0.262483 -0.344222 -1.046877
v -0.391846 -0.334150 -1.037665
v -1.188549 -0.365092 -1.111202
v -1.254781 0.030521 -1.095863
v -0.979633 -0.704472 -1.096210
v -0.480938 -0.234052 -1.037664
v -0.472556 -0.104583 -1.046746
v -0.556658 -0.011099 -1.036891
v 0.757576 -1.313858 -1.540244
v 0.241373 -1.501741 -1.538282
v 1.178388 -0.960752 -1.541844
v 1.453052 -0.485015 -1.542889
v 1.548443 0.055975 -1.543251
v 1.453052 0.596964 -1.542889
v 1.178386 1.072701 -1.541844
v 0.757576 1.425807 -1.540244
v 0.241373 1.613690 -1.538282
v -0.307957 1.613690 -1.536194
v -0.824160 1.425807 -1.534231
v -1.244972 1.072701 -1.532631
v -1.519636 0.596964 -1.531588
v -1.615028 0.055975 -1.531224
v -1.519638 -0.485014 -1.531588
v -1.244972 -0.960752 -1.532631
v -0.824160 -1.313858 -1.534231
v -0.307958 -1.501742 -1.536194
v 0.338625 -1.988767 1.455178
v 1.016228 -1.742138 1.452602
v 1.568616 -1.278627 1.450501
v 1.929160 -0.654140 1.449131
v 2.054375 0.056000 1.448655
v 1.929159 0.766140 1.449131
v 1.568614 1.390626 1.450501
v 1.016228 1.854137 1.452602
v 0.338626 2.100766 1.455178
v -0.382464 2.100766 1.457920
v -1.060067 1.854137 1.460496
v -1.612455 1.390626 1.462596
v -1.972999 0.766140 1.463966
v -2.098216 0.056000 1.464442
v -1.973000 -0.654140 1.463966
v -1.612454 -1.278627 1.462595
v -1.060069 -1.742138 1.460495
v -0.382466 -1.988768 1.457919
v 0.261744 -1.553032 1.442138
v 0.794951 -1.358959 1.440111
v 1.229625 -0.994222 1.438458
v 1.513339 -0.502811 1.437379
v 1.611871 0.056000 1.437005
v 1.513338 0.614811 1.437379
v 1.229625 1.106220 1.438458
v 0.794950 1.470958 1.440111
v 0.261743 1.665031 1.442138
v -0.305685 1.665030 1.444296
v -0.838892 1.470958 1.446323
v -1.273566 1.106220 1.447976
v -1.557280 0.614811 1.449054
v -1.655812 0.056000 1.449429
v -1.557280 -0.502811 1.449054
v -1.273566 -0.994220 1.447976
v -0.838892 -1.358959 1.446323
v -0.305685 -1.553032 1.444296
v 0.770826 -1.317231 1.431749
v 0.253344 -1.505581 1.433716
v 0.250321 -1.487966 1.455513
v 0.761967 -1.301741 1.453568
v 1.192683 -0.963250 1.430146
v 1.179063 -0.951752 1.451983
v 1.468029 -0.486332 1.429098
v 1.451304 -0.480214 1.450947
v 1.563655 0.056000 1.428735
v 1.545852 0.056000 1.450588
v 1.468028 0.598331 1.429098
v 1.451303 0.592213 1.450947
v 1.192682 1.075249 1.430145
v 1.179062 1.063751 1.451983
v 0.770826 1.429230 1.431749
v 0.761966 1.413739 1.453568
v 0.253345 1.617579 1.433716
v 0.250322 1.599964 1.455513
v -0.297348 1.617579 1.435811
v -0.294160 1.599964 1.457584
v -0.814831 1.429229 1.437778
v -0.805806 1.413740 1.459529
v -1.236688 1.075249 1.439382
v -1.222902 1.063751 1.461114
v -1.512035 0.598331 1.440428
v -1.495143 0.592213 1.462150
v -1.607661 0.056000 1.440792
v -1.589692 0.056000 1.462509
v -1.512034 -0.486331 1.440428
v -1.495144 -0.480214 1.462150
v -1.236689 -0.963249 1.439382
v -1.222904 -0.951752 1.461114
v -0.814832 -1.317231 1.437778
v -0.805806 -1.301741 1.459529
v -0.297349 -1.505581 1.435811
v -0.294161 -1.487966 1.457583
v 0.226494 -1.352834 1.455604
v 0.693359 -1.182908 1.453829
v 1.073951 -0.863551 1.452383
v 1.322363 -0.433283 1.451437
v 1.408636 0.056000 1.451109
v 1.322363 0.545282 1.451437
v 1.073950 0.975550 1.452383
v 0.693359 1.294907 1.453829
v 0.226495 1.464833 1.455604
v -0.270333 1.464832 1.457493
v -0.737197 1.294907 1.459268
v -1.117790 0.975550 1.460715
v -1.366203 0.545282 1.461660
v -1.452477 0.056000 1.461987
v -1.366204 -0.433283 1.461660
v -1.117790 -0.863551 1.460715
v -0.737199 -1.182907 1.459268
v -0.270333 -1.352835 1.457493
v 0.219368 -1.313245 1.417515
v 0.673114 -1.148094 1.415790
v 1.043011 -0.837711 1.414384
v 1.284443 -0.419534 1.413466
v 1.368292 0.056000 1.413147
v 1.284444 0.531533 1.413466
v 1.043011 0.949711 1.414384
v 0.673114 1.260092 1.415790
v 0.219368 1.425243 1.417515
v -0.263498 1.425243 1.419351
v -0.717243 1.260092 1.421076
v -1.087140 0.949710 1.422482
v -1.328572 0.531533 1.423400
v -1.412422 0.056000 1.423720
v -1.328573 -0.419534 1.423400
v -1.087141 -0.837711 1.422482
v -0.717244 -1.148093 1.421076
v -0.263498 -1.313245 1.419351
vn 0.1415 -0.7894 0.5974
vn 0.4853 -0.8390 0.2460
vn 0.4030 -0.6942 0.5964
vn 0.7431 -0.6227 0.2451
vn 0.6163 -0.5152 0.5956
vn 0.9113 -0.3313 0.2444
vn 0.7555 -0.2741 0.5951
vn 0.9697 -0.0000 0.2442
vn 0.8038 -0.0000 0.5949
vn 0.9113 0.3313 0.2444
vn 0.7555 0.2741 0.5951
vn 0.7431 0.6227 0.2451
vn 0.6163 0.5152 0.5956
vn 0.4853 0.8390 0.2460
vn 0.4030 0.6942 0.5964
vn 0.1692 0.9541 0.2473
vn 0.1415 0.7894 0.5974
vn -0.1673 0.9541 0.2485
vn -0.1369 0.7894 0.5985
vn -0.4834 0.8390 0.2497
vn -0.3985 0.6942 0.5995
vn -0.7412 0.6227 0.2507
vn -0.6117 0.5152 0.6003
vn -0.9094 0.3313 0.2514
vn -0.7509 0.2741 0.6008
vn -0.9678 -0.0000 0.2516
vn -0.7993 -0.0000 0.6010
vn -0.9094 -0.3313 0.2514
vn -0.7509 -0.2741 0.6008
vn -0.7412 -0.6227 0.2507
vn -0.6117 -0.5152 0.6003
vn -0.4834 -0.8390 0.2497
vn -0.3985 -0.6942 0.5995
vn -0.1673 -0.9541 0.2485
vn -0.1369 -0.7894 0.5985
vn 0.1692 -0.9541 0.2473
vn 0.4993 -0.8644 0.0585
vn 0.7649 -0.6416 0.0575
vn 0.9382 -0.3414 0.0568
vn 0.9984 -0.0000 0.0566
vn 0.9382 0.3414 0.0568
vn 0.7649 0.6416 0.0575
vn 0.4993 0.8644 0.0585
vn 0.1736 0.9830 0.0598
vn -0.1731 0.9830 0.0611
vn -0.4989 0.8644 0.0623
vn -0.7644 0.6416 0.0633
vn -0.9377 0.3414 0.0640
vn -0.9979 -0.0000 0.0642
vn -0.9377 -0.3414 0.0640
vn -0.7644 -0.6416 0.0633
vn -0.4989 -0.8644 0.0623
vn -0.1731 -0.9830 0.0611
vn 0.1736 -0.9830 0.0598
vn 0.4989 -0.8644 -0.0623
vn 0.7644 -0.6416 -0.0633
vn 0.9377 -0.3414 -0.0640
vn 0.9979 -0.0000 -0.0642
vn 0.9377 0.3414 -0.0640
vn 0.7644 0.6416 -0.0633
vn 0.4989 0.8644 -0.0623
vn 0.1731 0.9830 -0.0611
vn -0.1736 0.9830 -0.0598
vn -0.4993 0.8644 -0.0585
vn -0.7649 0.6416 -0.0575
vn -0.9382 0.3414 -0.0568
vn -0.9984 -0.0000 -0.0566
vn -0.9382 -0.3414 -0.0568
vn -0.7649 -0.6416 -0.0575
vn -0.4993 -0.8644 -0.0585
vn -0.1736 -0.9830 -0.0598
vn 0.1731 -0.9830 -0.0611
vn 0.4816 -0.8360 -0.2630
vn 0.7384 -0.6205 -0.2640
vn 0.9061 -0.3301 -0.2647
vn 0.9643 -0.0000 -0.2649
vn 0.9061 0.3301 -0.2647
vn 0.7385 0.6205 -0.2640
vn 0.4816 0.8360 -0.2630
vn 0.1666 0.9506 -0.2618
vn -0.1686 0.9506 -0.2606
vn -0.4836 0.8360 -0.2594
vn -0.7404 0.6205 -0.2584
vn -0.9081 0.3301 -0.2578
vn -0.9663 -0.0000 -0.2575
vn -0.9081 -0.3301 -0.2578
vn -0.7404 -0.6205 -0.2584
vn -0.4836 -0.8360 -0.2594
vn -0.1686 -0.9506 -0.2606
vn 0.1666 -0.9506 -0.2618
vn 0.3619 -0.6314 -0.6858
vn 0.5559 -0.4686 -0.6866
vn 0.6825 -0.2493 -0.6871
vn 0.7264 -0.0000 -0.6872
vn 0.6825 0.2493 -0.6871
vn 0.5559 0.4686 -0.6866
vn 0.3619 0.6314 -0.6858
vn 0.1240 0.7180 -0.6849
vn -0.1292 0.7180 -0.6840
vn -0.3671 0.6314 -0.6831
vn -0.5611 0.4686 -0.6823
vn -0.6877 0.2493 -0.6819
vn -0.7316 -0.0000 -0.6817
vn -0.6877 -0.2493 -0.6819
vn -0.5611 -0.4686 -0.6823
vn -0.3671 -0.6314 -0.6831
vn -0.1292 -0.7180 -0.6840
vn 0.1240 -0.7180 -0.6849
vn 0.1077 -0.1930 -0.9753
vn 0.1670 -0.1433 -0.9755
vn 0.2057 -0.0762 -0.9756
vn 0.2192 -0.0000 -0.9757
vn 0.2057 0.0762 -0.9756
vn 0.1670 0.1433 -0.9755
vn 0.1077 0.1930 -0.9753
vn 0.0350 0.2195 -0.9750
vn -0.0424 0.2195 -0.9747
vn -0.1151 0.1930 -0.9744
vn -0.1744 0.1433 -0.9742
vn -0.2131 0.0762 -0.9740
vn -0.2266 -0.0000 -0.9740
vn -0.2131 -0.0762 -0.9740
vn -0.1744 -0.1433 -0.9742
vn -0.1151 -0.1930 -0.9744
vn -0.0424 -0.2195 -0.9747
vn 0.0350 -0.2195 -0.9750
vn -0.0473 0.2474 -0.9678
vn -0.1293 0.2175 -0.9675
vn -0.1961 0.1615 -0.9672
vn -0.2397 0.0859 -0.9670
vn -0.2549 -0.0000 -0.9670
vn -0.2397 -0.0859 -0.9670
vn -0.1961 -0.1615 -0.9672
vn -0.1293 -0.2175 -0.9675
vn -0.0473 -0.2474 -0.9678
vn 0.0399 -0.2474 -0.9681
vn 0.1219 -0.2175 -0.9684
vn 0.1887 -0.1615 -0.9687
vn 0.2323 -0.0859 -0.9688
vn 0.2475 -0.0000 -0.9689
vn 0.2324 0.0859 -0.9688
vn 0.1887 0.1615 -0.9687
vn 0.1219 0.2175 -0.9684
vn 0.0399 0.2474 -0.9681
vn -0.0606 0.3234 -0.9443
vn -0.3116 0.5346 -0.7855
vn -0.1678 0.2844 -0.9439
vn -0.4759 0.3968 -0.7849
vn -0.2552 0.2111 -0.9436
vn -0.5831 0.2111 -0.7845
vn -0.3122 0.1123 -0.9433
vn -0.6203 -0.0000 -0.7844
vn -0.3320 -0.0000 -0.9433
vn -0.5831 -0.2111 -0.7845
vn -0.3122 -0.1123 -0.9433
vn -0.4759 -0.3968 -0.7849
vn -0.2552 -0.2111 -0.9436
vn -0.3116 -0.5346 -0.7855
vn -0.1678 -0.2844 -0.9439
vn -0.1102 -0.6079 -0.7863
vn -0.0606 -0.3234 -0.9443
vn 0.1042 -0.6079 -0.7871
vn 0.0534 -0.3234 -0.9447
vn 0.3057 -0.5346 -0.7879
vn 0.1606 -0.2844 -0.9451
vn 0.4699 -0.3968 -0.7885
vn 0.2480 -0.2111 -0.9455
vn 0.5771 -0.2111 -0.7889
vn 0.3050 -0.1123 -0.9457
vn 0.6143 -0.0000 -0.7891
vn 0.3248 -0.0000 -0.9458
vn 0.5771 0.2111 -0.7889
vn 0.3050 0.1123 -0.9457
vn 0.4699 0.3968 -0.7885
vn 0.2480 0.2111 -0.9455
vn 0.3057 0.5346 -0.7879
vn 0.1606 0.2844 -0.9451
vn 0.1042 0.6079 -0.7871
vn 0.0534 0.3234 -0.9447
vn -0.1102 0.6079 -0.7863
vn -0.4837 0.8361 -0.2587
vn -0.7406 0.6206 -0.2577
vn -0.9082 0.3302 -0.2571
vn -0.9664 -0.0000 -0.2569
vn -0.9082 -0.3302 -0.2571
vn -0.7406 -0.6206 -0.2577
vn -0.4837 -0.8361 -0.2587
vn -0.1686 -0.9508 -0.2599
vn 0.1667 -0.9508 -0.2612
vn 0.4817 -0.8361 -0.2624
vn 0.7386 -0.6206 -0.2633
vn 0.9062 -0.3302 -0.2640
vn 0.9645 -0.0000 -0.2642
vn 0.9062 0.3302 -0.2640
vn 0.7386 0.6206 -0.2633
vn 0.4817 0.8361 -0.2624
vn 0.1667 0.9508 -0.2612
vn -0.1686 0.9508 -0.2599
vn -0.5000 0.8660 0.0019
vn -0.7660 0.6428 0.0029
vn -0.9397 0.3420 0.0036
vn -1.0000 -0.0000 0.0038
vn -0.9397 -0.3420 0.0036
vn -0.7660 -0.6428 0.0029
vn -0.5000 -0.8660 0.0019
vn -0.1736 -0.9848 0.0007
vn 0.1736 -0.9848 -0.0007
vn 0.5000 -0.8660 -0.0019
vn 0.7660 -0.6428 -0.0029
vn 0.9397 -0.3420 -0.0036
vn 1.0000 -0.0000 -0.0038
vn 0.9397 0.3420 -0.0036
vn 0.7660 0.6428 -0.0029
vn 0.5000 0.8660 -0.0019
vn 0.1736 0.9848 -0.0007
vn -0.1736 0.9848 0.0007
vn -0.0190 0.0866 -0.9961
vn -0.0340 0.0839 -0.9959
vn -0.0345 0.0839 -0.9959
vn -0.0612 0.0684 -0.9958
vn -0.0713 0.0564 -0.9959
vn -0.0710 0.0567 -0.9959
vn -0.0809 0.0449 -0.9957
vn -0.0812 0.0446 -0.9957
vn -0.0917 0.0155 -0.9957
vn -0.0918 -0.0000 -0.9958
vn -0.0917 -0.0001 -0.9958
vn -0.0917 -0.0151 -0.9957
vn -0.0918 -0.0156 -0.9957
vn -0.0811 -0.0446 -0.9957
vn -0.0715 -0.0562 -0.9959
vn -0.0712 -0.0565 -0.9959
vn -0.0613 -0.0681 -0.9958
vn -0.0611 -0.0686 -0.9958
vn -0.0343 -0.0839 -0.9959
vn -0.0188 -0.0867 -0.9961
vn -0.0191 -0.0866 -0.9961
vn -0.0041 -0.0892 -0.9960
vn -0.0037 -0.0894 -0.9960
vn 0.0267 -0.0839 -0.9961
vn 0.0399 -0.0764 -0.9963
vn 0.0402 -0.0761 -0.9963
vn 0.0533 -0.0685 -0.9962
vn 0.0538 -0.0684 -0.9962
vn 0.0735 -0.0447 -0.9963
vn 0.0788 -0.0303 -0.9964
vn 0.0788 -0.0301 -0.9964
vn 0.0839 -0.0159 -0.9963
vn 0.0842 -0.0154 -0.9963
vn 0.0841 0.0155 -0.9963
vn 0.0790 0.0299 -0.9964
vn 0.0789 0.0299 -0.9964
vn 0.0736 0.0443 -0.9963
vn 0.0735 0.0448 -0.9963
vn 0.0536 0.0684 -0.9962
vn 0.0401 0.0763 -0.9963
vn 0.0402 0.0761 -0.9963
vn 0.0270 0.0838 -0.9961
vn 0.0267 0.0840 -0.9961
vn -0.0037 0.0893 -0.9960
vn -0.0191 0.0867 -0.9961
vn -0.0472 0.1066 -0.9932
vn -0.1741 0.2953 -0.9394
vn -0.0393 0.0689 -0.9968
vn -0.2648 0.2192 -0.9391
vn -0.1054 0.0547 -0.9929
vn -0.3240 0.1166 -0.9388
vn -0.0733 0.0320 -0.9968
vn -0.3445 -0.0000 -0.9388
vn -0.1157 -0.0253 -0.9930
vn -0.3240 -0.1166 -0.9388
vn -0.0775 -0.0225 -0.9967
vn -0.2648 -0.2192 -0.9391
vn -0.0749 -0.0907 -0.9931
vn -0.1741 -0.2953 -0.9394
vn -0.0500 -0.0663 -0.9965
vn -0.0628 -0.3358 -0.9398
vn -0.0010 -0.1155 -0.9933
vn 0.0556 -0.3358 -0.9403
vn 0.0018 -0.0755 -0.9971
vn 0.1669 -0.2953 -0.9407
vn 0.0746 -0.0835 -0.9937
vn 0.2576 -0.2192 -0.9411
vn 0.0505 -0.0539 -0.9973
vn 0.3168 -0.1166 -0.9413
vn 0.1100 -0.0145 -0.9938
vn 0.3374 -0.0000 -0.9414
vn 0.0736 -0.0060 -0.9973
vn 0.3168 0.1166 -0.9413
vn 0.0938 0.0611 -0.9937
vn 0.2576 0.2192 -0.9411
vn 0.0606 0.0455 -0.9971
vn 0.1669 0.2953 -0.9407
vn 0.0320 0.1095 -0.9935
vn 0.0556 0.3358 -0.9403
vn 0.0136 0.0750 -0.9971
vn -0.0628 0.3358 -0.9398
vn -0.2650 0.4533 -0.8511
vn -0.4042 0.3365 -0.8505
vn -0.4951 0.1790 -0.8502
vn -0.5267 -0.0000 -0.8501
vn -0.4951 -0.1790 -0.8502
vn -0.4042 -0.3365 -0.8505
vn -0.2650 -0.4533 -0.8511
vn -0.0941 -0.5155 -0.8517
vn 0.0877 -0.5155 -0.8524
vn 0.2585 -0.4533 -0.8530
vn 0.3978 -0.3365 -0.8536
vn 0.4886 -0.1790 -0.8539
vn 0.5202 -0.0000 -0.8540
vn 0.4886 0.1790 -0.8539
vn 0.3978 0.3365 -0.8536
vn 0.2585 0.4533 -0.8530
vn 0.0877 0.5155 -0.8524
vn -0.0941 0.5155 -0.8517
vn 0.1517 -0.8707 -0.4679
vn 0.4215 -0.7335 -0.5332
vn 0.4403 -0.7657 -0.4690
vn 0.6468 -0.5444 -0.5341
vn 0.6755 -0.5683 -0.4699
vn 0.7939 -0.2897 -0.5346
vn 0.8290 -0.3024 -0.4705
vn 0.8450 -0.0000 -0.5348
vn 0.8823 -0.0000 -0.4707
vn 0.7939 0.2897 -0.5346
vn 0.8290 0.3024 -0.4705
vn 0.6468 0.5444 -0.5340
vn 0.6755 0.5683 -0.4699
vn 0.4215 0.7335 -0.5332
vn 0.4403 0.7657 -0.4690
vn 0.1451 0.8341 -0.5321
vn 0.1517 0.8707 -0.4679
vn -0.1491 0.8341 -0.5310
vn -0.1553 0.8707 -0.4667
vn -0.4255 0.7335 -0.5300
vn -0.4438 0.7657 -0.4656
vn -0.6509 0.5444 -0.5291
vn -0.6790 0.5683 -0.4647
vn -0.7979 0.2897 -0.5286
vn -0.8326 0.3024 -0.4641
vn -0.8490 -0.0000 -0.5284
vn -0.8859 -0.0000 -0.4639
vn -0.7979 -0.2897 -0.5286
vn -0.8326 -0.3024 -0.4641
vn -0.6509 -0.5444 -0.5291
vn -0.6790 -0.5683 -0.4647
vn -0.4255 -0.7335 -0.5300
vn -0.4438 -0.7656 -0.4656
vn -0.1491 -0.8341 -0.5310
vn -0.1553 -0.8707 -0.4667
vn 0.1451 -0.8341 -0.5321
vn 0.3929 -0.6845 -0.6141
vn 0.6032 -0.5081 -0.6149
vn 0.7404 -0.2703 -0.6154
vn 0.7881 -0.0000 -0.6156
vn 0.7404 0.2703 -0.6154
vn 0.6032 0.5081 -0.6149
vn 0.3929 0.6845 -0.6141
vn 0.1349 0.7784 -0.6131
vn -0.1396 0.7784 -0.6120
vn -0.3975 0.6845 -0.6111
vn -0.6078 0.5081 -0.6103
vn -0.7451 0.2703 -0.6097
vn -0.7927 -0.0000 -0.6096
vn -0.7451 -0.2703 -0.6097
vn -0.6078 -0.5081 -0.6103
vn -0.3975 -0.6845 -0.6111
vn -0.1396 -0.7784 -0.6120
vn 0.1349 -0.7784 -0.6131
vn 0.1219 -0.7062 -0.6975
vn 0.3559 -0.6210 -0.6984
vn 0.5466 -0.4609 -0.6991
vn 0.6712 -0.2452 -0.6996
vn 0.7144 -0.0000 -0.6997
vn 0.6712 0.2452 -0.6996
vn 0.5466 0.4609 -0.6991
vn 0.3559 0.6210 -0.6984
vn 0.1219 0.7062 -0.6975
vn -0.1272 0.7062 -0.6965
vn -0.3612 0.6210 -0.6957
vn -0.5519 0.4609 -0.6949
vn -0.6765 0.2453 -0.6944
vn -0.7197 -0.0000 -0.6943
vn -0.6765 -0.2452 -0.6945
vn -0.5519 -0.4609 -0.6949
vn -0.3612 -0.6210 -0.6956
vn -0.1272 -0.7062 -0.6965
vn 0.1030 -0.6011 -0.7925
vn 0.1015 -0.5929 -0.7988
vn 0.2980 -0.5214 -0.7996
vn 0.3022 -0.5286 -0.7932
vn 0.4581 -0.3870 -0.8002
vn 0.4646 -0.3924 -0.7939
vn 0.5627 -0.2059 -0.8006
vn 0.5706 -0.2088 -0.7943
vn 0.5990 -0.0000 -0.8007
vn 0.6074 -0.0000 -0.7944
vn 0.5627 0.2059 -0.8006
vn 0.5706 0.2088 -0.7943
vn 0.4582 0.3870 -0.8002
vn 0.4646 0.3923 -0.7939
vn 0.2980 0.5214 -0.7996
vn 0.3022 0.5286 -0.7933
vn 0.1015 0.5929 -0.7988
vn 0.1030 0.6011 -0.7925
vn -0.1076 0.5929 -0.7981
vn -0.1090 0.6011 -0.7917
vn -0.3041 0.5214 -0.7973
vn -0.3082 0.5286 -0.7909
vn -0.4642 0.3870 -0.7967
vn -0.4706 0.3924 -0.7903
vn -0.5688 0.2059 -0.7963
vn -0.5766 0.2088 -0.7899
vn -0.6051 -0.0000 -0.7962
vn -0.6134 -0.0000 -0.7898
vn -0.5688 -0.2059 -0.7963
vn -0.5766 -0.2088 -0.7899
vn -0.4642 -0.3870 -0.7967
vn -0.4706 -0.3924 -0.7903
vn -0.3041 -0.5214 -0.7973
vn -0.3082 -0.5286 -0.7909
vn -0.1076 -0.5929 -0.7980
vn -0.1090 -0.6011 -0.7917
vn 0.1794 -0.3168 -0.9314
vn 0.2766 -0.2351 -0.9318
vn 0.3402 -0.1252 -0.9320
vn 0.3623 -0.0000 -0.9321
vn 0.3402 0.1251 -0.9320
vn 0.2767 0.2352 -0.9318
vn 0.1794 0.3168 -0.9314
vn 0.0600 0.3603 -0.9309
vn -0.0671 0.3603 -0.9304
vn -0.1864 0.3168 -0.9300
vn -0.2838 0.2351 -0.9296
vn -0.3473 0.1251 -0.9294
vn -0.3693 -0.0000 -0.9293
vn -0.3473 -0.1251 -0.9294
vn -0.2838 -0.2352 -0.9296
vn -0.1864 -0.3168 -0.9300
vn -0.0671 -0.3602 -0.9304
vn 0.0600 -0.3603 -0.9309
vn 0.2798 -0.1925 -0.9406
vn 0.0845 -0.0535 -0.9950
vn 0.0883 -0.0501 -0.9948
vn 0.2789 0.1993 -0.9394
vn 0.3229 -0.0119 -0.9464
vn 0.0086 0.1190 -0.9929
vn 0.0672 0.0306 -0.9973
vn -0.0576 -0.1009 -0.9932
vn 0.1294 -0.3292 -0.9354
vn 0.0614 -0.3423 -0.9376
vn 0.0297 -0.0974 -0.9948
vn 0.0345 -0.0972 -0.9947
vn 0.4304 -0.0102 -0.9026
vn 0.0921 0.0854 -0.9921
vn 0.0735 -0.0217 -0.9971
vn -0.1126 -0.0373 -0.9929
vn -0.1433 -0.3800 -0.9138
vn -0.1685 -0.2853 -0.9435
vn -0.0410 -0.0960 -0.9945
vn -0.0370 -0.0992 -0.9944
vn 0.2905 -0.2696 -0.9181
vn 0.1207 0.0068 -0.9927
vn 0.0384 -0.0661 -0.9971
vn -0.1261 0.0308 -0.9915
vn -0.3375 -0.1917 -0.9216
vn -0.3192 -0.1207 -0.9400
vn -0.0941 -0.0497 -0.9943
vn -0.0931 -0.0546 -0.9942
vn 0.0365 -0.3660 -0.9299
vn 0.0961 -0.0980 -0.9905
vn -0.0159 -0.0798 -0.9967
vn -0.0728 0.1006 -0.9923
vn -0.3903 0.0643 -0.9184
vn -0.2691 0.1013 -0.9578
vn -0.1049 0.0201 -0.9943
vn -0.1073 0.0155 -0.9941
vn -0.2142 -0.3247 -0.9213
vn 0.0294 -0.1141 -0.9930
vn -0.0597 -0.0540 -0.9968
vn 0.0125 0.1154 -0.9932
vn -0.2240 0.2491 -0.9422
vn -0.1555 0.2928 -0.9434
vn -0.0670 0.0798 -0.9946
vn -0.0722 0.0780 -0.9943
vn -0.3009 -0.0681 -0.9512
vn -0.0569 -0.1089 -0.9924
vn -0.0816 -0.0039 -0.9967
vn 0.0831 0.0865 -0.9928
vn -0.0053 0.4115 -0.9114
vn -0.0064 0.1048 -0.9945
vn -0.3155 0.1447 -0.9378
vn -0.1227 -0.0470 -0.9913
vn -0.0683 0.0476 -0.9965
vn 0.1196 0.0077 -0.9928
vn 0.2055 0.2667 -0.9416
vn 0.0414 0.2965 -0.9541
vn -0.0014 0.1032 -0.9947
vn 0.2354 0.2002 -0.9511
vn 0.0643 0.0773 -0.9949
vn 0.0615 0.0819 -0.9947
vn -0.1491 0.3109 -0.9387
vn -0.1259 0.0407 -0.9912
vn -0.0226 0.0782 -0.9967
vn 0.0979 -0.0738 -0.9925
vn 0.3457 0.0651 -0.9361
vn 0.0980 0.0156 -0.9951
vn 0.0987 0.0209 -0.9949
vn 0.0363 0.3539 -0.9346
vn -0.0671 0.1158 -0.9910
vn 0.0333 0.0705 -0.9970
vn 0.0248 -0.1170 -0.9928
vn 0.3411 -0.2013 -0.9182
vn -0.1839 0.9828 0.0159
vn -0.3731 0.9276 -0.0162
vn -0.3602 0.9321 -0.0385
vn -0.8399 -0.5413 -0.0394
vn -0.1895 -0.9332 -0.3055
vn 0.1657 -0.9304 -0.3271
vn 0.1663 -0.9305 -0.3263
vn 0.5002 -0.8098 -0.3066
vn 0.5160 -0.8043 -0.2946
vn 0.9745 -0.2197 -0.0459
vn 0.0500 0.9986 -0.0180
vn -0.1844 0.9827 0.0159
vn -0.6290 0.7772 -0.0156
vn -0.7837 0.6208 0.0203
vn -0.7831 0.6215 0.0204
vn -0.8824 0.4703 -0.0120
vn -0.8751 0.4827 -0.0349
vn -0.3022 -0.9524 -0.0403
vn 0.4960 -0.8095 -0.3141
vn 0.7360 -0.5910 -0.3301
vn 0.7386 -0.5894 -0.3273
vn 0.8999 -0.3083 -0.3083
vn 0.9075 -0.2962 -0.2980
vn 0.8920 0.4495 -0.0476
vn -0.9720 0.2347 -0.0148
vn -0.9998 -0.0041 0.0181
vn -0.9998 -0.0037 0.0180
vn -0.9787 -0.2049 -0.0156
vn -0.9808 -0.1915 -0.0378
vn 0.3924 -0.9187 -0.0453
vn 0.9079 -0.2719 -0.3191
vn 0.9434 0.0042 -0.3315
vn 0.9435 0.0041 -0.3314
vn 0.9058 0.2797 -0.3182
vn 0.9056 0.2819 -0.3168
vn 0.3845 0.9221 -0.0436
vn -0.8791 -0.4764 -0.0149
vn -0.7558 -0.6545 0.0205
vn -0.7561 -0.6541 0.0206
vn -0.6296 -0.7768 -0.0145
vn -0.6402 -0.7673 -0.0376
vn 0.8901 -0.4534 -0.0466
vn 0.9738 -0.1584 -0.1632
vn 0.9765 -0.0385 -0.2122
vn 0.7457 0.5805 -0.3269
vn 0.7455 0.5797 -0.3289
vn 0.4638 0.8304 -0.3088
vn 0.4548 0.8385 -0.3001
vn -0.2899 0.9561 -0.0426
vn -0.3819 -0.9240 -0.0179
vn -0.1625 -0.9866 0.0160
vn -0.1631 -0.9865 0.0159
vn 0.0249 -0.9995 -0.0195
vn 0.0109 -0.9990 -0.0423
vn 0.9724 0.2284 -0.0477
vn 0.4654 0.8279 -0.3129
vn 0.1347 0.9349 -0.3284
vn 0.1329 0.9362 -0.3254
vn -0.2139 0.9293 -0.3009
vn -0.2317 0.9293 -0.2875
vn -0.8371 0.5455 -0.0404
vn 0.3145 -0.9490 -0.0212
vn 0.5085 -0.8609 0.0136
vn 0.5082 -0.8611 0.0137
vn 0.6488 -0.7607 -0.0221
vn 0.6376 -0.7690 -0.0450
vn 0.5952 0.8022 -0.0468
vn -0.1506 0.9399 -0.3065
vn -0.4515 0.8312 -0.3245
vn -0.4496 0.8314 -0.3265
vn -0.7044 0.6378 -0.3115
vn -0.7092 0.6344 -0.3076
vn -0.9922 -0.1178 -0.0402
vn 0.8480 -0.5296 -0.0205
vn 0.9441 -0.3293 0.0134
vn 0.9440 -0.3298 0.0135
vn 0.9881 -0.1523 -0.0203
vn 0.9852 -0.1662 -0.0431
vn -0.0495 0.9979 -0.0425
vn -0.7601 0.5705 -0.3110
vn -0.8862 0.3319 -0.3232
vn -0.8856 0.3327 -0.3241
vn -0.9473 0.0697 -0.3127
vn -0.9466 0.0722 -0.3144
vn -0.6796 -0.7325 -0.0402
vn 0.9900 0.1392 -0.0232
vn 0.9316 0.3633 0.0122
vn 0.9318 0.3627 0.0124
vn 0.8450 0.5344 -0.0212
vn 0.8516 0.5223 -0.0438
vn -0.6830 0.7292 -0.0411
vn -0.6831 0.7292 -0.0411
vn -0.9532 0.0337 -0.3006
vn -0.8954 -0.3072 -0.3222
vn -0.8952 -0.3070 -0.3230
vn -0.7299 -0.6113 -0.3059
vn -0.7250 -0.6208 -0.2984
vn -0.0558 -0.9975 -0.0437
vn 0.6842 0.7290 -0.0218
vn 0.4879 0.8728 0.0120
vn 0.4884 0.8725 0.0120
vn 0.2993 0.9540 -0.0197
vn 0.3119 0.9492 -0.0417
vn -0.9914 0.1253 -0.0388
vn -0.7516 -0.5860 -0.3028
vn -0.4656 -0.8230 -0.3253
vn -0.4648 -0.8241 -0.3237
vn -0.1144 -0.9467 -0.3012
vn -0.0946 -0.9536 -0.2858
vn 0.6030 -0.7965 -0.0451
vn 0.0987 -0.5774 -0.8104
vn 0.2901 -0.5078 -0.8112
vn 0.4461 -0.3769 -0.8117
vn 0.5479 -0.2005 -0.8121
vn 0.5833 -0.0000 -0.8123
vn 0.5479 0.2005 -0.8121
vn 0.4461 0.3769 -0.8117
vn 0.2901 0.5078 -0.8112
vn 0.0987 0.5774 -0.8105
vn -0.1049 0.5774 -0.8097
vn -0.2963 0.5078 -0.8090
vn -0.2962 0.5078 -0.8090
vn -0.4522 0.3769 -0.8084
vn -0.5541 0.2005 -0.8080
vn -0.5894 -0.0000 -0.8078
vn -0.5540 -0.2005 -0.8080
vn -0.4522 -0.3769 -0.8084
vn -0.2963 -0.5078 -0.8089
vn -0.1049 -0.5774 -0.8097
vn -0.0925 0.5060 -0.8575
vn -0.2602 0.4450 -0.8569
vn -0.3969 0.3303 -0.8564
vn -0.4861 0.1757 -0.8560
vn -0.5171 -0.0000 -0.8559
vn -0.4861 -0.1757 -0.8560
vn -0.3969 -0.3303 -0.8564
vn -0.2602 -0.4450 -0.8569
vn -0.0925 -0.5060 -0.8576
vn 0.0860 -0.5060 -0.8582
vn 0.2537 -0.4450 -0.8589
vn 0.3903 -0.3303 -0.8594
vn 0.4795 -0.1757 -0.8598
vn 0.5106 -0.0000 -0.8598
vn 0.4796 0.1758 -0.8597
vn 0.3903 0.3303 -0.8594
vn 0.2536 0.4450 -0.8589
vn 0.0860 0.5060 -0.8582
vn 0.0614 -0.3278 0.9428
vn 0.1700 -0.2882 0.9423
vn 0.2586 -0.2139 0.9420
vn 0.3163 -0.1138 0.9418
vn 0.3364 -0.0000 0.9417
vn 0.3163 0.1138 0.9418
vn 0.2586 0.2139 0.9420
vn 0.1700 0.2882 0.9423
vn 0.0614 0.3278 0.9428
vn -0.0542 0.3278 0.9432
vn -0.1628 0.2882 0.9436
vn -0.2514 0.2139 0.9439
vn -0.3092 0.1138 0.9442
vn -0.3292 -0.0000 0.9442
vn -0.3092 -0.1138 0.9442
vn -0.2514 -0.2139 0.9439
vn -0.1628 -0.2882 0.9436
vn -0.0542 -0.3278 0.9432
vn -0.0431 0.0813 0.9958
vn -0.0125 0.0924 0.9956
vn -0.0681 0.0603 0.9959
vn -0.0844 0.0321 0.9959
vn -0.0900 -0.0000 0.9959
vn -0.0844 -0.0321 0.9959
vn -0.0681 -0.0603 0.9959
vn -0.0431 -0.0813 0.9958
vn -0.0125 -0.0924 0.9956
vn 0.0201 -0.0924 0.9955
vn 0.0507 -0.0813 0.9954
vn 0.0757 -0.0603 0.9953
vn 0.0920 -0.0321 0.9952
vn 0.0976 -0.0000 0.9952
vn 0.0920 0.0321 0.9952
vn 0.0757 0.0603 0.9953
vn 0.0507 0.0813 0.9954
vn 0.0201 0.0924 0.9955
vn 0.3888 -0.6693 0.6331
vn 0.1366 -0.7611 0.6340
vn 0.5945 -0.4968 0.6323
vn 0.7287 -0.2643 0.6318
vn 0.7753 -0.0000 0.6316
vn 0.7287 0.2643 0.6318
vn 0.5945 0.4968 0.6323
vn 0.3888 0.6693 0.6331
vn 0.1366 0.7611 0.6340
vn -0.1318 0.7611 0.6351
vn -0.3840 0.6693 0.6360
vn -0.5897 0.4968 0.6368
vn -0.7238 0.2643 0.6373
vn -0.7705 -0.0000 0.6375
vn -0.7238 -0.2643 0.6373
vn -0.5896 -0.4968 0.6368
vn -0.3840 -0.6693 0.6360
vn -0.1318 -0.7611 0.6351
vn -0.0827 0.1497 0.9853
vn -0.0263 0.1702 0.9851
vn -0.1286 0.1111 0.9855
vn -0.1586 0.0591 0.9856
vn -0.1691 -0.0000 0.9856
vn -0.1586 -0.0591 0.9856
vn -0.1286 -0.1111 0.9855
vn -0.0827 -0.1497 0.9853
vn -0.0263 -0.1702 0.9851
vn 0.0337 -0.1702 0.9848
vn 0.0901 -0.1496 0.9846
vn 0.1361 -0.1111 0.9844
vn 0.1661 -0.0591 0.9843
vn 0.1766 -0.0000 0.9843
vn 0.1661 0.0591 0.9843
vn 0.1361 0.1111 0.9844
vn 0.0901 0.1497 0.9846
vn 0.0337 0.1702 0.9848
vn 0.0038 -0.0000 1.0000
vn -0.1633 0.2891 0.9433
vn -0.0544 0.3288 0.9428
vn -0.2521 0.2146 0.9436
vn -0.3101 0.1142 0.9438
vn -0.3302 -0.0000 0.9439
vn -0.3101 -0.1142 0.9438
vn -0.2521 -0.2146 0.9436
vn -0.1633 -0.2891 0.9433
vn -0.0544 -0.3288 0.9428
vn 0.0616 -0.3288 0.9424
vn 0.1705 -0.2891 0.9420
vn 0.2593 -0.2146 0.9417
vn 0.3173 -0.1142 0.9414
vn 0.3374 -0.0000 0.9414
vn 0.3173 0.1142 0.9414
vn 0.2593 0.2146 0.9417
vn 0.1705 0.2891 0.9420
vn 0.0616 0.3288 0.9424
vn -0.1167 0.6776 0.7261
vn -0.3413 0.5959 0.7270
vn -0.5243 0.4423 0.7277
vn -0.6438 0.2353 0.7281
vn -0.6853 -0.0000 0.7283
vn -0.6438 -0.2353 0.7281
vn -0.5243 -0.4423 0.7277
vn -0.3413 -0.5959 0.7270
vn -0.1167 -0.6776 0.7261
vn 0.1222 -0.6776 0.7252
vn 0.3468 -0.5959 0.7244
vn 0.5298 -0.4423 0.7237
vn 0.6493 -0.2353 0.7232
vn 0.6908 -0.0000 0.7230
vn 0.6493 0.2353 0.7232
vn 0.5298 0.4423 0.7237
vn 0.3468 0.5959 0.7244
vn 0.1222 0.6776 0.7252
vn -0.0619 0.0681 -0.9958
vn -0.0922 0.0148 -0.9956
vn -0.0810 -0.0454 -0.9957
vn -0.0337 -0.0844 -0.9959
vn 0.0274 -0.0839 -0.9961
vn 0.0742 -0.0441 -0.9963
vn 0.0843 0.0163 -0.9963
vn 0.0533 0.0690 -0.9962
vn -0.0044 0.0895 -0.9960
vn -0.1763 -0.9375 -0.3000
vn 0.0630 0.9971 -0.0417
vn -0.6181 0.7851 -0.0402
vn 0.5000 -0.8077 -0.3124
vn -0.9682 0.2471 -0.0383
vn 0.9086 -0.2704 -0.3184
vn -0.8850 -0.4638 -0.0400
vn -0.3940 -0.9182 -0.0420
vn 0.4588 0.8329 -0.3096
vn 0.3013 -0.9524 -0.0458
vn -0.1634 0.9394 -0.3013
vn 0.8400 -0.5407 -0.0449
vn -0.7606 0.5700 -0.3107
vn 0.9909 0.1258 -0.0476
vn -0.9552 0.0209 -0.2952
vn 0.6929 0.7196 -0.0451
vn -0.7434 -0.5994 -0.2966
vt 0.712099 0.174619
vt 0.696239 0.183305
vt 0.696249 0.174588
vt 0.680388 0.183284
vt 0.680398 0.174577
vt 0.664538 0.183284
vt 0.664538 0.174577
vt 0.648692 0.183284
vt 0.648692 0.174577
vt 0.632847 0.183284
vt 0.632847 0.174577
vt 0.616997 0.183284
vt 0.616986 0.174577
vt 0.601146 0.183304
vt 0.601136 0.174588
vt 0.585296 0.183325
vt 0.585285 0.174619
vt 0.569445 0.183356
vt 0.569435 0.174650
vt 0.553605 0.183407
vt 0.553595 0.174711
vt 0.537775 0.183479
vt 0.537816 0.174783
vt 0.521935 0.183541
vt 0.522264 0.174855
vt 0.506054 0.182914
vt 0.507215 0.174105
vt 0.790170 0.174105
vt 0.775450 0.183541
vt 0.775111 0.174866
vt 0.759610 0.183479
vt 0.759569 0.174794
vt 0.743780 0.183408
vt 0.743790 0.174711
vt 0.727940 0.183356
vt 0.727950 0.174650
vt 0.712089 0.183325
vt 0.696229 0.191446
vt 0.680388 0.191436
vt 0.664538 0.191436
vt 0.648692 0.191436
vt 0.632847 0.191435
vt 0.616997 0.191435
vt 0.601156 0.191446
vt 0.585306 0.191466
vt 0.569455 0.191487
vt 0.553595 0.191528
vt 0.537693 0.191569
vt 0.521678 0.191600
vt 0.505488 0.191384
vt 0.791331 0.182924
vt 0.775707 0.191600
vt 0.759692 0.191569
vt 0.743790 0.191528
vt 0.727929 0.191487
vt 0.712079 0.191466
vt 0.696229 0.199525
vt 0.680378 0.199515
vt 0.664538 0.199515
vt 0.648692 0.199515
vt 0.632847 0.199515
vt 0.617007 0.199515
vt 0.601156 0.199525
vt 0.585316 0.199546
vt 0.569466 0.199556
vt 0.553615 0.199577
vt 0.537713 0.199597
vt 0.521688 0.199577
vt 0.505488 0.199895
vt 0.791897 0.191394
vt 0.775697 0.199587
vt 0.759671 0.199597
vt 0.743770 0.199577
vt 0.727919 0.199556
vt 0.712069 0.199546
vt 0.696218 0.207666
vt 0.680378 0.207656
vt 0.664538 0.207656
vt 0.648692 0.207656
vt 0.632847 0.207656
vt 0.617007 0.207656
vt 0.601167 0.207666
vt 0.585327 0.207677
vt 0.569486 0.207687
vt 0.553646 0.207687
vt 0.537827 0.207687
vt 0.522007 0.207615
vt 0.506136 0.208406
vt 0.791897 0.199895
vt 0.775378 0.207625
vt 0.759558 0.207687
vt 0.743728 0.207697
vt 0.727898 0.207697
vt 0.712058 0.207677
vt 0.696208 0.216486
vt 0.680378 0.216476
vt 0.664538 0.216476
vt 0.648692 0.216476
vt 0.632847 0.216476
vt 0.617007 0.216476
vt 0.601167 0.216486
vt 0.585327 0.216496
vt 0.569497 0.216496
vt 0.553667 0.216496
vt 0.537898 0.216476
vt 0.522398 0.216404
vt 0.507452 0.217318
vt 0.791249 0.208417
vt 0.774977 0.216404
vt 0.759486 0.216476
vt 0.743718 0.216496
vt 0.727888 0.216506
vt 0.712048 0.216496
vt 0.844928 0.393829
vt 0.857994 0.383488
vt 0.859683 0.393872
vt 0.868696 0.379870
vt 0.873663 0.389136
vt 0.877646 0.372962
vt 0.885348 0.380127
vt 0.883878 0.363539
vt 0.893490 0.367830
vt 0.886720 0.352607
vt 0.897198 0.353537
vt 0.885865 0.341334
vt 0.896084 0.338829
vt 0.881406 0.330955
vt 0.890262 0.325266
vt 0.873824 0.322583
vt 0.880357 0.314330
vt 0.863929 0.317109
vt 0.867442 0.307195
vt 0.852761 0.315149
vt 0.852910 0.304630
vt 0.841642 0.316897
vt 0.838324 0.306912
vt 0.831640 0.322177
vt 0.825278 0.313796
vt 0.823865 0.330440
vt 0.815159 0.324493
vt 0.808896 0.338561
vt 0.818179 0.352360
vt 0.807708 0.353234
vt 0.820948 0.363326
vt 0.811308 0.367540
vt 0.827116 0.372801
vt 0.819362 0.379903
vt 0.836014 0.379756
vt 0.830989 0.388996
vt 0.846690 0.383451
vt 0.847685 0.377627
vt 0.857043 0.377663
vt 0.865909 0.374657
vt 0.873324 0.368945
vt 0.878487 0.361140
vt 0.880833 0.352079
vt 0.880130 0.342742
vt 0.876441 0.334145
vt 0.870157 0.327206
vt 0.861965 0.322682
vt 0.852761 0.321052
vt 0.843504 0.322496
vt 0.835218 0.326853
vt 0.828832 0.333664
vt 0.824847 0.342591
vt 0.824058 0.351894
vt 0.826355 0.360963
vt 0.831470 0.368809
vt 0.838842 0.374567
vt 0.653120 0.341841
vt 0.649861 0.350374
vt 0.647784 0.349140
vt 0.646263 0.358135
vt 0.643980 0.357334
vt 0.644268 0.366442
vt 0.641863 0.366113
vt 0.643939 0.374995
vt 0.641554 0.375149
vt 0.645306 0.383435
vt 0.642932 0.384072
vt 0.648298 0.391443
vt 0.646129 0.392523
vt 0.652791 0.398681
vt 0.650899 0.400202
vt 0.658547 0.404839
vt 0.657170 0.406782
vt 0.679976 0.335268
vt 0.673993 0.342279
vt 0.672461 0.340398
vt 0.668093 0.348416
vt 0.666191 0.346915
vt 0.663487 0.355633
vt 0.661421 0.354584
vt 0.660177 0.363538
vt 0.657751 0.362880
vt 0.658800 0.371988
vt 0.656261 0.371875
vt 0.659591 0.380520
vt 0.657329 0.380880
vt 0.661781 0.388795
vt 0.659509 0.389648
vt 0.665533 0.396443
vt 0.663497 0.397769
vt 0.670652 0.403135
vt 0.669090 0.404945
vt 0.659863 0.335745
vt 0.654888 0.343496
vt 0.655155 0.353499
vt 0.652061 0.360150
vt 0.650344 0.367285
vt 0.650067 0.374615
vt 0.651238 0.381862
vt 0.653808 0.388730
vt 0.657694 0.394959
vt 0.662649 0.400336
vt 0.680911 0.337468
vt 0.678002 0.346946
vt 0.672903 0.352220
vt 0.668915 0.358388
vt 0.666119 0.365131
vt 0.664967 0.372286
vt 0.665595 0.379554
vt 0.667527 0.386636
vt 0.670775 0.393215
vt 0.675186 0.399064
vt 0.661097 0.337801
vt 0.659493 0.347578
vt 0.656060 0.354023
vt 0.653048 0.360500
vt 0.651382 0.367429
vt 0.651105 0.374553
vt 0.652246 0.381595
vt 0.654754 0.388267
vt 0.658537 0.394332
vt 0.663441 0.399647
vt 0.683985 0.342731
vt 0.678701 0.347738
vt 0.673726 0.352878
vt 0.669850 0.358850
vt 0.667126 0.365398
vt 0.666005 0.372348
vt 0.666633 0.379399
vt 0.668504 0.386276
vt 0.671680 0.392681
vt 0.676039 0.398448
vt 0.664849 0.342592
vt 0.660295 0.348267
vt 0.476238 0.953445
vt 0.478574 0.942635
vt 0.482526 0.951945
vt 0.493106 0.941953
vt 0.486680 0.952102
vt 0.486680 0.940614
vt 0.484365 0.951376
vt 0.480503 0.942111
vt 0.428222 0.955844
vt 0.421972 0.965856
vt 0.421972 0.954240
vt 0.419649 0.965198
vt 0.415578 0.955762
vt 0.426918 0.965358
vt 0.433313 0.955240
vt 0.433313 0.966758
vt 0.435782 0.956295
vt 0.439667 0.965346
vt 0.450857 0.955499
vt 0.444477 0.965636
vt 0.444477 0.954008
vt 0.442129 0.964871
vt 0.438058 0.955487
vt 0.449192 0.965384
vt 0.455718 0.955261
vt 0.455588 0.966869
vt 0.458075 0.956121
vt 0.462073 0.965563
vt 0.472641 0.955862
vt 0.466333 0.965856
vt 0.466333 0.954426
vt 0.463997 0.965174
vt 0.460032 0.955864
vt 0.470448 0.966248
vt 0.476859 0.956118
vt 0.476859 0.967695
vt 0.479268 0.957016
vt 0.483206 0.966131
vt 0.492957 0.956029
vt 0.486644 0.966221
vt 0.486644 0.954464
vt 0.484304 0.965353
vt 0.480363 0.956019
vt 0.469960 0.951930
vt 0.476238 0.941795
vt 0.701944 0.349026
vt 0.700535 0.351606
vt 0.699549 0.349910
vt 0.699107 0.352819
vt 0.697585 0.351565
vt 0.698171 0.354453
vt 0.696310 0.353806
vt 0.697842 0.356288
vt 0.695868 0.356288
vt 0.698161 0.358134
vt 0.696300 0.358771
vt 0.699096 0.359758
vt 0.697585 0.361012
vt 0.700525 0.360971
vt 0.699549 0.362677
vt 0.702283 0.361618
vt 0.701933 0.363551
vt 0.704154 0.361608
vt 0.704482 0.363551
vt 0.705912 0.360961
vt 0.706909 0.362657
vt 0.707340 0.359758
vt 0.708872 0.361002
vt 0.708276 0.358134
vt 0.710136 0.358802
vt 0.708595 0.356288
vt 0.710568 0.356288
vt 0.708276 0.354453
vt 0.710126 0.353785
vt 0.707340 0.352829
vt 0.708872 0.351575
vt 0.705912 0.351616
vt 0.706909 0.349920
vt 0.704154 0.350969
vt 0.704482 0.349036
vt 0.702283 0.350969
vt 0.701399 0.353107
vt 0.700422 0.353929
vt 0.699785 0.355040
vt 0.699569 0.356288
vt 0.699785 0.357548
vt 0.700422 0.358658
vt 0.701389 0.359480
vt 0.702581 0.359912
vt 0.703856 0.359912
vt 0.705048 0.359470
vt 0.706024 0.358648
vt 0.706652 0.357548
vt 0.706878 0.356288
vt 0.706652 0.355040
vt 0.706024 0.353929
vt 0.705048 0.353107
vt 0.703856 0.352665
vt 0.702581 0.352665
vt 0.675599 0.365462
vt 0.675717 0.367360
vt 0.674714 0.366995
vt 0.675480 0.368736
vt 0.674408 0.368736
vt 0.675717 0.370107
vt 0.674715 0.370479
vt 0.676413 0.371320
vt 0.675595 0.372006
vt 0.677486 0.372216
vt 0.676953 0.373146
vt 0.678800 0.372695
vt 0.678613 0.373750
vt 0.680199 0.372701
vt 0.680384 0.373752
vt 0.681509 0.372218
vt 0.682048 0.373147
vt 0.682579 0.371320
vt 0.683401 0.372011
vt 0.683282 0.370113
vt 0.684286 0.370478
vt 0.683520 0.368736
vt 0.684591 0.368736
vt 0.683276 0.367358
vt 0.684284 0.366994
vt 0.682580 0.366145
vt 0.683398 0.365459
vt 0.681507 0.365249
vt 0.682047 0.364327
vt 0.680199 0.364778
vt 0.680387 0.363723
vt 0.678801 0.364772
vt 0.678616 0.363721
vt 0.677490 0.365255
vt 0.676952 0.364326
vt 0.676420 0.366153
vt 0.676897 0.367791
vt 0.676726 0.368736
vt 0.676891 0.369685
vt 0.677373 0.370515
vt 0.678112 0.371141
vt 0.679017 0.371468
vt 0.679979 0.371464
vt 0.680882 0.371135
vt 0.681622 0.370515
vt 0.682103 0.369682
vt 0.682273 0.368736
vt 0.682108 0.367787
vt 0.681620 0.366950
vt 0.680887 0.366332
vt 0.679983 0.366005
vt 0.679020 0.366008
vt 0.678110 0.366330
vt 0.677371 0.366950
vt 0.678030 0.367496
vt 0.677702 0.368080
vt 0.677579 0.368736
vt 0.677696 0.369399
vt 0.678025 0.369967
vt 0.678534 0.370398
vt 0.679170 0.370628
vt 0.679834 0.370621
vt 0.680459 0.370391
vt 0.680963 0.369969
vt 0.681297 0.369393
vt 0.681420 0.368736
vt 0.681303 0.368074
vt 0.680967 0.367498
vt 0.680465 0.367075
vt 0.679829 0.366845
vt 0.679165 0.366852
vt 0.678534 0.367074
vt 0.678492 0.367886
vt 0.678912 0.368244
vt 0.678783 0.368473
vt 0.678260 0.368282
vt 0.678731 0.368736
vt 0.678184 0.368736
vt 0.678781 0.368998
vt 0.678261 0.369193
vt 0.678907 0.369227
vt 0.678482 0.369584
vt 0.679117 0.369399
vt 0.678835 0.369877
vt 0.679372 0.369494
vt 0.679273 0.370032
vt 0.679635 0.369488
vt 0.679732 0.370036
vt 0.679883 0.369401
vt 0.680162 0.369877
vt 0.680087 0.369229
vt 0.680508 0.369586
vt 0.680216 0.369000
vt 0.680739 0.369191
vt 0.680268 0.368736
vt 0.680815 0.368736
vt 0.680219 0.368475
vt 0.680739 0.368280
vt 0.680086 0.368237
vt 0.680503 0.367888
vt 0.679882 0.368074
vt 0.680164 0.367596
vt 0.679628 0.367979
vt 0.679726 0.367441
vt 0.679365 0.367985
vt 0.679267 0.367437
vt 0.679117 0.368072
vt 0.678838 0.367596
vt 0.679249 0.368736
vt 0.679233 0.368736
vt 0.679240 0.368736
vt 0.679292 0.368904
vt 0.679359 0.368968
vt 0.679500 0.368998
vt 0.679500 0.368999
vt 0.679629 0.368970
vt 0.679708 0.368904
vt 0.679751 0.368736
vt 0.679766 0.368736
vt 0.679752 0.368736
vt 0.679701 0.368561
vt 0.679634 0.368497
vt 0.679500 0.368475
vt 0.679500 0.368474
vt 0.679371 0.368503
vt 0.679292 0.368569
vt 0.719398 0.369914
vt 0.722719 0.363407
vt 0.723130 0.363561
vt 0.723695 0.356828
vt 0.724343 0.356288
vt 0.711997 0.357445
vt 0.710733 0.359018
vt 0.710661 0.361012
vt 0.719265 0.369081
vt 0.707032 0.377089
vt 0.713786 0.374509
vt 0.713981 0.374848
vt 0.718761 0.369924
vt 0.709252 0.362801
vt 0.707155 0.363088
vt 0.705850 0.364610
vt 0.707371 0.376493
vt 0.692682 0.374643
vt 0.699713 0.376729
vt 0.699662 0.377048
vt 0.706497 0.376626
vt 0.703598 0.365155
vt 0.701841 0.364075
vt 0.699723 0.364661
vt 0.693381 0.374365
vt 0.683389 0.363612
vt 0.687398 0.369667
vt 0.687079 0.369934
vt 0.692569 0.373882
vt 0.697698 0.363623
vt 0.697153 0.361372
vt 0.695262 0.360385
vt 0.684078 0.363849
vt 0.683389 0.348995
vt 0.682495 0.356288
vt 0.682197 0.356288
vt 0.683780 0.362986
vt 0.694625 0.358154
vt 0.695272 0.356288
vt 0.694604 0.354423
vt 0.683862 0.349766
vt 0.692682 0.337945
vt 0.687470 0.342992
vt 0.687110 0.342694
vt 0.684314 0.348677
vt 0.695396 0.352233
vt 0.697164 0.351205
vt 0.697791 0.349129
vt 0.692579 0.338613
vt 0.699662 0.335529
vt 0.693473 0.338253
vt 0.699836 0.348070
vt 0.701862 0.348563
vt 0.703609 0.347371
vt 0.706364 0.336074
vt 0.707032 0.335488
vt 0.699723 0.335889
vt 0.719409 0.342684
vt 0.713837 0.338006
vt 0.713981 0.337760
vt 0.707454 0.336228
vt 0.705870 0.347844
vt 0.707124 0.349550
vt 0.709304 0.349735
vt 0.718576 0.342673
vt 0.722821 0.349149
vt 0.723161 0.349026
vt 0.719203 0.343496
vt 0.710804 0.351421
vt 0.710661 0.353590
vt 0.712059 0.355152
vt 0.723788 0.355841
vt 0.683170 0.382483
vt 0.690607 0.381136
vt 0.689424 0.384663
vt 0.700563 0.383038
vt 0.700954 0.386824
vt 0.703016 0.383203
vt 0.703016 0.387266
vt 0.705552 0.383038
vt 0.705109 0.386854
vt 0.715467 0.381310
vt 0.716598 0.384859
vt 0.721505 0.379089
vt 0.722862 0.382792
vt 0.716437 0.389790
vt 0.721461 0.383959
vt 0.722821 0.387650
vt 0.683170 0.387398
vt 0.690501 0.385967
vt 0.689306 0.389490
vt 0.700373 0.387894
vt 0.700744 0.391702
vt 0.702792 0.388053
vt 0.702746 0.392110
vt 0.705338 0.387894
vt 0.704876 0.391712
vt 0.715325 0.386240
vt 0.689636 0.400067
vt 0.684105 0.405238
vt 0.683170 0.401404
vt 0.722714 0.406286
vt 0.715087 0.406728
vt 0.716660 0.403346
vt 0.705250 0.403706
vt 0.705281 0.399872
vt 0.702942 0.403285
vt 0.703369 0.399255
vt 0.700480 0.403130
vt 0.701354 0.399399
vt 0.690355 0.403727
vt 0.689750 0.404709
vt 0.684065 0.409849
vt 0.683170 0.406014
vt 0.722605 0.411504
vt 0.715018 0.411813
vt 0.716663 0.408471
vt 0.705653 0.408728
vt 0.705766 0.404894
vt 0.703042 0.408142
vt 0.703607 0.404123
vt 0.700513 0.407968
vt 0.701459 0.404246
vt 0.690418 0.408369
vt 0.682013 0.381567
vt 0.677203 0.375585
vt 0.681088 0.374917
vt 0.673358 0.414184
vt 0.673523 0.406536
vt 0.676760 0.408366
vt 0.677243 0.396997
vt 0.681067 0.397316
vt 0.677871 0.394550
vt 0.681859 0.395393
vt 0.678179 0.392032
vt 0.681838 0.393173
vt 0.678323 0.382030
vt 0.689832 0.392927
vt 0.683900 0.397831
vt 0.683170 0.393955
vt 0.722793 0.401286
vt 0.715114 0.401173
vt 0.716902 0.397914
vt 0.705501 0.397564
vt 0.705778 0.393740
vt 0.702982 0.396947
vt 0.703815 0.392958
vt 0.700700 0.396649
vt 0.701810 0.392979
vt 0.690336 0.396608
vt 0.675950 0.418781
vt 0.682356 0.414689
vt 0.682572 0.418627
vt 0.644715 0.406741
vt 0.652210 0.407615
vt 0.650051 0.410648
vt 0.661196 0.412314
vt 0.660456 0.416077
vt 0.663479 0.413167
vt 0.662266 0.417033
vt 0.665802 0.413774
vt 0.664250 0.417280
vt 0.675919 0.415059
vt 0.671490 0.387510
vt 0.677364 0.392481
vt 0.673675 0.393884
vt 0.673762 0.353985
vt 0.675115 0.361487
vt 0.671577 0.360311
vt 0.673252 0.371275
vt 0.669492 0.371679
vt 0.673117 0.373935
vt 0.669054 0.373815
vt 0.673252 0.376338
vt 0.669455 0.375896
vt 0.675037 0.386355
vt 0.716729 0.379789
vt 0.721631 0.373943
vt 0.723038 0.377629
vt 0.683170 0.377721
vt 0.690628 0.376302
vt 0.689474 0.379847
vt 0.700611 0.378143
vt 0.701034 0.381920
vt 0.703104 0.378272
vt 0.703104 0.382343
vt 0.705650 0.378143
vt 0.705249 0.381892
vt 0.715564 0.376245
vt 0.652924 0.341626
vt 0.647537 0.348986
vt 0.643713 0.357241
vt 0.641585 0.366072
vt 0.641308 0.375160
vt 0.642623 0.384155
vt 0.645882 0.392656
vt 0.650693 0.400398
vt 0.679883 0.335001
vt 0.672297 0.340162
vt 0.665965 0.346730
vt 0.661215 0.354492
vt 0.657422 0.362797
vt 0.655911 0.371854
vt 0.657124 0.380911
vt 0.659242 0.389751
vt 0.663271 0.397944
vt 0.659740 0.335488
vt 0.847751 0.377251
vt 0.856984 0.377288
vt 0.865733 0.374320
vt 0.873046 0.368686
vt 0.878130 0.360981
vt 0.880454 0.352046
vt 0.879761 0.342836
vt 0.876114 0.334349
vt 0.869922 0.327507
vt 0.861839 0.323042
vt 0.852761 0.321434
vt 0.843626 0.322854
vt 0.835457 0.327150
vt 0.829145 0.333871
vt 0.825219 0.342689
vt 0.824439 0.351872
vt 0.826703 0.360813
vt 0.831743 0.368549
vt 0.839025 0.374232
vt 0.975340 0.314254
vt 0.959037 0.316782
vt 0.961976 0.307531
vt 0.985958 0.324800
vt 0.969666 0.322138
vt 0.992774 0.338112
vt 0.978115 0.330526
vt 0.995117 0.352884
vt 0.983543 0.341124
vt 0.992763 0.367666
vt 0.985414 0.352884
vt 0.985938 0.380978
vt 0.983543 0.364654
vt 0.975319 0.391514
vt 0.978105 0.375252
vt 0.961956 0.398237
vt 0.969655 0.383640
vt 0.947164 0.400477
vt 0.959016 0.388985
vt 0.932403 0.398000
vt 0.947236 0.390763
vt 0.919142 0.391072
vt 0.935486 0.388800
vt 0.908719 0.380371
vt 0.924940 0.383280
vt 0.902058 0.367080
vt 0.916603 0.374738
vt 0.908729 0.325376
vt 0.911299 0.341792
vt 0.902058 0.338657
vt 0.919163 0.314675
vt 0.916614 0.331009
vt 0.932423 0.307747
vt 0.924950 0.322467
vt 0.947185 0.305290
vt 0.935507 0.316957
vt 0.947257 0.314994
vt 0.965328 0.328162
vt 0.956775 0.323865
vt 0.972112 0.334915
vt 0.976481 0.343437
vt 0.977981 0.352884
vt 0.976470 0.362341
vt 0.972112 0.370863
vt 0.965317 0.377606
vt 0.956765 0.381903
vt 0.947298 0.383331
vt 0.937851 0.381759
vt 0.929370 0.377328
vt 0.922678 0.370493
vt 0.918495 0.361930
vt 0.922678 0.335254
vt 0.918495 0.343828
vt 0.929380 0.328429
vt 0.937871 0.323999
vt 0.947308 0.322426
vt 0.781363 0.278554
vt 0.772769 0.275418
vt 0.772851 0.274966
vt 0.788374 0.284424
vt 0.781599 0.278142
vt 0.792938 0.292349
vt 0.788723 0.284126
vt 0.794532 0.301350
vt 0.793380 0.292185
vt 0.792938 0.310350
vt 0.794994 0.301350
vt 0.788374 0.318276
vt 0.793380 0.310514
vt 0.781363 0.324156
vt 0.788723 0.318574
vt 0.772769 0.327281
vt 0.781599 0.324557
vt 0.763630 0.327281
vt 0.772851 0.327733
vt 0.755036 0.324156
vt 0.763548 0.327733
vt 0.748035 0.318276
vt 0.754799 0.324557
vt 0.743460 0.310350
vt 0.747675 0.318574
vt 0.741877 0.301350
vt 0.743019 0.310514
vt 0.743460 0.292349
vt 0.741405 0.301350
vt 0.748035 0.284423
vt 0.743019 0.292185
vt 0.755036 0.278554
vt 0.747676 0.284125
vt 0.763630 0.275418
vt 0.754799 0.278142
vt 0.763548 0.274966
vt 0.964844 0.328840
vt 0.956518 0.324656
vt 0.971444 0.335398
vt 0.975689 0.343694
vt 0.977149 0.352884
vt 0.975679 0.362084
vt 0.971433 0.370369
vt 0.964824 0.376927
vt 0.956508 0.381111
vt 0.947308 0.382509
vt 0.938118 0.380967
vt 0.929874 0.376670
vt 0.923357 0.370030
vt 0.919297 0.361714
vt 0.923367 0.335717
vt 0.919297 0.344033
vt 0.929884 0.329087
vt 0.938139 0.324790
vt 0.947318 0.323259
vt 0.780222 0.280538
vt 0.772378 0.277680
vt 0.786616 0.285904
vt 0.790790 0.293131
vt 0.792239 0.301350
vt 0.790790 0.309568
vt 0.786616 0.316795
vt 0.780222 0.322162
vt 0.772378 0.325019
vt 0.764031 0.325019
vt 0.756187 0.322162
vt 0.749793 0.316795
vt 0.745619 0.309568
vt 0.744170 0.301350
vt 0.745619 0.293131
vt 0.749793 0.285904
vt 0.756187 0.280538
vt 0.764031 0.277680
vt 0.772214 0.278584
vt 0.779759 0.281329
vt 0.785907 0.286490
vt 0.789916 0.293449
vt 0.791314 0.301350
vt 0.789916 0.309260
vt 0.785907 0.316209
vt 0.779759 0.321370
vt 0.772214 0.324115
vt 0.764185 0.324115
vt 0.756640 0.321370
vt 0.750492 0.316209
vt 0.746483 0.309260
vt 0.745085 0.301350
vt 0.746483 0.293449
vt 0.750492 0.286490
vt 0.756640 0.281329
vt 0.764185 0.278584
vt 0.789933 0.217318
vt 0.819127 0.341057
vt 0.684612 0.343574
vt 0.665579 0.343342
vt 0.489090 0.951232
vt 0.424238 0.965179
vt 0.430929 0.956097
vt 0.446906 0.964674
vt 0.453421 0.955931
vt 0.468654 0.965230
vt 0.474516 0.956921
vt 0.489012 0.965269
vt 0.473880 0.942673
vt 0.684590 0.378811
vt 0.684591 0.383679
vt 0.720874 0.409771
vt 0.720703 0.414958
vt 0.670027 0.412087
vt 0.720727 0.404648
vt 0.647141 0.403636
vt 0.677450 0.355399
vt 0.684556 0.374029
vt 0.657026 0.407028
vt 0.668915 0.405171
vt 0.911299 0.363955
s 1
g off
g llanta_derecha_1_Material_#25
usemtl Material_#25
f 1/1/1 3/2/2 2/3/3
f 2/3/3 6/4/4 5/5/5
f 5/5/5 8/6/6 7/7/7
f 7/7/7 10/8/8 9/9/9
f 9/9/9 12/10/10 11/11/11
f 11/11/11 14/12/12 13/13/13
f 13/13/13 16/14/14 15/15/15
f 15/15/15 18/16/16 17/17/17
f 17/17/17 20/18/18 19/19/19
f 19/19/19 22/20/20 21/21/21
f 21/21/21 24/22/22 23/23/23
f 23/23/23 26/24/24 25/25/25
f 25/25/25 28/26/26 27/27/27
f 27/28/27 30/29/28 29/30/29
f 29/30/29 32/31/30 31/32/31
f 31/32/31 34/33/32 33/34/33
f 33/34/33 36/35/34 35/36/35
f 35/36/35 4/37/36 1/1/1
f 4/37/36 37/38/37 3/2/2
f 3/2/2 39/39/38 6/4/4
f 6/4/4 40/40/39 8/6/6
f 8/6/6 41/41/40 10/8/8
f 10/8/8 42/42/41 12/10/10
f 12/10/10 43/43/42 14/12/12
f 14/12/12 44/44/43 16/14/14
f 16/14/14 45/45/44 18/16/16
f 18/16/16 46/46/45 20/18/18
f 20/18/18 47/47/46 22/20/20
f 22/20/20 48/48/47 24/22/22
f 24/22/22 49/49/48 26/24/24
f 26/24/24 50/50/49 28/26/26
f 28/51/26 51/52/50 30/29/28
f 30/29/28 52/53/51 32/31/30
f 32/31/30 53/54/52 34/33/32
f 34/33/32 54/55/53 36/35/34
f 36/35/34 38/56/54 4/37/36
f 38/56/54 55/57/55 37/38/37
f 37/38/37 57/58/56 39/39/38
f 39/39/38 58/59/57 40/40/39
f 40/40/39 59/60/58 41/41/40
f 41/41/40 60/61/59 42/42/41
f 42/42/41 61/62/60 43/43/42
f 43/43/42 62/63/61 44/44/43
f 44/44/43 63/64/62 45/45/44
f 45/45/44 64/65/63 46/46/45
f 46/46/45 65/66/64 47/47/46
f 47/47/46 66/67/65 48/48/47
f 48/48/47 67/68/66 49/49/48
f 49/49/48 68/69/67 50/50/49
f 50/70/49 69/71/68 51/52/50
f 51/52/50 70/72/69 52/53/51
f 52/53/51 71/73/70 53/54/52
f 53/54/52 72/74/71 54/55/53
f 54/55/53 56/75/72 38/56/54
f 56/75/72 73/76/73 55/57/55
f 55/57/55 75/77/74 57/58/56
f 57/58/56 76/78/75 58/59/57
f 58/59/57 77/79/76 59/60/58
f 59/60/58 78/80/77 60/61/59
f 60/61/59 79/81/78 61/62/60
f 61/62/60 80/82/79 62/63/61
f 62/63/61 81/83/80 63/64/62
f 63/64/62 82/84/81 64/65/63
f 64/65/63 83/85/82 65/66/64
f 65/66/64 84/86/83 66/67/65
f 66/67/65 85/87/84 67/68/66
f 67/68/66 86/88/85 68/69/67
f 68/89/67 87/90/86 69/71/68
f 69/71/68 88/91/87 70/72/69
f 70/72/69 89/92/88 71/73/70
f 71/73/70 90/93/89 72/74/71
f 72/74/71 74/94/90 56/75/72
f 74/94/90 91/95/91 73/76/73
f 73/76/73 93/96/92 75/77/74
f 75/77/74 94/97/93 76/78/75
f 76/78/75 95/98/94 77/79/76
f 77/79/76 96/99/95 78/80/77
f 78/80/77 97/100/96 79/81/78
f 79/81/78 98/101/97 80/82/79
f 80/82/79 99/102/98 81/83/80
f 81/83/80 100/103/99 82/84/81
f 82/84/81 101/104/100 83/85/82
f 83/85/82 102/105/101 84/86/83
f 84/86/83 103/106/102 85/87/84
f 85/87/84 104/107/103 86/88/85
f 86/108/85 105/109/104 87/90/86
f 87/90/86 106/110/105 88/91/87
f 88/91/87 107/111/106 89/92/88
f 89/92/88 108/112/107 90/93/89
f 90/93/89 92/113/108 74/94/90
f 92/114/108 109/115/109 91/116/91
f 91/116/91 111/117/110 93/118/92
f 93/118/92 112/119/111 94/120/93
f 94/120/93 113/121/112 95/122/94
f 95/122/94 114/123/113 96/124/95
f 96/124/95 115/125/114 97/126/96
f 97/126/96 116/127/115 98/128/97
f 98/128/97 117/129/116 99/130/98
f 99/130/98 118/131/117 100/132/99
f 100/132/99 119/133/118 101/134/100
f 101/134/100 120/135/119 102/136/101
f 102/136/101 121/137/120 103/138/102
f 103/138/102 122/139/121 104/140/103
f 104/141/103 123/142/122 105/143/104
f 105/143/104 124/144/123 106/145/105
f 106/145/105 125/146/124 107/147/106
f 107/147/106 126/148/125 108/149/107
f 108/149/107 110/150/126 92/114/108
f 128/151/127 127/152/128 109/115/109
f 127/152/128 129/153/129 111/117/110
f 129/153/129 130/154/130 112/119/111
f 130/154/130 131/155/131 113/121/112
f 131/155/131 132/156/132 114/123/113
f 132/156/132 133/157/133 115/125/114
f 133/157/133 134/158/134 116/127/115
f 134/158/134 135/159/135 117/129/116
f 135/159/135 136/160/136 118/131/117
f 136/160/136 137/161/137 119/133/118
f 137/161/137 138/162/138 120/135/119
f 138/162/138 139/163/139 121/137/120
f 139/163/139 140/164/140 122/139/121
f 140/165/140 141/166/141 123/142/122
f 141/166/141 142/167/142 124/144/123
f 142/167/142 143/168/143 125/146/124
f 143/168/143 144/169/144 126/148/125
f 144/169/144 128/151/127 110/150/126
s 2
f 145/170/145 147/171/146 146/172/147
f 146/172/147 150/173/148 149/174/149
f 149/174/149 152/175/150 151/176/151
f 151/176/151 154/177/152 153/178/153
f 153/178/153 156/179/154 155/180/155
f 155/180/155 158/181/156 157/182/157
f 157/182/157 160/183/158 159/184/159
f 159/184/159 162/185/160 161/186/161
f 161/187/161 164/188/162 163/189/163
f 163/189/163 166/190/164 165/191/165
f 165/191/165 168/192/166 167/193/167
f 167/193/167 170/194/168 169/195/169
f 169/195/169 172/196/170 171/197/171
f 171/197/171 174/198/172 173/199/173
f 173/199/173 176/200/174 175/201/175
f 175/201/175 178/202/176 177/203/177
f 177/203/177 180/204/178 179/205/179
f 179/206/179 148/207/180 145/170/145
f 148/207/180 181/208/181 147/171/146
f 147/171/146 183/209/182 150/173/148
f 150/173/148 184/210/183 152/175/150
f 152/175/150 185/211/184 154/177/152
f 154/177/152 186/212/185 156/179/154
f 156/179/154 187/213/186 158/181/156
f 158/181/156 188/214/187 160/183/158
f 160/183/158 189/215/188 162/185/160
f 162/216/160 190/217/189 164/188/162
f 164/188/162 191/218/190 166/190/164
f 166/190/164 192/219/191 168/192/166
f 168/192/166 193/220/192 170/194/168
f 170/194/168 194/221/193 172/196/170
f 172/196/170 195/222/194 174/198/172
f 174/198/172 196/223/195 176/200/174
f 176/200/174 197/224/196 178/202/176
f 178/202/176 198/225/197 180/204/178
f 180/226/178 182/227/198 148/207/180
f 182/227/198 199/228/199 181/208/181
f 181/208/181 201/229/200 183/209/182
f 183/209/182 202/230/201 184/210/183
f 184/210/183 203/231/202 185/211/184
f 185/211/184 204/232/203 186/212/185
f 186/212/185 205/233/204 187/213/186
f 187/213/186 206/234/205 188/214/187
f 188/214/187 207/235/206 189/215/188
f 189/236/188 208/237/207 190/217/189
f 190/217/189 209/238/208 191/218/190
f 191/218/190 210/239/209 192/219/191
f 192/219/191 211/240/210 193/220/192
f 193/220/192 212/241/211 194/221/193
f 194/221/193 213/242/212 195/222/194
f 195/222/194 214/243/213 196/223/195
f 196/223/195 215/244/214 197/224/196
f 197/224/196 216/245/215 198/225/197
f 198/246/197 200/247/216 182/227/198
s 3
f 217/248/217 219/249/218 218/250/219
s 4
f 221/251/220 223/252/221 222/253/222
f 222/253/222 226/254/223 225/255/224
s 5
f 227/256/225 229/257/226 228/258/227
f 228/258/227 232/259/228 231/260/229
s 6
f 233/261/230 235/262/231 234/263/232
f 234/263/232 238/264/233 237/265/234
s 7
f 239/266/235 241/267/236 240/268/237
f 240/268/237 244/269/238 243/270/239
s 8
f 245/271/240 247/272/241 246/273/242
f 246/273/242 250/274/243 249/275/244
s 9
f 251/276/245 253/277/246 252/278/247
f 252/278/247 256/279/248 255/280/249
s 10
f 257/281/250 259/282/251 258/283/252
f 258/283/252 262/284/253 261/285/254
s 11
f 263/286/255 265/287/256 264/288/257
f 264/288/257 268/289/258 267/290/259
s 3
f 269/291/260 220/292/261 217/248/217
s 12
f 271/293/262 273/294/263 272/295/264
f 272/295/264 276/296/265 275/297/266
f 275/297/266 278/298/267 277/299/268
f 277/299/268 280/300/269 279/301/270
f 279/301/270 282/302/271 281/303/272
f 281/303/272 284/304/273 283/305/274
f 283/305/274 286/306/275 285/307/276
f 285/307/276 288/308/277 287/309/278
f 287/309/278 290/310/279 289/311/280
f 289/311/280 292/312/281 291/313/282
f 291/313/282 294/314/283 293/315/284
f 293/315/284 296/316/285 295/317/286
f 295/317/286 298/318/287 297/319/288
f 297/319/288 300/320/289 299/321/290
f 299/321/290 302/322/291 301/323/292
f 301/323/292 304/324/293 303/325/294
f 303/325/294 306/326/295 305/327/296
f 305/327/296 274/328/297 271/293/262
f 274/328/297 307/329/298 273/294/263
f 273/294/263 309/330/299 276/296/265
f 276/296/265 310/331/300 278/298/267
f 278/298/267 311/332/301 280/300/269
f 280/300/269 312/333/302 282/302/271
f 282/302/271 313/334/303 284/304/273
f 284/304/273 314/335/304 286/306/275
f 286/306/275 315/336/305 288/308/277
f 288/308/277 316/337/306 290/310/279
f 290/310/279 317/338/307 292/312/281
f 292/312/281 318/339/308 294/314/283
f 294/314/283 319/340/309 296/316/285
f 296/316/285 320/341/310 298/318/287
f 298/318/287 321/342/311 300/320/289
f 300/320/289 322/343/312 302/322/291
f 302/322/291 323/344/313 304/324/293
f 304/324/293 324/345/314 306/326/295
f 306/326/295 308/346/315 274/328/297
s 13
f 308/347/316 325/348/317 307/349/318
f 307/349/318 327/350/319 309/351/320
f 309/351/320 328/352/321 310/353/322
f 310/353/322 329/354/323 311/355/324
f 311/355/324 330/356/325 312/357/326
f 312/357/326 331/358/327 313/359/328
f 313/359/328 332/360/329 314/361/330
f 314/361/330 333/362/331 315/363/332
f 315/363/332 334/364/333 316/365/334
f 316/365/334 335/366/335 317/367/336
f 317/367/336 336/368/337 318/369/338
f 318/369/338 337/370/339 319/371/340
f 319/371/340 338/372/341 320/373/342
f 320/373/342 339/374/343 321/375/344
f 321/375/344 340/376/345 322/377/346
f 322/377/346 341/378/347 323/379/348
f 323/379/348 342/380/349 324/381/350
f 324/381/350 326/382/351 308/347/316
f 326/382/351 343/383/352 325/348/317
f 325/348/317 345/384/353 327/350/319
f 327/350/319 346/385/354 328/352/321
f 328/352/321 347/386/355 329/354/323
f 329/354/323 348/387/356 330/356/325
f 330/356/325 349/388/357 331/358/327
f 331/358/327 350/389/358 332/360/329
f 332/360/329 351/390/359 333/362/331
f 333/362/331 352/391/360 334/364/333
f 334/364/333 353/392/361 335/366/335
f 335/366/335 354/393/362 336/368/337
f 336/368/337 355/394/363 337/370/339
f 337/370/339 356/395/364 338/372/341
f 338/372/341 357/396/365 339/374/343
f 339/374/343 358/397/366 340/376/345
f 340/376/345 359/398/367 341/378/347
f 341/378/347 360/399/368 342/380/349
f 342/380/349 344/400/369 326/382/351
f 362/401/370 361/402/371 343/383/352
f 361/402/371 363/403/372 345/384/353
f 363/403/372 364/404/373 346/385/354
f 364/404/373 365/405/374 347/386/355
f 365/405/374 366/406/375 348/387/356
f 366/406/375 367/407/376 349/388/357
f 367/407/376 368/408/377 350/389/358
f 368/408/377 369/409/378 351/390/359
f 369/409/378 370/410/379 352/391/360
f 370/410/379 371/411/380 353/392/361
f 371/411/380 372/412/381 354/393/362
f 372/412/381 373/413/382 355/394/363
f 373/413/382 374/414/383 356/395/364
f 374/414/383 375/415/384 357/396/365
f 375/415/384 376/416/385 358/397/366
f 376/416/385 377/417/386 359/398/367
f 377/417/386 378/418/387 360/399/368
f 378/418/387 362/401/370 344/400/369
f 382/419/388 381/420/389 380/421/390
f 379/422/391 380/421/390 384/423/392
f 383/424/393 384/423/392 386/425/394
f 385/426/395 386/425/394 388/427/396
f 387/428/397 388/427/396 390/429/398
f 389/430/399 390/429/398 392/431/400
f 391/432/401 392/431/400 394/433/402
f 393/434/403 394/433/402 396/435/404
f 395/436/405 396/435/404 398/437/406
f 397/438/407 398/437/406 400/439/408
f 399/440/409 400/439/408 402/441/410
f 401/442/411 402/441/410 404/443/412
f 403/444/413 404/443/412 406/445/414
f 405/446/415 406/445/414 408/447/416
f 407/448/417 408/447/416 410/449/418
f 409/450/419 410/449/418 412/451/420
f 411/452/421 412/451/420 414/453/422
f 413/454/423 414/453/422 381/420/389
f 362/401/370 382/419/388 379/422/391
f 361/402/371 379/422/391 383/424/393
f 363/403/372 383/424/393 385/426/395
f 364/404/373 385/426/395 387/428/397
f 365/405/374 387/428/397 389/430/399
f 366/406/375 389/430/399 391/432/401
f 367/407/376 391/432/401 393/434/403
f 368/408/377 393/434/403 395/436/405
f 369/409/378 395/436/405 397/438/407
f 370/410/379 397/438/407 399/440/409
f 371/411/380 399/440/409 401/442/411
f 372/412/381 401/442/411 403/444/413
f 373/413/382 403/444/413 405/446/415
f 374/414/383 405/446/415 407/448/417
f 375/415/384 407/448/417 409/450/419
f 376/416/385 409/450/419 411/452/421
f 377/417/386 411/452/421 413/454/423
f 378/418/387 413/454/423 382/419/388
f 381/420/389 415/455/424 380/421/390
f 380/421/390 417/456/425 384/423/392
f 384/423/392 418/457/426 386/425/394
f 386/425/394 419/458/427 388/427/396
f 388/427/396 420/459/428 390/429/398
f 390/429/398 421/460/429 392/431/400
f 392/431/400 422/461/430 394/433/402
f 394/433/402 423/462/431 396/435/404
f 396/435/404 424/463/432 398/437/406
f 398/437/406 425/464/433 400/439/408
f 400/439/408 426/465/434 402/441/410
f 402/441/410 427/466/435 404/443/412
f 404/443/412 428/467/436 406/445/414
f 406/445/414 429/468/437 408/447/416
f 408/447/416 430/469/438 410/449/418
f 410/449/418 431/470/439 412/451/420
f 412/451/420 432/471/440 414/453/422
f 414/453/422 416/472/441 381/420/389
f 426/465/434 425/464/433 422/461/430
f 425/464/433 424/463/432 423/462/431
f 420/459/428 419/458/427 428/467/436
f 427/466/435 426/465/434 421/460/429
f 418/457/426 417/456/425 430/469/438
f 429/468/437 428/467/436 419/458/427
f 415/455/424 416/472/441 432/471/440
f 431/470/439 430/469/438 417/456/425
s 12
f 210/473/442 433/474/443 211/475/444
f 211/475/444 435/476/445 212/477/446
f 212/477/446 436/478/447 297/319/288
f 297/319/288 437/479/448 295/317/286
f 295/317/286 438/480/449 293/315/284
f 293/315/284 434/481/450 210/473/442
f 208/482/451 439/483/452 209/484/453
f 209/484/453 441/485/454 210/473/442
f 210/473/442 442/486/455 293/315/284
f 293/315/284 443/487/456 291/313/282
f 291/313/282 444/488/457 289/311/280
f 289/311/280 440/489/458 208/482/451
f 206/490/459 445/491/460 207/492/461
f 207/492/461 447/493/462 208/482/451
f 208/482/451 448/494/463 289/311/280
f 289/311/280 449/495/464 287/309/278
f 287/309/278 450/496/465 285/307/276
f 285/307/276 446/497/466 206/490/459
f 204/498/467 451/499/468 205/500/469
f 205/500/469 453/501/470 206/490/459
f 206/490/459 454/502/471 285/307/276
f 285/307/276 455/503/472 283/305/274
f 283/305/274 456/504/473 281/303/272
f 281/303/272 452/505/474 204/498/467
f 202/506/475 457/507/476 203/508/477
f 203/508/477 459/509/478 204/498/467
f 204/498/467 460/510/479 281/303/272
f 281/303/272 461/511/480 279/301/270
f 279/301/270 462/512/481 277/299/268
f 277/299/268 458/513/482 202/506/475
f 199/514/483 463/515/484 201/516/485
f 201/516/485 465/517/486 202/506/475
f 202/506/475 466/518/487 277/299/268
f 277/299/268 467/519/488 275/297/266
f 275/297/266 468/520/489 272/295/264
f 272/295/264 464/521/490 199/514/483
f 200/522/491 469/523/492 199/514/483
f 199/514/483 471/524/493 272/295/264
f 272/295/264 472/525/494 271/293/262
f 271/293/262 473/526/495 305/327/296
f 305/327/296 474/527/496 216/528/497
f 216/528/497 470/529/498 200/522/491
f 214/530/499 475/531/500 215/532/501
f 215/532/501 477/533/502 216/528/497
f 216/528/497 478/534/503 305/327/296
f 305/327/296 479/535/504 303/325/294
f 303/325/294 480/536/505 301/323/292
f 301/323/292 476/537/506 214/530/499
f 212/477/446 481/538/507 213/539/508
f 213/539/508 483/540/509 214/530/499
f 214/530/499 484/541/510 301/323/292
f 301/323/292 485/542/511 299/321/290
f 299/321/290 486/543/512 297/319/288
f 297/319/288 482/544/513 212/477/446
s 14
f 470/545/514 218/546/515 469/547/516
s 15
f 469/547/517 219/548/517 471/549/517
s 16
f 471/549/518 220/550/519 472/551/520
f 472/551/520 270/552/521 473/553/522
s 17
f 473/553/523 269/554/523 474/555/523
s 14
f 474/555/524 217/556/525 470/557/514
s 18
f 464/558/526 222/559/527 463/560/528
f 463/561/528 225/562/529 465/563/530
s 19
f 465/563/531 226/564/531 466/565/531
s 20
f 466/565/532 223/566/533 467/567/534
f 467/567/534 224/568/535 468/569/536
s 21
f 468/569/537 221/570/537 464/558/537
s 22
f 458/571/538 228/572/539 457/573/540
f 457/574/540 231/575/541 459/576/542
s 23
f 459/576/543 232/577/543 460/578/543
s 24
f 460/578/544 229/579/545 461/580/546
f 461/580/546 230/581/547 462/582/548
s 25
f 462/582/549 227/583/549 458/571/549
s 26
f 452/584/550 234/585/551 451/586/552
f 451/587/552 237/588/553 453/589/554
s 27
f 453/589/555 238/590/556 454/591/557
f 454/591/557 235/592/558 455/593/559
f 455/593/559 236/594/560 456/595/561
s 28
f 456/595/562 233/596/562 452/584/562
s 29
f 446/597/563 240/598/564 445/599/565
f 445/600/565 243/601/566 447/602/567
s 30
f 447/602/568 244/603/568 448/604/568
s 31
f 448/604/569 241/605/570 449/606/571
f 449/606/571 242/607/572 450/608/573
s 32
f 450/608/574 239/609/574 446/597/574
s 33
f 440/610/575 246/611/576 439/612/577
f 439/613/577 249/614/578 441/615/579
s 34
f 441/615/580 250/616/580 442/617/580
s 35
f 442/617/581 247/618/582 443/619/583
f 443/619/583 248/620/584 444/621/585
s 36
f 444/621/586 245/622/586 440/610/586
s 37
f 434/623/587 252/624/588 433/625/589
f 433/626/589 255/627/590 435/628/591
s 38
f 435/628/592 256/629/592 436/630/592
s 39
f 436/630/593 253/631/594 437/632/595
f 437/632/595 254/633/596 438/634/597
s 40
f 438/634/598 251/635/598 434/623/598
s 41
f 482/636/599 258/637/600 481/638/601
f 481/639/601 261/640/602 483/641/603
s 42
f 483/641/604 262/642/605 484/643/605
s 43
f 484/643/606 259/644/607 485/645/608
f 485/645/608 260/646/609 486/647/610
s 44
f 486/647/611 257/648/611 482/636/611
s 45
f 476/649/612 264/650/613 475/651/614
f 475/652/614 267/653/615 477/654/616
s 46
f 477/654/617 268/655/617 478/656/617
s 47
f 478/656/618 265/657/619 479/658/620
f 479/658/620 266/659/621 480/660/622
s 48
f 480/660/623 263/661/623 476/649/623
s 49
f 488/662/624 145/170/624 146/172/625
f 487/663/625 146/172/625 149/174/626
f 489/664/626 149/174/626 151/176/627
f 490/665/627 151/176/627 153/178/628
f 491/666/628 153/178/628 155/180/629
f 492/667/629 155/180/629 157/182/630
f 493/668/630 157/182/630 159/184/631
f 494/669/631 159/184/631 161/186/632
f 495/670/632 161/187/632 163/189/633
f 496/671/633 163/189/633 165/191/634
f 497/672/635 165/191/634 167/193/636
f 498/673/636 167/193/636 169/195/637
f 499/674/637 169/195/637 171/197/638
f 500/675/638 171/197/638 173/199/639
f 501/676/639 173/199/639 175/201/640
f 502/677/640 175/201/640 177/203/641
f 503/678/641 177/203/641 179/205/642
f 504/679/642 179/206/642 145/170/624
s 1
f 128/151/127 488/680/643 487/681/644
f 127/152/128 487/681/644 489/682/645
f 129/153/129 489/682/645 490/683/646
f 130/154/130 490/683/646 491/684/647
f 131/155/131 491/684/647 492/685/648
f 132/156/132 492/685/648 493/686/649
f 133/157/133 493/686/649 494/687/650
f 134/158/134 494/687/650 495/688/651
f 135/159/135 495/688/651 496/689/652
f 136/160/136 496/689/652 497/690/653
f 137/161/137 497/690/653 498/691/654
f 138/162/138 498/691/654 499/692/655
f 139/163/139 499/692/655 500/693/656
f 140/165/140 500/694/656 501/695/657
f 141/166/141 501/695/657 502/696/658
f 142/167/142 502/696/658 503/697/659
f 143/168/143 503/697/659 504/698/660
f 144/169/144 504/698/660 488/680/643
f 2/699/3 505/700/661 1/701/1
f 5/702/5 506/703/662 2/699/3
f 7/704/7 507/705/663 5/702/5
f 9/706/9 508/707/664 7/704/7
f 11/708/11 509/709/665 9/706/9
f 13/710/13 510/711/666 11/708/11
f 15/712/15 511/713/667 13/710/13
f 17/714/17 512/715/668 15/712/15
f 19/716/19 513/717/669 17/714/17
f 21/718/21 514/719/670 19/716/19
f 23/720/23 515/721/671 21/718/21
f 25/722/25 516/723/672 23/720/23
f 27/724/27 517/725/673 25/722/25
f 29/726/29 518/727/674 27/728/27
f 31/729/31 519/730/675 29/726/29
f 33/731/33 520/732/676 31/729/31
f 35/733/35 521/734/677 33/731/33
f 1/701/1 522/735/678 35/733/35
f 524/736/679 523/737/680 505/700/661
f 525/738/681 524/736/679 506/703/662
f 526/739/682 525/738/681 507/705/663
f 527/740/683 526/739/682 508/707/664
f 528/741/684 527/740/683 509/709/665
f 529/742/685 528/741/684 510/711/666
f 530/743/686 529/742/685 511/713/667
f 531/744/687 530/743/686 512/715/668
f 532/745/688 531/744/687 513/717/669
f 533/746/689 532/745/688 514/719/670
f 534/747/690 533/746/689 515/721/671
f 535/748/691 534/747/690 516/723/672
f 536/749/692 535/748/691 517/725/673
f 537/750/693 536/751/692 518/727/674
f 538/752/694 537/750/693 519/730/675
f 539/753/695 538/752/694 520/732/676
f 540/754/696 539/753/695 521/734/677
f 523/737/680 540/754/696 522/735/678
s 50
f 544/755/697 543/756/698 542/757/698
f 546/758/699 544/755/697 541/759/697
f 548/760/700 546/758/699 545/761/699
f 550/762/701 548/760/700 547/763/700
f 552/764/702 550/762/701 549/765/701
f 554/766/703 552/764/702 551/767/702
f 556/768/704 554/766/703 553/769/703
f 558/770/705 556/768/704 555/771/704
f 560/772/706 558/770/705 557/773/705
f 562/774/707 560/772/706 559/775/706
f 564/776/708 562/774/707 561/777/707
f 566/778/709 564/776/708 563/779/708
f 568/780/710 566/778/709 565/781/709
f 570/782/711 568/780/710 567/783/710
f 572/784/712 570/782/711 569/785/711
f 574/786/713 572/784/712 571/787/712
f 576/788/714 574/786/713 573/789/713
f 543/756/698 576/788/714 575/790/714
s 1
f 524/736/679 541/791/715 542/792/716
f 525/738/681 545/793/717 541/791/715
f 526/739/682 547/794/718 545/793/717
f 527/740/683 549/795/719 547/794/718
f 528/741/684 551/796/720 549/795/719
f 529/742/685 553/797/721 551/796/720
f 530/743/686 555/798/722 553/797/721
f 531/744/687 557/799/723 555/798/722
f 532/745/688 559/800/724 557/799/723
f 533/746/689 561/801/725 559/800/724
f 534/747/690 563/802/726 561/801/725
f 535/748/691 565/803/727 563/802/726
f 536/749/692 567/804/728 565/803/727
f 537/750/693 569/805/729 567/806/728
f 538/752/694 571/807/730 569/805/729
f 539/753/695 573/808/731 571/807/730
f 540/754/696 575/809/732 573/808/731
f 523/737/680 542/792/716 575/809/732
s 51
f 544/755/733 578/810/734 577/811/735
f 546/758/733 579/812/736 578/810/734
f 548/760/733 580/813/737 579/812/736
f 550/762/733 581/814/738 580/813/737
f 552/764/733 582/815/739 581/814/738
f 554/766/733 583/816/740 582/815/739
f 556/768/733 584/817/741 583/816/740
f 558/770/733 585/818/742 584/817/741
f 560/772/733 586/819/743 585/818/742
f 562/774/733 587/820/744 586/819/743
f 564/776/733 588/821/745 587/820/744
f 566/778/733 589/822/746 588/821/745
f 568/780/733 590/823/747 589/822/746
f 570/782/733 591/824/748 590/823/747
f 572/784/733 592/825/749 591/824/748
f 574/786/733 593/826/750 592/825/749
f 576/788/733 594/827/751 593/826/750
f 543/756/733 577/811/735 594/827/751
f 578/810/734 595/828/752 577/811/735
f 579/812/736 596/829/753 578/810/734
f 580/813/737 597/830/754 579/812/736
f 581/814/738 598/831/755 580/813/737
f 582/815/739 599/832/756 581/814/738
f 583/816/740 600/833/757 582/815/739
f 584/817/741 601/834/758 583/816/740
f 585/818/742 602/835/759 584/817/741
f 586/819/743 603/836/760 585/818/742
f 587/820/744 604/837/761 586/819/743
f 588/821/745 605/838/762 587/820/744
f 589/822/746 606/839/763 588/821/745
f 590/823/747 607/840/764 589/822/746
f 591/824/748 608/841/765 590/823/747
f 592/825/749 609/842/766 591/824/748
f 593/826/750 610/843/767 592/825/749
f 594/827/751 611/844/768 593/826/750
f 577/811/735 612/845/769 594/827/751
s 1
f 1/1/1 4/37/36 3/2/2
f 2/3/3 3/2/2 6/4/4
f 5/5/5 6/4/4 8/6/6
f 7/7/7 8/6/6 10/8/8
f 9/9/9 10/8/8 12/10/10
f 11/11/11 12/10/10 14/12/12
f 13/13/13 14/12/12 16/14/14
f 15/15/15 16/14/14 18/16/16
f 17/17/17 18/16/16 20/18/18
f 19/19/19 20/18/18 22/20/20
f 21/21/21 22/20/20 24/22/22
f 23/23/23 24/22/22 26/24/24
f 25/25/25 26/24/24 28/26/26
f 27/28/27 28/51/26 30/29/28
f 29/30/29 30/29/28 32/31/30
f 31/32/31 32/31/30 34/33/32
f 33/34/33 34/33/32 36/35/34
f 35/36/35 36/35/34 4/37/36
f 4/37/36 38/56/54 37/38/37
f 3/2/2 37/38/37 39/39/38
f 6/4/4 39/39/38 40/40/39
f 8/6/6 40/40/39 41/41/40
f 10/8/8 41/41/40 42/42/41
f 12/10/10 42/42/41 43/43/42
f 14/12/12 43/43/42 44/44/43
f 16/14/14 44/44/43 45/45/44
f 18/16/16 45/45/44 46/46/45
f 20/18/18 46/46/45 47/47/46
f 22/20/20 47/47/46 48/48/47
f 24/22/22 48/48/47 49/49/48
f 26/24/24 49/49/48 50/50/49
f 28/51/26 50/70/49 51/52/50
f 30/29/28 51/52/50 52/53/51
f 32/31/30 52/53/51 53/54/52
f 34/33/32 53/54/52 54/55/53
f 36/35/34 54/55/53 38/56/54
f 38/56/54 56/75/72 55/57/55
f 37/38/37 55/57/55 57/58/56
f 39/39/38 57/58/56 58/59/57
f 40/40/39 58/59/57 59/60/58
f 41/41/40 59/60/58 60/61/59
f 42/42/41 60/61/59 61/62/60
f 43/43/42 61/62/60 62/63/61
f 44/44/43 62/63/61 63/64/62
f 45/45/44 63/64/62 64/65/63
f 46/46/45 64/65/63 65/66/64
f 47/47/46 65/66/64 66/67/65
f 48/48/47 66/67/65 67/68/66
f 49/49/48 67/68/66 68/69/67
f 50/70/49 68/89/67 69/71/68
f 51/52/50 69/71/68 70/72/69
f 52/53/51 70/72/69 71/73/70
f 53/54/52 71/73/70 72/74/71
f 54/55/53 72/74/71 56/75/72
f 56/75/72 74/94/90 73/76/73
f 55/57/55 73/76/73 75/77/74
f 57/58/56 75/77/74 76/78/75
f 58/59/57 76/78/75 77/79/76
f 59/60/58 77/79/76 78/80/77
f 60/61/59 78/80/77 79/81/78
f 61/62/60 79/81/78 80/82/79
f 62/63/61 80/82/79 81/83/80
f 63/64/62 81/83/80 82/84/81
f 64/65/63 82/84/81 83/85/82
f 65/66/64 83/85/82 84/86/83
f 66/67/65 84/86/83 85/87/84
f 67/68/66 85/87/84 86/88/85
f 68/89/67 86/108/85 87/90/86
f 69/71/68 87/90/86 88/91/87
f 70/72/69 88/91/87 89/92/88
f 71/73/70 89/92/88 90/93/89
f 72/74/71 90/93/89 74/94/90
f 74/94/90 92/113/108 91/95/91
f 73/76/73 91/95/91 93/96/92
f 75/77/74 93/96/92 94/97/93
f 76/78/75 94/97/93 95/98/94
f 77/79/76 95/98/94 96/99/95
f 78/80/77 96/99/95 97/100/96
f 79/81/78 97/100/96 98/101/97
f 80/82/79 98/101/97 99/102/98
f 81/83/80 99/102/98 100/103/99
f 82/84/81 100/103/99 101/104/100
f 83/85/82 101/104/100 102/105/101
f 84/86/83 102/105/101 103/106/102
f 85/87/84 103/106/102 104/107/103
f 86/108/85 104/846/103 105/109/104
f 87/90/86 105/109/104 106/110/105
f 88/91/87 106/110/105 107/111/106
f 89/92/88 107/111/106 108/112/107
f 90/93/89 108/112/107 92/113/108
f 92/114/108 110/150/126 109/115/109
f 91/116/91 109/115/109 111/117/110
f 93/118/92 111/117/110 112/119/111
f 94/120/93 112/119/111 113/121/112
f 95/122/94 113/121/112 114/123/113
f 96/124/95 114/123/113 115/125/114
f 97/126/96 115/125/114 116/127/115
f 98/128/97 116/127/115 117/129/116
f 99/130/98 117/129/116 118/131/117
f 100/132/99 118/131/117 119/133/118
f 101/134/100 119/133/118 120/135/119
f 102/136/101 120/135/119 121/137/120
f 103/138/102 121/137/120 122/139/121
f 104/141/103 122/847/121 123/142/122
f 105/143/104 123/142/122 124/144/123
f 106/145/105 124/144/123 125/146/124
f 107/147/106 125/146/124 126/148/125
f 108/149/107 126/148/125 110/150/126
f 109/115/109 110/150/126 128/151/127
f 111/117/110 109/115/109 127/152/128
f 112/119/111 111/117/110 129/153/129
f 113/121/112 112/119/111 130/154/130
f 114/123/113 113/121/112 131/155/131
f 115/125/114 114/123/113 132/156/132
f 116/127/115 115/125/114 133/157/133
f 117/129/116 116/127/115 134/158/134
f 118/131/117 117/129/116 135/159/135
f 119/133/118 118/131/117 136/160/136
f 120/135/119 119/133/118 137/161/137
f 121/137/120 120/135/119 138/162/138
f 122/139/121 121/137/120 139/163/139
f 123/142/122 122/847/121 140/165/140
f 124/144/123 123/142/122 141/166/141
f 125/146/124 124/144/123 142/167/142
f 126/148/125 125/146/124 143/168/143
f 110/150/126 126/148/125 144/169/144
s 2
f 145/170/145 148/207/180 147/171/146
f 146/172/147 147/171/146 150/173/148
f 149/174/149 150/173/148 152/175/150
f 151/176/151 152/175/150 154/177/152
f 153/178/153 154/177/152 156/179/154
f 155/180/155 156/179/154 158/181/156
f 157/182/157 158/181/156 160/183/158
f 159/184/159 160/183/158 162/185/160
f 161/187/161 162/216/160 164/188/162
f 163/189/163 164/188/162 166/190/164
f 165/191/165 166/190/164 168/192/166
f 167/193/167 168/192/166 170/194/168
f 169/195/169 170/194/168 172/196/170
f 171/197/171 172/196/170 174/198/172
f 173/199/173 174/198/172 176/200/174
f 175/201/175 176/200/174 178/202/176
f 177/203/177 178/202/176 180/204/178
f 179/206/179 180/226/178 148/207/180
f 148/207/180 182/227/198 181/208/181
f 147/171/146 181/208/181 183/209/182
f 150/173/148 183/209/182 184/210/183
f 152/175/150 184/210/183 185/211/184
f 154/177/152 185/211/184 186/212/185
f 156/179/154 186/212/185 187/213/186
f 158/181/156 187/213/186 188/214/187
f 160/183/158 188/214/187 189/215/188
f 162/216/160 189/236/188 190/217/189
f 164/188/162 190/217/189 191/218/190
f 166/190/164 191/218/190 192/219/191
f 168/192/166 192/219/191 193/220/192
f 170/194/168 193/220/192 194/221/193
f 172/196/170 194/221/193 195/222/194
f 174/198/172 195/222/194 196/223/195
f 176/200/174 196/223/195 197/224/196
f 178/202/176 197/224/196 198/225/197
f 180/226/178 198/246/197 182/227/198
f 182/227/198 200/247/216 199/228/199
f 181/208/181 199/228/199 201/229/200
f 183/209/182 201/229/200 202/230/201
f 184/210/183 202/230/201 203/231/202
f 185/211/184 203/231/202 204/232/203
f 186/212/185 204/232/203 205/233/204
f 187/213/186 205/233/204 206/234/205
f 188/214/187 206/234/205 207/235/206
f 189/236/188 207/848/206 208/237/207
f 190/217/189 208/237/207 209/238/208
f 191/218/190 209/238/208 210/239/209
f 192/219/191 210/239/209 211/240/210
f 193/220/192 211/240/210 212/241/211
f 194/221/193 212/241/211 213/242/212
f 195/222/194 213/242/212 214/243/213
f 196/223/195 214/243/213 215/244/214
f 197/224/196 215/244/214 216/245/215
f 198/246/197 216/849/215 200/247/216
s 3
f 217/248/217 220/292/261 219/249/218
s 4
f 221/251/220 224/850/770 223/252/221
f 222/253/222 223/252/221 226/254/223
s 5
f 227/256/225 230/851/771 229/257/226
f 228/258/227 229/257/226 232/259/228
s 6
f 233/261/230 236/852/772 235/262/231
f 234/263/232 235/262/231 238/264/233
s 7
f 239/266/235 242/853/773 241/267/236
f 240/268/237 241/267/236 244/269/238
s 8
f 245/271/240 248/854/774 247/272/241
f 246/273/242 247/272/241 250/274/243
s 9
f 251/276/245 254/855/775 253/277/246
f 252/278/247 253/277/246 256/279/248
s 10
f 257/281/250 260/856/776 259/282/251
f 258/283/252 259/282/251 262/284/253
s 11
f 263/286/255 266/857/777 265/287/256
f 264/288/257 265/287/256 268/289/258
s 3
f 269/291/260 270/858/778 220/292/261
s 12
f 271/293/262 274/328/297 273/294/263
f 272/295/264 273/294/263 276/296/265
f 275/297/266 276/296/265 278/298/267
f 277/299/268 278/298/267 280/300/269
f 279/301/270 280/300/269 282/302/271
f 281/303/272 282/302/271 284/304/273
f 283/305/274 284/304/273 286/306/275
f 285/307/276 286/306/275 288/308/277
f 287/309/278 288/308/277 290/310/279
f 289/311/280 290/310/279 292/312/281
f 291/313/282 292/312/281 294/314/283
f 293/315/284 294/314/283 296/316/285
f 295/317/286 296/316/285 298/318/287
f 297/319/288 298/318/287 300/320/289
f 299/321/290 300/320/289 302/322/291
f 301/323/292 302/322/291 304/324/293
f 303/325/294 304/324/293 306/326/295
f 305/327/296 306/326/295 274/328/297
f 274/328/297 308/346/315 307/329/298
f 273/294/263 307/329/298 309/330/299
f 276/296/265 309/330/299 310/331/300
f 278/298/267 310/331/300 311/332/301
f 280/300/269 311/332/301 312/333/302
f 282/302/271 312/333/302 313/334/303
f 284/304/273 313/334/303 314/335/304
f 286/306/275 314/335/304 315/336/305
f 288/308/277 315/336/305 316/337/306
f 290/310/279 316/337/306 317/338/307
f 292/312/281 317/338/307 318/339/308
f 294/314/283 318/339/308 319/340/309
f 296/316/285 319/340/309 320/341/310
f 298/318/287 320/341/310 321/342/311
f 300/320/289 321/342/311 322/343/312
f 302/322/291 322/343/312 323/344/313
f 304/324/293 323/344/313 324/345/314
f 306/326/295 324/345/314 308/346/315
s 13
f 308/347/316 326/382/351 325/348/317
f 307/349/318 325/348/317 327/350/319
f 309/351/320 327/350/319 328/352/321
f 310/353/322 328/352/321 329/354/323
f 311/355/324 329/354/323 330/356/325
f 312/357/326 330/356/325 331/358/327
f 313/359/328 331/358/327 332/360/329
f 314/361/330 332/360/329 333/362/331
f 315/363/332 333/362/331 334/364/333
f 316/365/334 334/364/333 335/366/335
f 317/367/336 335/366/335 336/368/337
f 318/369/338 336/368/337 337/370/339
f 319/371/340 337/370/339 338/372/341
f 320/373/342 338/372/341 339/374/343
f 321/375/344 339/374/343 340/376/345
f 322/377/346 340/376/345 341/378/347
f 323/379/348 341/378/347 342/380/349
f 324/381/350 342/380/349 326/382/351
f 326/382/351 344/400/369 343/383/352
f 325/348/317 343/383/352 345/384/353
f 327/350/319 345/384/353 346/385/354
f 328/352/321 346/385/354 347/386/355
f 329/354/323 347/386/355 348/387/356
f 330/356/325 348/387/356 349/388/357
f 331/358/327 349/388/357 350/389/358
f 332/360/329 350/389/358 351/390/359
f 333/362/331 351/390/359 352/391/360
f 334/364/333 352/391/360 353/392/361
f 335/366/335 353/392/361 354/393/362
f 336/368/337 354/393/362 355/394/363
f 337/370/339 355/394/363 356/395/364
f 338/372/341 356/395/364 357/396/365
f 339/374/343 357/396/365 358/397/366
f 340/376/345 358/397/366 359/398/367
f 341/378/347 359/398/367 360/399/368
f 342/380/349 360/399/368 344/400/369
f 343/383/352 344/400/369 362/401/370
f 345/384/353 343/383/352 361/402/371
f 346/385/354 345/384/353 363/403/372
f 347/386/355 346/385/354 364/404/373
f 348/387/356 347/386/355 365/405/374
f 349/388/357 348/387/356 366/406/375
f 350/389/358 349/388/357 367/407/376
f 351/390/359 350/389/358 368/408/377
f 352/391/360 351/390/359 369/409/378
f 353/392/361 352/391/360 370/410/379
f 354/393/362 353/392/361 371/411/380
f 355/394/363 354/393/362 372/412/381
f 356/395/364 355/394/363 373/413/382
f 357/396/365 356/395/364 374/414/383
f 358/397/366 357/396/365 375/415/384
f 359/398/367 358/397/366 376/416/385
f 360/399/368 359/398/367 377/417/386
f 344/400/369 360/399/368 378/418/387
f 380/421/390 379/422/391 382/419/388
f 384/423/392 383/424/393 379/422/391
f 386/425/394 385/426/395 383/424/393
f 388/427/396 387/428/397 385/426/395
f 390/429/398 389/430/399 387/428/397
f 392/431/400 391/432/401 389/430/399
f 394/433/402 393/434/403 391/432/401
f 396/435/404 395/436/405 393/434/403
f 398/437/406 397/438/407 395/436/405
f 400/439/408 399/440/409 397/438/407
f 402/441/410 401/442/411 399/440/409
f 404/443/412 403/444/413 401/442/411
f 406/445/414 405/446/415 403/444/413
f 408/447/416 407/448/417 405/446/415
f 410/449/418 409/450/419 407/448/417
f 412/451/420 411/452/421 409/450/419
f 414/453/422 413/454/423 411/452/421
f 381/420/389 382/419/388 413/454/423
f 379/422/391 361/402/371 362/401/370
f 383/424/393 363/403/372 361/402/371
f 385/426/395 364/404/373 363/403/372
f 387/428/397 365/405/374 364/404/373
f 389/430/399 366/406/375 365/405/374
f 391/432/401 367/407/376 366/406/375
f 393/434/403 368/408/377 367/407/376
f 395/436/405 369/409/378 368/408/377
f 397/438/407 370/410/379 369/409/378
f 399/440/409 371/411/380 370/410/379
f 401/442/411 372/412/381 371/411/380
f 403/444/413 373/413/382 372/412/381
f 405/446/415 374/414/383 373/413/382
f 407/448/417 375/415/384 374/414/383
f 409/450/419 376/416/385 375/415/384
f 411/452/421 377/417/386 376/416/385
f 413/454/423 378/418/387 377/417/386
f 382/419/388 362/401/370 378/418/387
f 381/420/389 416/472/441 415/455/424
f 380/421/390 415/455/424 417/456/425
f 384/423/392 417/456/425 418/457/426
f 386/425/394 418/457/426 419/458/427
f 388/427/396 419/458/427 420/459/428
f 390/429/398 420/459/428 421/460/429
f 392/431/400 421/460/429 422/461/430
f 394/433/402 422/461/430 423/462/431
f 396/435/404 423/462/431 424/463/432
f 398/437/406 424/463/432 425/464/433
f 400/439/408 425/464/433 426/465/434
f 402/441/410 426/465/434 427/466/435
f 404/443/412 427/466/435 428/467/436
f 406/445/414 428/467/436 429/468/437
f 408/447/416 429/468/437 430/469/438
f 410/449/418 430/469/438 431/470/439
f 412/451/420 431/470/439 432/471/440
f 414/453/422 432/471/440 416/472/441
f 422/461/430 421/460/429 426/465/434
f 423/462/431 422/461/430 425/464/433
f 428/467/436 427/466/435 420/459/428
f 421/460/429 420/459/428 427/466/435
f 430/469/438 429/468/437 418/457/426
f 419/458/427 418/457/426 429/468/437
f 432/471/440 431/470/439 415/455/424
f 417/456/425 415/455/424 431/470/439
s 12
f 210/473/442 434/481/450 433/474/443
f 211/475/444 433/474/443 435/476/445
f 212/477/446 435/476/445 436/478/447
f 297/319/288 436/478/447 437/479/448
f 295/317/286 437/479/448 438/480/449
f 293/315/284 438/480/449 434/481/450
f 208/482/451 440/489/458 439/483/452
f 209/484/453 439/483/452 441/485/454
f 210/473/442 441/485/454 442/486/455
f 293/315/284 442/486/455 443/487/456
f 291/313/282 443/487/456 444/488/457
f 289/311/280 444/488/457 440/489/458
f 206/490/459 446/497/466 445/491/460
f 207/492/461 445/491/460 447/493/462
f 208/482/451 447/493/462 448/494/463
f 289/311/280 448/494/463 449/495/464
f 287/309/278 449/495/464 450/496/465
f 285/307/276 450/496/465 446/497/466
f 204/498/467 452/505/474 451/499/468
f 205/500/469 451/499/468 453/501/470
f 206/490/459 453/501/470 454/502/471
f 285/307/276 454/502/471 455/503/472
f 283/305/274 455/503/472 456/504/473
f 281/303/272 456/504/473 452/505/474
f 202/506/475 458/513/482 457/507/476
f 203/508/477 457/507/476 459/509/478
f 204/498/467 459/509/478 460/510/479
f 281/303/272 460/510/479 461/511/480
f 279/301/270 461/511/480 462/512/481
f 277/299/268 462/512/481 458/513/482
f 199/514/483 464/521/490 463/515/484
f 201/516/485 463/515/484 465/517/486
f 202/506/475 465/517/486 466/518/487
f 277/299/268 466/518/487 467/519/488
f 275/297/266 467/519/488 468/520/489
f 272/295/264 468/520/489 464/521/490
f 200/522/491 470/529/498 469/523/492
f 199/514/483 469/523/492 471/524/493
f 272/295/264 471/524/493 472/525/494
f 271/293/262 472/525/494 473/526/495
f 305/327/296 473/526/495 474/527/496
f 216/528/497 474/527/496 470/529/498
f 214/530/499 476/537/506 475/531/500
f 215/532/501 475/531/500 477/533/502
f 216/528/497 477/533/502 478/534/503
f 305/327/296 478/534/503 479/535/504
f 303/325/294 479/535/504 480/536/505
f 301/323/292 480/536/505 476/537/506
f 212/477/446 482/544/513 481/538/507
f 213/539/508 481/538/507 483/540/509
f 214/530/499 483/540/509 484/541/510
f 301/323/292 484/541/510 485/542/511
f 299/321/290 485/542/511 486/543/512
f 297/319/288 486/543/512 482/544/513
s 14
f 470/545/514 217/859/525 218/546/515
s 15
f 469/547/517 218/546/517 219/548/517
s 16
f 471/549/518 219/548/779 220/550/519
f 472/551/520 220/550/519 270/552/521
s 17
f 473/553/523 270/552/523 269/554/523
s 14
f 474/555/524 269/554/780 217/556/525
s 18
f 464/558/526 221/570/781 222/559/527
f 463/561/528 222/860/527 225/562/529
s 19
f 465/563/531 225/562/531 226/564/531
s 20
f 466/565/532 226/564/782 223/566/533
f 467/567/534 223/566/533 224/568/535
s 21
f 468/569/537 224/568/537 221/570/537
s 22
f 458/571/538 227/583/783 228/572/539
f 457/574/540 228/861/539 231/575/541
s 23
f 459/576/543 231/575/543 232/577/543
s 24
f 460/578/544 232/577/784 229/579/545
f 461/580/546 229/579/545 230/581/547
s 25
f 462/582/549 230/581/549 227/583/549
s 26
f 452/584/550 233/596/785 234/585/551
f 451/587/552 234/862/551 237/588/553
s 27
f 453/589/555 237/588/555 238/590/556
f 454/591/557 238/590/556 235/592/558
f 455/593/559 235/592/558 236/594/560
s 28
f 456/595/562 236/594/562 233/596/562
s 29
f 446/597/563 239/609/786 240/598/564
f 445/600/565 240/863/564 243/601/566
s 30
f 447/602/568 243/601/568 244/603/568
s 31
f 448/604/569 244/603/787 241/605/570
f 449/606/571 241/605/570 242/607/572
s 32
f 450/608/574 242/607/574 239/609/574
s 33
f 440/610/575 245/622/788 246/611/576
f 439/613/577 246/864/576 249/614/578
s 34
f 441/615/580 249/614/580 250/616/580
s 35
f 442/617/581 250/616/789 247/618/582
f 443/619/583 247/618/582 248/620/584
s 36
f 444/621/586 248/620/586 245/622/586
s 37
f 434/623/587 251/635/790 252/624/588
f 433/626/589 252/865/588 255/627/590
s 38
f 435/628/592 255/627/592 256/629/592
s 39
f 436/630/593 256/629/791 253/631/594
f 437/632/595 253/631/594 254/633/596
s 40
f 438/634/598 254/633/598 251/635/598
s 41
f 482/636/599 257/648/792 258/637/600
f 481/639/601 258/866/600 261/640/602
s 42
f 483/641/604 261/640/604 262/642/605
s 43
f 484/643/606 262/642/793 259/644/607
f 485/645/608 259/644/607 260/646/609
s 44
f 486/647/611 260/646/611 257/648/611
s 45
f 476/649/612 263/661/794 264/650/613
f 475/652/614 264/867/613 267/653/615
s 46
f 477/654/617 267/653/617 268/655/617
s 47
f 478/656/618 268/655/795 265/657/619
f 479/658/620 265/657/619 266/659/621
s 48
f 480/660/623 266/659/623 263/661/623
s 49
f 146/172/625 487/663/625 488/662/624
f 149/174/626 489/664/626 487/663/625
f 151/176/627 490/665/627 489/664/626
f 153/178/628 491/666/628 490/665/627
f 155/180/629 492/667/629 491/666/628
f 157/182/630 493/668/630 492/667/629
f 159/184/631 494/669/631 493/668/630
f 161/186/632 495/868/632 494/669/631
f 163/189/633 496/671/633 495/670/632
f 165/191/634 497/672/635 496/671/633
f 167/193/636 498/673/636 497/672/635
f 169/195/637 499/674/637 498/673/636
f 171/197/638 500/675/638 499/674/637
f 173/199/639 501/676/639 500/675/638
f 175/201/640 502/677/640 501/676/639
f 177/203/641 503/678/641 502/677/640
f 179/205/642 504/869/642 503/678/641
f 145/170/624 488/662/624 504/679/642
s 1
f 487/681/644 127/152/128 128/151/127
f 489/682/645 129/153/129 127/152/128
f 490/683/646 130/154/130 129/153/129
f 491/684/647 131/155/131 130/154/130
f 492/685/648 132/156/132 131/155/131
f 493/686/649 133/157/133 132/156/132
f 494/687/650 134/158/134 133/157/133
f 495/688/651 135/159/135 134/158/134
f 496/689/652 136/160/136 135/159/135
f 497/690/653 137/161/137 136/160/136
f 498/691/654 138/162/138 137/161/137
f 499/692/655 139/163/139 138/162/138
f 500/693/656 140/164/140 139/163/139
f 501/695/657 141/166/141 140/165/140
f 502/696/658 142/167/142 141/166/141
f 503/697/659 143/168/143 142/167/142
f 504/698/660 144/169/144 143/168/143
f 488/680/643 128/151/127 144/169/144
f 2/699/3 506/703/662 505/700/661
f 5/702/5 507/705/663 506/703/662
f 7/704/7 508/707/664 507/705/663
f 9/706/9 509/709/665 508/707/664
f 11/708/11 510/711/666 509/709/665
f 13/710/13 511/713/667 510/711/666
f 15/712/15 512/715/668 511/713/667
f 17/714/17 513/717/669 512/715/668
f 19/716/19 514/719/670 513/717/669
f 21/718/21 515/721/671 514/719/670
f 23/720/23 516/723/672 515/721/671
f 25/722/25 517/725/673 516/723/672
f 27/724/27 518/870/674 517/725/673
f 29/726/29 519/730/675 518/727/674
f 31/729/31 520/732/676 519/730/675
f 33/731/33 521/734/677 520/732/676
f 35/733/35 522/735/678 521/734/677
f 1/701/1 505/700/661 522/735/678
f 505/700/661 506/703/662 524/736/679
f 506/703/662 507/705/663 525/738/681
f 507/705/663 508/707/664 526/739/682
f 508/707/664 509/709/665 527/740/683
f 509/709/665 510/711/666 528/741/684
f 510/711/666 511/713/667 529/742/685
f 511/713/667 512/715/668 530/743/686
f 512/715/668 513/717/669 531/744/687
f 513/717/669 514/719/670 532/745/688
f 514/719/670 515/721/671 533/746/689
f 515/721/671 516/723/672 534/747/690
f 516/723/672 517/725/673 535/748/691
f 517/725/673 518/870/674 536/749/692
f 518/727/674 519/730/675 537/750/693
f 519/730/675 520/732/676 538/752/694
f 520/732/676 521/734/677 539/753/695
f 521/734/677 522/735/678 540/754/696
f 522/735/678 505/700/661 523/737/680
s 50
f 542/757/698 541/759/697 544/755/697
f 541/759/697 545/761/699 546/758/699
f 545/761/699 547/763/700 548/760/700
f 547/763/700 549/765/701 550/762/701
f 549/765/701 551/767/702 552/764/702
f 551/767/702 553/769/703 554/766/703
f 553/769/703 555/771/704 556/768/704
f 555/771/704 557/773/705 558/770/705
f 557/773/705 559/775/706 560/772/706
f 559/775/706 561/777/707 562/774/707
f 561/777/707 563/779/708 564/776/708
f 563/779/708 565/781/709 566/778/709
f 565/781/709 567/783/710 568/780/710
f 567/783/710 569/785/711 570/782/711
f 569/785/711 571/787/712 572/784/712
f 571/787/712 573/789/713 574/786/713
f 573/789/713 575/790/714 576/788/714
f 575/790/714 542/757/698 543/756/698
s 1
f 542/792/716 523/737/680 524/736/679
f 541/791/715 524/736/679 525/738/681
f 545/793/717 525/738/681 526/739/682
f 547/794/718 526/739/682 527/740/683
f 549/795/719 527/740/683 528/741/684
f 551/796/720 528/741/684 529/742/685
f 553/797/721 529/742/685 530/743/686
f 555/798/722 530/743/686 531/744/687
f 557/799/723 531/744/687 532/745/688
f 559/800/724 532/745/688 533/746/689
f 561/801/725 533/746/689 534/747/690
f 563/802/726 534/747/690 535/748/691
f 565/803/727 535/748/691 536/749/692
f 567/806/728 536/751/692 537/750/693
f 569/805/729 537/750/693 538/752/694
f 571/807/730 538/752/694 539/753/695
f 573/808/731 539/753/695 540/754/696
f 575/809/732 540/754/696 523/737/680
s 51
f 577/811/735 543/756/733 544/755/733
f 578/810/734 544/755/733 546/758/733
f 579/812/736 546/758/733 548/760/733
f 580/813/737 548/760/733 550/762/733
f 581/814/738 550/762/733 552/764/733
f 582/815/739 552/764/733 554/766/733
f 583/816/740 554/766/733 556/768/733
f 584/817/741 556/768/733 558/770/733
f 585/818/742 558/770/733 560/772/733
f 586/819/743 560/772/733 562/774/733
f 587/820/744 562/774/733 564/776/733
f 588/821/745 564/776/733 566/778/733
f 589/822/746 566/778/733 568/780/733
f 590/823/747 568/780/733 570/782/733
f 591/824/748 570/782/733 572/784/733
f 592/825/749 572/784/733 574/786/733
f 593/826/750 574/786/733 576/788/733
f 594/827/751 576/788/733 543/756/733
f 578/810/734 596/829/753 595/828/752
f 579/812/736 597/830/754 596/829/753
f 580/813/737 598/831/755 597/830/754
f 581/814/738 599/832/756 598/831/755
f 582/815/739 600/833/757 599/832/756
f 583/816/740 601/834/758 600/833/757
f 584/817/741 602/835/759 601/834/758
f 585/818/742 603/836/760 602/835/759
f 586/819/743 604/837/761 603/836/760
f 587/820/744 605/838/762 604/837/761
f 588/821/745 606/839/763 605/838/762
f 589/822/746 607/840/764 606/839/763
f 590/823/747 608/841/765 607/840/764
f 591/824/748 609/842/766 608/841/765
f 592/825/749 610/843/767 609/842/766
f 593/826/750 611/844/768 610/843/767
f 594/827/751 612/845/769 611/844/768
f 577/811/735 595/828/752 612/845/769
