<?xml version="1.0" encoding="utf-8"?>
<COLLADA xmlns="http://www.collada.org/2005/11/COLLADASchema" version="1.4.1" xmlns:xsi="http://www.w3.org/2001/XMLSchema-instance">
  <asset>
    <contributor>
      <author>Blender User</author>
      <authoring_tool>Blender 4.5.3 LTS commit date:2025-09-08, commit time:12:46, hash:67807e1800cc</authoring_tool>
    </contributor>
    <created>2025-10-26T00:45:10</created>
    <modified>2025-10-26T00:45:10</modified>
    <unit name="meter" meter="1"/>
    <up_axis>Z_UP</up_axis>
  </asset>
  <library_effects>
    <effect id="glass-effect">
      <profile_COMMON>
        <newparam sid="glass_normal_png-surface">
          <surface type="2D">
            <init_from>glass_normal_png</init_from>
          </surface>
        </newparam>
        <newparam sid="glass_normal_png-sampler">
          <sampler2D>
            <source>glass_normal_png-surface</source>
          </sampler2D>
        </newparam>
        <technique sid="common">
          <lambert>
            <emission>
              <color sid="emission">0 0 0 1</color>
            </emission>
            <diffuse>
              <texture texture="glass_normal_png-sampler" texcoord="meshId3-tex0"/>
            </diffuse>
            <index_of_refraction>
              <float sid="ior">1.5</float>
            </index_of_refraction>
          </lambert>
        </technique>
      </profile_COMMON>
    </effect>
    <effect id="wood-effect">
      <profile_COMMON>
        <newparam sid="wood_jpeg-surface">
          <surface type="2D">
            <init_from>wood_jpeg</init_from>
          </surface>
        </newparam>
        <newparam sid="wood_jpeg-sampler">
          <sampler2D>
            <source>wood_jpeg-surface</source>
          </sampler2D>
        </newparam>
        <technique sid="common">
          <lambert>
            <emission>
              <color sid="emission">0 0 0 1</color>
            </emission>
            <diffuse>
              <texture texture="wood_jpeg-sampler" texcoord="meshId2-tex0"/>
            </diffuse>
            <index_of_refraction>
              <float sid="ior">1.5</float>
            </index_of_refraction>
          </lambert>
        </technique>
      </profile_COMMON>
    </effect>
    <effect id="metal-effect">
      <profile_COMMON>
        <newparam sid="metal_albedo_jpeg-surface">
          <surface type="2D">
            <init_from>metal_albedo_jpeg</init_from>
          </surface>
        </newparam>
        <newparam sid="metal_albedo_jpeg-sampler">
          <sampler2D>
            <source>metal_albedo_jpeg-surface</source>
          </sampler2D>
        </newparam>
        <technique sid="common">
          <lambert>
            <emission>
              <color sid="emission">0 0 0 1</color>
            </emission>
            <diffuse>
              <texture texture="metal_albedo_jpeg-sampler" texcoord="meshId1-tex0"/>
            </diffuse>
            <index_of_refraction>
              <float sid="ior">1.5</float>
            </index_of_refraction>
          </lambert>
        </technique>
      </profile_COMMON>
    </effect>
    <effect id="crystals-effect">
      <profile_COMMON>
        <newparam sid="crystals_normal_png-surface">
          <surface type="2D">
            <init_from>crystals_normal_png</init_from>
          </surface>
        </newparam>
        <newparam sid="crystals_normal_png-sampler">
          <sampler2D>
            <source>crystals_normal_png-surface</source>
          </sampler2D>
        </newparam>
        <technique sid="common">
          <lambert>
            <emission>
              <color sid="emission">0 0 0 1</color>
            </emission>
            <diffuse>
              <texture texture="crystals_normal_png-sampler" texcoord="meshId0-tex0"/>
            </diffuse>
            <index_of_refraction>
              <float sid="ior">1.5</float>
            </index_of_refraction>
          </lambert>
        </technique>
      </profile_COMMON>
    </effect>
  </library_effects>
  <library_images>
    <image id="crystals_normal_png" name="crystals_normal_png">
      <init_from>crystals_normal.png</init_from>
    </image>
    <image id="glass_normal_png" name="glass_normal_png">
      <init_from>glass_normal.png</init_from>
    </image>
    <image id="metal_albedo_jpeg" name="metal_albedo_jpeg">
      <init_from>metal_albedo.jpeg</init_from>
    </image>
    <image id="wood_jpeg" name="wood_jpeg">
      <init_from>wood.jpeg</init_from>
    </image>
  </library_images>
  <library_materials>
    <material id="glass-material" name="glass">
      <instance_effect url="#glass-effect"/>
    </material>
    <material id="wood-material" name="wood">
      <instance_effect url="#wood-effect"/>
    </material>
    <material id="metal-material" name="metal">
      <instance_effect url="#metal-effect"/>
    </material>
    <material id="crystals-material" name="crystals">
      <instance_effect url="#crystals-effect"/>
    </material>
  </library_materials>
  <library_geometries>
    <geometry id="meshId3_name-mesh" name="meshId3_name">
      <mesh>
        <source id="meshId3_name-mesh-positions">
          <float_array id="meshId3_name-mesh-positions-array" count="264">0.02751296 15.44656 8.664751 0.02751296 17.89419 8.177886 -2.233801 17.89419 7.728082 -2.420116 15.44656 8.177886 0.027511 19.96918 6.791413 0.02751195 21.35566 4.716414 -0.909154 21.35566 4.5301 -1.703222 19.96919 6.44715 0.02751296 21.84252 2.268786 -3.170468 19.96919 5.466767 -4.150852 17.89419 6.447149 -1.703222 21.35566 3.999521 -4.495117 15.44656 6.791414 -4.150851 19.96919 3.99952 -5.431783 17.89419 4.530099 -2.233801 21.35566 3.205453 -5.881587 15.44656 4.716414 -5.881587 15.44656 4.716414 -5.431783 17.89419 4.530099 -5.881586 17.89419 2.268785 -6.36845 15.44656 2.268785 -2.420116 21.35566 2.268785 -4.495116 19.96919 2.268785 -5.881586 17.89419 2.268785 -5.431782 17.89419 0.007469952 -5.881586 15.44656 -0.178845 -4.495116 19.96919 2.268785 -2.420116 21.35566 2.268785 -2.233801 21.35566 1.332118 -4.150851 19.96919 0.53805 0.02751296 21.84252 2.268786 -3.170467 19.96919 -0.929196 -4.150849 17.89419 -1.909579 -1.703222 21.35566 0.53805 -4.495115 15.44656 -2.253844 -1.70322 19.96919 -1.909578 -2.233799 17.89419 -3.190509 -0.909154 21.35566 0.007470965 -2.420114 15.44655 -3.640314 -2.420114 15.44655 -3.640314 -2.233799 17.89419 -3.190509 0.02751499 17.89418 -3.640312 0.02751499 15.44655 -4.127176 0.02751398 21.35566 -0.178844 0.02751499 19.96919 -2.253842 0.02751499 17.89418 -3.640312 0.02751499 19.96919 -2.253842 0.02751398 21.35566 -0.178844 0.964181 21.35566 0.007470965 1.758249 19.96919 -1.909577 2.288829 17.89419 -3.190508 0.02751296 21.84252 2.268786 2.475144 15.44655 -3.640311 3.225495 19.96919 -0.929194 4.205878 17.89419 -1.909576 1.758249 21.35566 0.538051 4.550142 15.44656 -2.25384 2.288828 21.35566 1.332119 5.486808 17.89419 0.007473945 5.936613 15.44656 -0.1788409 4.205877 19.96919 0.538052 5.936613 15.44656 -0.1788409 5.486808 17.89419 0.007473945 5.93661 17.89419 2.268788 6.423474 15.44656 2.268788 4.205877 19.96919 0.538052 2.288828 21.35566 1.332119 2.475143 21.35566 2.268786 4.55014 19.96919 2.268788 2.475143 21.35566 2.268786 4.205874 19.96919 3.999522 5.486806 17.89419 4.530102 0.02751296 21.84252 2.268786 2.288828 21.35566 3.205453 5.936609 15.44656 4.716417 3.225492 19.96919 5.466767 4.205874 17.89419 6.44715 1.758248 21.35566 3.999522 4.550138 15.44656 6.791416 2.288824 17.89419 7.728081 2.475139 15.44656 8.177885 0.96418 21.35566 4.5301 1.758246 19.96919 6.447149 0.02751296 17.89419 8.177886 0.02751296 15.44656 8.664751 1.758246 19.96919 6.447149 0.96418 21.35566 4.5301 0.027511 19.96918 6.791413</float_array>
          <technique_common>
            <accessor source="#meshId3_name-mesh-positions-array" count="88" stride="3">
              <param name="X" type="float"/>
              <param name="Y" type="float"/>
              <param name="Z" type="float"/>
            </accessor>
          </technique_common>
        </source>
        <source id="meshId3_name-mesh-normals">
          <float_array id="meshId3_name-mesh-normals-array" count="264">-0.3753274 0.1950907 0.9061287 -5.43445e-5 0.1950882 0.9807857 -4.09633e-5 0.3743802 0.9272753 -0.354858 0.3743686 0.8566938 -0.2750989 0.695155 0.6641386 -1.54693e-5 0.6951696 0.7188458 -6.22179e-7 0.9151592 0.4030928 -0.1542565 0.9151595 0.3724083 -1.12294e-5 1 3.12775e-5 -0.655689 0.3743684 0.6556832 -0.508314 0.695155 0.5083074 -0.2850291 0.9151596 0.2850289 -0.6935178 0.1950905 0.693522 -0.8566762 0.3743937 0.3548737 -0.6641418 0.6951549 0.2750915 -0.372409 0.9151594 0.154256 -0.9061086 0.1950809 0.3753805 -0.9807854 0.1950904 3.41719e-6 -0.9061489 0.1950871 0.3752805 -0.8567261 0.3743489 0.3548004 -0.9272877 0.3743497 -9.68948e-6 -0.7188627 0.6951521 5.83976e-5 -0.4030946 0.9151585 -3.20375e-7 -0.9272781 0.3743734 3.07616e-5 -0.9061288 0.1950905 -0.3753273 -0.8566936 0.3743683 -0.3548585 -0.6641378 0.6951551 -0.2751005 -0.7188525 0.6951627 -3.13073e-5 -0.4030883 0.9151611 -3.8445e-5 -0.3724073 0.9151598 -0.1542574 -3.20971e-5 1 -5.62624e-5 -0.6556828 0.3743686 -0.6556892 -0.5083071 0.6951549 -0.5083144 -0.2850271 0.9151599 -0.2850298 -0.6935217 0.1950907 -0.6935181 -0.3548732 0.3743935 -0.8566765 -0.2750916 0.6951547 -0.664142 -0.1542544 0.9151596 -0.3724089 -0.37538 0.1950811 -0.906109 -2.94175e-6 0.1950904 -0.9807854 -0.3752803 0.1950876 -0.9061487 -0.3547999 0.3743491 -0.8567264 9.92045e-6 0.3743494 -0.9272878 -5.87255e-5 0.6951519 -0.718863 5.81145e-7 0.9151582 -0.403095 -3.06405e-5 0.3743729 -0.9272783 0.2751007 0.6951547 -0.6641382 3.12328e-5 0.6951627 -0.7188525 3.94136e-5 0.9151608 -0.4030891 0.1542578 0.9151594 -0.3724083 0.3548586 0.3743681 -0.8566936 5.58745e-5 1 -3.37958e-5 0.3753277 0.19509 -0.9061287 0.6556891 0.3743682 -0.6556832 0.5083143 0.6951548 -0.5083074 0.2850291 0.9151596 -0.2850287 0.6935179 0.1950898 -0.6935221 0.3724036 0.9151614 -0.1542574 0.9061087 0.1950808 -0.3753806 0.8566889 0.3743664 -0.3548715 0.6641204 0.6951521 -0.2751505 0.9807853 0.1950902 -2.69413e-6 0.9061492 0.1950873 -0.3752795 0.8567071 0.3743786 -0.3548147 0.9272803 0.3743682 4.03472e-6 0.7188602 0.6951547 5.32836e-6 0.6641455 0.6951625 -0.2750634 0.3724272 0.9151509 -0.1542627 0.4031117 0.9151509 7.4571e-6 0.403048 0.9151788 6.07595e-6 0.8566937 0.3743682 0.3548585 0.6641382 0.6951548 0.2751005 2.47881e-5 1 3.0715e-5 0.3724074 0.9151598 0.1542575 0.9061287 0.19509 0.3753274 0.6556832 0.3743684 0.655689 0.5083074 0.6951549 0.5083143 0.285027 0.9151598 0.2850301 0.6935219 0.1950905 0.6935179 0.3753337 0.1950908 0.906126 0.3548514 0.3743684 0.8566965 0.275097 0.6951563 0.6641381 0.1542553 0.9151585 0.3724116 5.48444e-5 0.1950809 0.9807872 1.82539e-5 0.3743665 0.9272809 0.2750454 0.6951959 0.664118 0.1542196 0.9151605 0.3724212 2.70456e-5 0.6951077 0.7189056</float_array>
          <technique_common>
            <accessor source="#meshId3_name-mesh-normals-array" count="88" stride="3">
              <param name="X" type="float"/>
              <param name="Y" type="float"/>
              <param name="Z" type="float"/>
            </accessor>
          </technique_common>
        </source>
        <source id="meshId3_name-mesh-map-0">
          <float_array id="meshId3_name-mesh-map-0-array" count="672">0.39168 0.956326 0.315881 0.940876 0.327967 0.861512 0.327967 0.861512 0.397996 0.875786 0.39168 0.956326 0.410126 0.795307 0.356528 0.784382 0.397216 0.721228 0.397216 0.721228 0.426223 0.72714 0.410126 0.795307 0.397996 0.875786 0.327967 0.861512 0.356528 0.784382 0.356528 0.784382 0.410126 0.795307 0.397996 0.875786 0.397216 0.721228 0.443837 0.681663 0.426223 0.72714 0.474285 0.878788 0.397996 0.875786 0.410126 0.795307 0.410126 0.795307 0.468515 0.797604 0.474285 0.878788 0.426223 0.72714 0.443837 0.681663 0.457823 0.728383 0.474255 0.959574 0.39168 0.956326 0.397996 0.875786 0.397996 0.875786 0.474285 0.878788 0.474255 0.959574 0.468515 0.797604 0.410126 0.795307 0.426223 0.72714 0.426223 0.72714 0.457823 0.728383 0.468515 0.797604 0.545219 0.870059 0.474285 0.878788 0.468515 0.797604 0.468515 0.797604 0.522806 0.790924 0.545219 0.870059 0.457823 0.728383 0.443837 0.681663 0.487205 0.724768 0.551033 0.950127 0.474255 0.959574 0.474285 0.878788 0.474285 0.878788 0.545219 0.870059 0.551033 0.950127 0.522806 0.790924 0.468515 0.797604 0.457823 0.728383 0.457823 0.728383 0.487205 0.724768 0.522806 0.790924 0.67504 0.483679 0.733043 0.459595 0.77766 0.524993 0.77766 0.524993 0.724071 0.547245 0.67504 0.483679 0.564733 0.776283 0.522806 0.790924 0.487205 0.724768 0.487205 0.724768 0.509896 0.716845 0.564733 0.776283 0.6 0.850931 0.545219 0.870059 0.522806 0.790924 0.522806 0.790924 0.564733 0.776283 0.6 0.850931 0.487205 0.724768 0.443837 0.681663 0.509896 0.716845 0.611505 0.52781 0.67504 0.483679 0.724071 0.547245 0.724071 0.547245 0.665373 0.588016 0.611505 0.52781 0.715181 0.652384 0.760107 0.621179 0.77766 0.694226 0.77766 0.694226 0.753346 0.711114 0.715181 0.652384 0.665373 0.588016 0.724071 0.547245 0.760107 0.621179 0.760107 0.621179 0.715181 0.652384 0.665373 0.588016 0.77766 0.694226 0.774058 0.755266 0.753346 0.711114 0.6105 0.641101 0.665373 0.588016 0.715181 0.652384 0.715181 0.652384 0.673183 0.693013 0.6105 0.641101 0.753346 0.711114 0.774058 0.755266 0.730617 0.733103 0.552111 0.585268 0.611505 0.52781 0.665373 0.588016 0.665373 0.588016 0.6105 0.641101 0.552111 0.585268 0.673183 0.693013 0.715181 0.652384 0.753346 0.711114 0.753346 0.711114 0.730617 0.733103 0.673183 0.693013 0.567806 0.698417 0.6105 0.641101 0.673183 0.693013 0.673183 0.693013 0.640507 0.736881 0.567806 0.698417 0.730617 0.733103 0.774058 0.755266 0.712932 0.756844 0.5059 0.647307 0.552111 0.585268 0.6105 0.641101 0.6105 0.641101 0.567806 0.698417 0.5059 0.647307 0.640507 0.736881 0.673183 0.693013 0.730617 0.733103 0.730617 0.733103 0.712932 0.756844 0.640507 0.736881 0.07996499 0.794349 0.02446395 0.764954 0.04648995 0.688911 0.04648995 0.688911 0.09776699 0.716069 0.07996499 0.794349 0.622127 0.777309 0.640507 0.736881 0.712932 0.756844 0.712932 0.756844 0.702986 0.778723 0.622127 0.777309 0.543792 0.751239 0.567806 0.698417 0.640507 0.736881 0.640507 0.736881 0.622127 0.777309 0.543792 0.751239 0.712932 0.756844 0.774058 0.755266 0.702986 0.778723 0.184505 0.655988 0.131839 0.64121 0.176994 0.581168 0.176994 0.581168 0.205496 0.589166 0.184505 0.655988 0.1665779 0.735377 0.09776699 0.716069 0.131839 0.64121 0.131839 0.64121 0.184505 0.655988 0.1665779 0.735377 0.176994 0.581168 0.226357 0.545084 0.205496 0.589166 0.154446 0.815248 0.07996499 0.794349 0.09776699 0.716069 0.09776699 0.716069 0.1665779 0.735377 0.154446 0.815248 0.2424499 0.743896 0.1665779 0.735377 0.184505 0.655988 0.184505 0.655988 0.242574 0.662507 0.2424499 0.743896 0.205496 0.589166 0.226357 0.545084 0.236923 0.592694 0.236569 0.824468 0.154446 0.815248 0.1665779 0.735377 0.1665779 0.735377 0.2424499 0.743896 0.236569 0.824468 0.242574 0.662507 0.184505 0.655988 0.205496 0.589166 0.205496 0.589166 0.236923 0.592694 0.242574 0.662507 0.236923 0.592694 0.226357 0.545084 0.26649 0.591216 0.31383 0.820606 0.236569 0.824468 0.2424499 0.743896 0.2424499 0.743896 0.31383 0.740328 0.31383 0.820606 0.297206 0.659776 0.242574 0.662507 0.236923 0.592694 0.236923 0.592694 0.26649 0.591216 0.297206 0.659776 0.31383 0.740328 0.2424499 0.743896 0.242574 0.662507 0.242574 0.662507 0.297206 0.659776 0.31383 0.740328 0.744015 0.293908 0.711886 0.347872 0.637038 0.322077 0.637038 0.322077 0.666722 0.27222 0.744015 0.293908 0.593657 0.234453 0.570938 0.272612 0.523648 0.207009 0.523648 0.207009 0.535944 0.186357 0.593657 0.234453 0.666722 0.27222 0.637038 0.322077 0.570938 0.272612 0.570938 0.272612 0.593657 0.234453 0.666722 0.27222 0.26649 0.591216 0.226357 0.545084 0.289695 0.584957 0.689441 0.2044579 0.666722 0.27222 0.593657 0.234453 0.593657 0.234453 0.611045 0.182591 0.689441 0.2044579 0.535944 0.186357 0.502369 0.135254 0.545354 0.158289 0.768606 0.2205629 0.744015 0.293908 0.666722 0.27222 0.666722 0.27222 0.689441 0.2044579 0.768606 0.2205629 0.611045 0.182591 0.593657 0.234453 0.535944 0.186357 0.535944 0.186357 0.545354 0.158289 0.611045 0.182591 0.701736 0.1291069 0.689441 0.2044579 0.611045 0.182591 0.611045 0.182591 0.620456 0.1249189 0.701736 0.1291069 0.545354 0.158289 0.502369 0.135254 0.550447 0.1270779 0.781915 0.139003 0.768606 0.2205629 0.689441 0.2044579 0.689441 0.2044579 0.701736 0.1291069 0.781915 0.139003 0.620456 0.1249189 0.611045 0.182591 0.545354 0.158289 0.545354 0.158289 0.550447 0.1270779 0.620456 0.1249189 0.781915 0.06164497 0.781915 0.139003 0.701736 0.1291069 0.701736 0.1291069 0.701736 0.05763798 0.781915 0.06164497 0.620456 0.07021898 0.620456 0.1249189 0.550447 0.1270779 0.550447 0.1270779 0.550447 0.09747397 0.620456 0.07021898 0.701736 0.05763798 0.701736 0.1291069 0.620456 0.1249189 0.620456 0.1249189 0.620456 0.07021898 0.701736 0.05763798 0.550447 0.1270779 0.502369 0.135254 0.550447 0.09747397 0.768606 2.67e-4 0.781915 0.06164497 0.701736 0.05763798 0.701736 0.05763798 0.689441 9.31e-4 0.768606 2.67e-4 0.356528 0.784382 0.315881 0.766493 0.375218 0.711546 0.375218 0.711546 0.397216 0.721228 0.356528 0.784382 0.689441 9.31e-4 0.701736 0.05763798 0.620456 0.07021898 0.620456 0.07021898 0.611045 0.02681797 0.689441 9.31e-4 0.375218 0.711546 0.443837 0.681663 0.397216 0.721228</float_array>
          <technique_common>
            <accessor source="#meshId3_name-mesh-map-0-array" count="336" stride="2">
              <param name="S" type="float"/>
              <param name="T" type="float"/>
            </accessor>
          </technique_common>
        </source>
        <vertices id="meshId3_name-mesh-vertices">
          <input semantic="POSITION" source="#meshId3_name-mesh-positions"/>
        </vertices>
        <triangles material="glass-material" count="112">
          <input semantic="VERTEX" source="#meshId3_name-mesh-vertices" offset="0"/>
          <input semantic="NORMAL" source="#meshId3_name-mesh-normals" offset="1"/>
          <input semantic="TEXCOORD" source="#meshId3_name-mesh-map-0" offset="2" set="0"/>
          <p>3 0 0 0 1 1 1 2 2 1 2 3 2 3 4 3 0 5 7 4 6 4 5 7 5 6 8 5 6 9 6 7 10 7 4 11 2 3 12 1 2 13 4 5 14 4 5 15 7 4 16 2 3 17 5 6 18 8 8 19 6 7 20 10 9 21 2 3 22 7 4 23 7 4 24 9 10 25 10 9 26 6 7 27 8 8 28 11 11 29 12 12 30 3 0 31 2 3 32 2 3 33 10 9 34 12 12 35 9 10 36 7 4 37 6 7 38 6 7 39 11 11 40 9 10 41 14 13 42 10 9 43 9 10 44 9 10 45 13 14 46 14 13 47 11 11 48 8 8 49 15 15 50 16 16 51 12 12 52 10 9 53 10 9 54 14 13 55 16 16 56 13 14 57 9 10 58 11 11 59 11 11 60 15 15 61 13 14 62 20 17 63 17 18 64 18 19 65 18 19 66 19 20 67 20 17 68 22 21 69 13 14 70 15 15 71 15 15 72 21 22 73 22 21 74 23 23 75 14 13 76 13 14 77 13 14 78 22 21 79 23 23 80 15 15 81 8 8 82 21 22 83 25 24 84 20 17 85 19 20 86 19 20 87 24 25 88 25 24 89 29 26 90 26 27 91 27 28 92 27 28 93 28 29 94 29 26 95 24 25 96 19 20 97 26 27 98 26 27 99 29 26 100 24 25 101 27 28 102 30 30 103 28 29 104 32 31 105 24 25 106 29 26 107 29 26 108 31 32 109 32 31 110 28 29 111 30 30 112 33 33 113 34 34 114 25 24 115 24 25 116 24 25 117 32 31 118 34 34 119 31 32 120 29 26 121 28 29 122 28 29 123 33 33 124 31 32 125 36 35 126 32 31 127 31 32 128 31 32 129 35 36 130 36 35 131 33 33 132 30 30 133 37 37 134 38 38 135 34 34 136 32 31 137 32 31 138 36 35 139 38 38 140 35 36 141 31 32 142 33 33 143 33 33 144 37 37 145 35 36 146 42 39 147 39 40 148 40 41 149 40 41 150 41 42 151 42 39 152 44 43 153 35 36 154 37 37 155 37 37 156 43 44 157 44 43 158 45 45 159 36 35 160 35 36 161 35 36 162 44 43 163 45 45 164 37 37 165 30 30 166 43 44 167 49 46 168 46 47 169 47 48 170 47 48 171 48 49 172 49 46 173 50 50 174 41 42 175 46 47 176 46 47 177 49 46 178 50 50 179 47 48 180 51 51 181 48 49 182 52 52 183 42 39 184 41 42 185 41 42 186 50 50 187 52 52 188 54 53 189 50 50 190 49 46 191 49 46 192 53 54 193 54 53 194 48 49 195 51 51 196 55 55 197 56 56 198 52 52 199 50 50 200 50 50 201 54 53 202 56 56 203 53 54 204 49 46 205 48 49 206 48 49 207 55 55 208 53 54 209 55 55 210 51 51 211 57 57 212 59 58 213 56 56 214 54 53 215 54 53 216 58 59 217 59 58 218 60 60 219 53 54 220 55 55 221 55 55 222 57 57 223 60 60 224 58 59 225 54 53 226 53 54 227 53 54 228 60 60 229 58 59 230 64 61 231 61 62 232 62 63 233 62 63 234 63 64 235 64 61 236 68 65 237 65 66 238 66 67 239 66 67 240 67 68 241 68 65 242 63 64 243 62 63 244 65 66 245 65 66 246 68 65 247 63 64 248 57 57 249 51 51 250 69 69 251 71 70 252 63 64 253 68 65 254 68 65 255 70 71 256 71 70 257 67 68 258 72 72 259 73 73 260 74 74 261 64 61 262 63 64 263 63 64 264 71 70 265 74 74 266 70 71 267 68 65 268 67 68 269 67 68 270 73 73 271 70 71 272 76 75 273 71 70 274 70 71 275 70 71 276 75 76 277 76 75 278 73 73 279 72 72 280 77 77 281 78 78 282 74 74 283 71 70 284 71 70 285 76 75 286 78 78 287 75 76 288 70 71 289 73 73 290 73 73 291 77 77 292 75 76 293 80 79 294 78 78 295 76 75 296 76 75 297 79 80 298 80 79 299 82 81 300 75 76 301 77 77 302 77 77 303 81 82 304 82 81 305 79 80 306 76 75 307 75 76 308 75 76 309 82 81 310 79 80 311 77 77 312 72 72 313 81 82 314 84 83 315 80 79 316 79 80 317 79 80 318 83 84 319 84 83 320 4 5 321 85 85 322 86 86 323 86 86 324 5 6 325 4 5 326 83 84 327 79 80 328 82 81 329 82 81 330 87 87 331 83 84 332 86 86 333 8 8 334 5 6 335</p>
        </triangles>
      </mesh>
    </geometry>
    <geometry id="meshId2_name-mesh" name="meshId2_name">
      <mesh>
        <source id="meshId2_name-mesh-positions">
          <float_array id="meshId2_name-mesh-positions-array" count="273">-0.985209 -11.40791 3.955408 -1.298019 -5.695184 4.476371 -2.268375 -5.695184 3.543336 -1.726574 -11.40791 3.242558 1.7816 -11.40791 3.242558 2.323401 -5.695184 3.543336 1.353045 -5.695184 4.476371 1.040236 -11.40791 3.955408 2.052958 -11.40791 2.268786 2.678577 -5.695184 2.268786 1.7816 -11.40791 1.295015 2.323401 -5.695184 0.994236 1.040236 -11.40791 0.582164 1.353045 -5.695184 0.06120198 0.02751296 -11.40791 0.321243 0.02751296 -5.695184 -0.280313 -0.985209 -11.40791 0.582164 -1.298019 -5.695184 0.06120198 -1.726574 -11.40791 1.295015 -2.268375 -5.695184 0.994236 -1.997932 -11.40791 2.268786 -2.62355 -5.695184 2.268786 0.02751296 -5.695181 4.817885 0.02751296 -11.40791 4.216329 0.02751296 -20.02807 3.992747 0.02751296 -11.40791 4.216329 -0.868947 -20.02807 3.76178 -1.525201 -20.02807 3.130767 -1.765406 -20.02807 2.268786 -1.525201 -20.02807 1.406805 -0.868947 -20.02807 0.775792 0.02751296 -20.02807 0.544825 0.923973 -20.02807 0.775792 1.580227 -20.02807 1.406805 1.820433 -20.02807 2.268786 1.580227 -20.02807 3.130767 0.923973 -20.02807 3.76178 0.02751296 -20.02807 3.992747 0.02751398 -4.053224 4.251888 0.02751296 5.832413 5.040503 -1.413779 5.832413 4.669162 -0.979766 -3.82575 3.986898 -1.792175 -4.298009 3.298957 -2.069128 -4.236315 2.268786 -1.792175 -4.298008 1.238615 -1.030213 -4.466528 0.473503 0.02751296 -4.695689 0.173764 1.113837 -4.920568 0.429475 1.934333 -5.078743 1.193901 2.241047 -5.13439 2.268786 1.934333 -5.078743 3.343671 1.113837 -4.920568 4.108097 0.02751296 -5.695181 4.817885 0.812549 -28.64823 3.576211 0.02751296 -28.64823 3.778471 1.387236 -28.64823 3.023628 1.597585 -28.64823 2.268786 1.387236 -28.64823 1.513944 0.812549 -28.64823 0.961361 0.02751296 -28.64823 0.759102 -0.757523 -28.64823 0.961361 -1.332209 -28.64823 1.513944 -1.542559 -28.64823 2.268786 -1.332209 -28.64823 3.023628 -0.757523 -28.64823 3.576211 0.02751296 -28.64823 3.778471 1.033916 -4.280954 3.98552 1.468805 5.832413 4.669162 0.02751296 5.832413 5.040503 0.02751398 -4.053224 4.251888 -2.468878 5.832413 3.654644 -1.71771 -3.659464 3.261034 -2.855071 5.832413 2.268786 -1.987936 -3.598659 2.268786 -2.468878 5.832413 0.882928 -1.71771 -3.659464 1.276538 -1.413779 5.832413 -0.13159 -0.979766 -3.825749 0.550674 0.02751296 5.832413 -0.502929 0.02751296 -4.053226 0.285684 1.468805 5.832413 -0.13159 1.033916 -4.280953 0.552052 2.523905 5.832413 0.882928 1.770118 -4.447742 1.27791 2.910098 5.832413 2.268786 2.039478 -4.508796 2.268786 2.523905 5.832413 3.654644 1.770118 -4.447742 3.259662 0.02751296 -4.695687 4.363809 -1.030213 -4.466528 4.064069 0.02751296 -4.695687 4.363809</float_array>
          <technique_common>
            <accessor source="#meshId2_name-mesh-positions-array" count="91" stride="3">
              <param name="X" type="float"/>
              <param name="Y" type="float"/>
              <param name="Z" type="float"/>
            </accessor>
          </technique_common>
        </source>
        <source id="meshId2_name-mesh-normals">
          <float_array id="meshId2_name-mesh-normals-array" count="273">-0.8564479 -0.06775927 0.5117674 -0.4860206 -0.06642866 0.8714191 -0.4766369 0.1335616 0.868895 -0.850311 0.1255568 0.5110839 0.4860192 -0.06642854 0.8714199 0.8564471 -0.06775927 0.5117686 0.8401885 0.2317442 0.4902836 0.4907237 0.192976 0.8496769 0.9976546 -0.0684508 6.60518e-7 0.9686798 0.2483136 -8.9216e-6 0.8564481 -0.06775915 -0.511767 0.8401625 0.2317981 -0.4903028 0.4860211 -0.06642866 -0.8714189 0.4907135 0.192987 -0.8496801 8.34084e-7 -0.0657885 -0.9978337 0.0123586 0.1554708 -0.9877632 -0.4860193 -0.06642866 -0.8714199 -0.47661 0.1335941 -0.8689048 -0.8564471 -0.06775921 -0.5117688 -0.8503317 0.1255791 -0.511044 -0.9976546 -0.0684508 -9.85884e-7 -0.9922827 0.123997 -1.0957e-6 3.05027e-5 -0.06579786 0.997833 0.0124529 0.1554347 0.9877677 -0.4871193 -0.02563595 0.8729591 -3.65078e-5 -0.02538889 0.9996777 -3.93987e-5 -0.06579929 0.9978329 -0.8582406 -0.02614337 0.5125814 -0.9996514 -0.02640658 3.7417e-7 -0.858241 -0.02614343 -0.5125807 -0.4871197 -0.02563595 -0.8729588 -2.5957e-7 -0.02539134 -0.9996776 0.4871193 -0.02563595 -0.8729591 0.8582405 -0.02614337 -0.5125817 0.9996514 -0.02640652 -3.49554e-7 0.8582408 -0.02614337 0.5125812 0.4871198 -0.02563595 0.872959 3.61651e-5 -0.02539348 0.9996776 -0.4860343 0.02956992 0.8734393 0.008885204 0.04797482 0.998809 -0.003255665 -0.3878489 0.9217172 -0.4512763 -0.3920483 0.8016533 -0.8271891 0.2500129 0.5032414 -0.969092 0.2466997 5.22286e-6 -0.8272525 0.250068 -0.5031096 -0.4544852 0.2654484 -0.8502825 0.02657413 0.3042185 -0.9522316 0.4774583 0.3697279 -0.7970789 0.7805573 0.4394009 -0.4445865 0.8825882 0.4701468 -1.16751e-5 0.7805689 0.4393683 0.4445984 0.4774738 0.3697509 0.7970589 0.01235282 0.1554338 0.9877691 -3.93612e-5 -0.6642762 0.7474873 0.3644731 -0.663473 0.6534242 0.6435046 -0.6618722 0.3844828 0.7503778 -0.6610093 2.74796e-5 0.6435393 -0.6618672 -0.3844336 0.3645092 -0.6635054 -0.6533709 3.09544e-5 -0.6642862 -0.7474784 -0.3644716 -0.6634732 -0.6534247 -0.6435046 -0.6618721 -0.384483 -0.7503777 -0.6610094 -2.75979e-5 -0.6435385 -0.661867 0.3844351 -0.3645113 -0.6635054 0.6533699 3.43472e-5 -0.6642776 0.747486 0.009008347 0.04796087 0.9988086 0.4988325 0.07533895 0.8634179 0.4465474 -0.3906002 0.8050013 -0.003286421 -0.387835 0.921723 -0.8594172 0.01904642 0.5109204 -0.7880815 -0.399842 0.468032 -0.99988 0.01549172 3.30218e-6 -0.914833 -0.4038326 9.64385e-6 -0.8594045 0.01902139 -0.5109426 -0.7880883 -0.3998553 -0.4680091 -0.4860139 0.02953827 -0.8734517 -0.4512926 -0.3920474 -0.8016446 0.008937597 0.04794913 -0.9988099 -0.003269314 -0.3878152 -0.9217315 0.4988237 0.07532262 -0.8634243 0.4465485 -0.3905903 -0.8050054 0.8599225 0.1048231 -0.4995452 0.7872622 -0.3972402 -0.4716128 0.9929539 0.1185016 2.70162e-6 0.9161619 -0.4008087 -1.90269e-6 0.8598984 0.1048557 0.4995799 0.7872591 -0.3972714 0.4715916 0.02653235 0.3042147 0.9522339 -0.4544835 0.2654664 0.8502779 0.0266065 0.3042156 0.9522317</float_array>
          <technique_common>
            <accessor source="#meshId2_name-mesh-normals-array" count="91" stride="3">
              <param name="X" type="float"/>
              <param name="Y" type="float"/>
              <param name="Z" type="float"/>
            </accessor>
          </technique_common>
        </source>
        <source id="meshId2_name-mesh-map-0">
          <float_array id="meshId2_name-mesh-map-0-array" count="864">0.481714 0.277751 0.497839 0.276047 0.510734 0.361796 0.510734 0.361796 0.491584 0.36394 0.481714 0.277751 0.333654 0.27678 0.350042 0.278324 0.341373 0.365172 0.341373 0.365172 0.322139 0.364352 0.333654 0.27678 0.350042 0.278324 0.366545 0.279493 0.360431 0.365944 0.360431 0.365944 0.341373 0.365172 0.350042 0.278324 0.366545 0.279493 0.383103 0.28031 0.379356 0.367232 0.379356 0.367232 0.360431 0.365944 0.366545 0.279493 0.383103 0.28031 0.39966 0.280792 0.398067 0.368118 0.398067 0.368118 0.379356 0.367232 0.383103 0.28031 0.39966 0.280792 0.416184 0.280914 0.416794 0.368413 0.416794 0.368413 0.398067 0.368118 0.39966 0.280792 0.416184 0.280914 0.432666 0.280672 0.435536 0.368061 0.435536 0.368061 0.416794 0.368413 0.416184 0.280914 0.432666 0.280672 0.449093 0.280069 0.454247 0.367178 0.454247 0.367178 0.435536 0.368061 0.432666 0.280672 0.449093 0.280069 0.465454 0.27909 0.472892 0.36596 0.472892 0.36596 0.454247 0.367178 0.449093 0.280069 0.465454 0.27909 0.481714 0.277751 0.491584 0.36394 0.491584 0.36394 0.472892 0.36596 0.465454 0.27909 0.317419 0.274812 0.333654 0.27678 0.322139 0.364352 0.322139 0.364352 0.301648 0.36367 0.317419 0.274812 0.486844 0.138146 0.500987 0.137024 0.513747 0.273899 0.513747 0.273899 0.497839 0.276047 0.486844 0.138146 0.472661 0.139078 0.486844 0.138146 0.497839 0.276047 0.497839 0.276047 0.481714 0.277751 0.472661 0.139078 0.458445 0.139809 0.472661 0.139078 0.481714 0.277751 0.481714 0.277751 0.465454 0.27909 0.458445 0.139809 0.444201 0.140336 0.458445 0.139809 0.465454 0.27909 0.465454 0.27909 0.449093 0.280069 0.444201 0.140336 0.429935 0.140662 0.444201 0.140336 0.449093 0.280069 0.449093 0.280069 0.432666 0.280672 0.429935 0.140662 0.415656 0.14078 0.429935 0.140662 0.432666 0.280672 0.432666 0.280672 0.416184 0.280914 0.415656 0.14078 0.401372 0.140687 0.415656 0.14078 0.416184 0.280914 0.416184 0.280914 0.39966 0.280792 0.401372 0.140687 0.38709 0.140383 0.401372 0.140687 0.39966 0.280792 0.39966 0.280792 0.383103 0.28031 0.38709 0.140383 0.372819 0.139865 0.38709 0.140383 0.383103 0.28031 0.383103 0.28031 0.366545 0.279493 0.372819 0.139865 0.358566 0.139143 0.372819 0.139865 0.366545 0.279493 0.366545 0.279493 0.350042 0.278324 0.358566 0.139143 0.344338 0.13822 0.358566 0.139143 0.350042 0.278324 0.350042 0.278324 0.333654 0.27678 0.344338 0.13822 0.330145 0.137103 0.344338 0.13822 0.333654 0.27678 0.333654 0.27678 0.317419 0.274812 0.330145 0.137103 0.513522 0.39476 0.530735 0.388971 0.57234 0.563595 0.57234 0.563595 0.547459 0.569095 0.513522 0.39476 0.491584 0.36394 0.493945 0.387983 0.474885 0.390617 0.474885 0.390617 0.472892 0.36596 0.491584 0.36394 0.472892 0.36596 0.474885 0.390617 0.455544 0.391344 0.455544 0.391344 0.454247 0.367178 0.472892 0.36596 0.454247 0.367178 0.455544 0.391344 0.436165 0.38957 0.436165 0.38957 0.435536 0.368061 0.454247 0.367178 0.435536 0.368061 0.436165 0.38957 0.416966 0.386147 0.416966 0.386147 0.416794 0.368413 0.435536 0.368061 0.416794 0.368413 0.416966 0.386147 0.397951 0.382277 0.397951 0.382277 0.398067 0.368118 0.416794 0.368413 0.398067 0.368118 0.397951 0.382277 0.378976 0.37912 0.378976 0.37912 0.379356 0.367232 0.398067 0.368118 0.379356 0.367232 0.378976 0.37912 0.359805 0.377517 0.359805 0.377517 0.360431 0.365944 0.379356 0.367232 0.360431 0.365944 0.359805 0.377517 0.340594 0.377057 0.340594 0.377057 0.341373 0.365172 0.360431 0.365944 0.341373 0.365172 0.340594 0.377057 0.321482 0.378459 0.321482 0.378459 0.322139 0.364352 0.341373 0.365172 0.497839 0.276047 0.513747 0.273899 0.531011 0.359996 0.531011 0.359996 0.510734 0.361796 0.497839 0.276047 0.340952 1.51e-4 0.353371 0.001049995 0.344338 0.13822 0.344338 0.13822 0.330145 0.137103 0.340952 1.51e-4 0.353371 0.001049995 0.365802 0.00178796 0.358566 0.139143 0.358566 0.139143 0.344338 0.13822 0.353371 0.001049995 0.365802 0.00178796 0.378243 0.002361953 0.372819 0.139865 0.372819 0.139865 0.358566 0.139143 0.365802 0.00178796 0.378243 0.002361953 0.390692 0.002772986 0.38709 0.140383 0.38709 0.140383 0.372819 0.139865 0.378243 0.002361953 0.390692 0.002772986 0.403145 0.003018975 0.401372 0.140687 0.401372 0.140687 0.38709 0.140383 0.390692 0.002772986 0.403145 0.003018975 0.415599 0.003100991 0.415656 0.14078 0.415656 0.14078 0.401372 0.140687 0.403145 0.003018975 0.415599 0.003100991 0.428053 0.003017961 0.429935 0.140662 0.429935 0.140662 0.415656 0.14078 0.415599 0.003100991 0.428053 0.003017961 0.440502 0.002769947 0.444201 0.140336 0.444201 0.140336 0.429935 0.140662 0.428053 0.003017961 0.440502 0.002769947 0.452945 0.002358973 0.458445 0.139809 0.458445 0.139809 0.444201 0.140336 0.440502 0.002769947 0.452945 0.002358973 0.46538 0.001783967 0.472661 0.139078 0.472661 0.139078 0.458445 0.139809 0.452945 0.002358973 0.46538 0.001783967 0.477802 0.001047968 0.486844 0.138146 0.486844 0.138146 0.472661 0.139078 0.46538 0.001783967 0.477802 0.001047968 0.490213 1.51e-4 0.500987 0.137024 0.500987 0.137024 0.486844 0.138146 0.477802 0.001047968 0.302528 0.392456 0.320796 0.390066 0.293389 0.574412 0.293389 0.574412 0.26762 0.569891 0.302528 0.392456 0.495111 0.399689 0.513522 0.39476 0.547459 0.569095 0.547459 0.569095 0.522389 0.573698 0.495111 0.399689 0.475935 0.402484 0.495111 0.399689 0.522389 0.573698 0.522389 0.573698 0.497151 0.577397 0.475935 0.402484 0.456384 0.40326 0.475935 0.402484 0.497151 0.577397 0.497151 0.577397 0.47174 0.580127 0.456384 0.40326 0.436708 0.401545 0.456384 0.40326 0.47174 0.580127 0.47174 0.580127 0.446225 0.58195 0.436708 0.401545 0.417225 0.398109 0.436708 0.401545 0.446225 0.58195 0.446225 0.58195 0.420641 0.582895 0.417225 0.398109 0.397928 0.394151 0.417225 0.398109 0.420641 0.582895 0.420641 0.582895 0.395038 0.582979 0.397928 0.394151 0.378636 0.390898 0.397928 0.394151 0.395038 0.582979 0.395038 0.582979 0.369488 0.582195 0.378636 0.390898 0.359181 0.389289 0.378636 0.390898 0.369488 0.582195 0.369488 0.582195 0.344042 0.580523 0.359181 0.389289 0.339817 0.388717 0.359181 0.389289 0.344042 0.580523 0.344042 0.580523 0.318684 0.577921 0.339817 0.388717 0.320796 0.390066 0.339817 0.388717 0.318684 0.577921 0.318684 0.577921 0.293389 0.574412 0.320796 0.390066 0.531011 0.359996 0.530353 0.378214 0.512434 0.383274 0.512434 0.383274 0.510734 0.361796 0.531011 0.359996 0.510734 0.361796 0.512434 0.383274 0.493945 0.387983 0.493945 0.387983 0.491584 0.36394 0.510734 0.361796 0.530353 0.378214 0.530735 0.388971 0.513522 0.39476 0.513522 0.39476 0.512434 0.383274 0.530353 0.378214 0.512434 0.383274 0.513522 0.39476 0.495111 0.399689 0.495111 0.399689 0.493945 0.387983 0.512434 0.383274 0.493945 0.387983 0.495111 0.399689 0.475935 0.402484 0.475935 0.402484 0.474885 0.390617 0.493945 0.387983 0.474885 0.390617 0.475935 0.402484 0.456384 0.40326 0.456384 0.40326 0.455544 0.391344 0.474885 0.390617 0.455544 0.391344 0.456384 0.40326 0.436708 0.401545 0.436708 0.401545 0.436165 0.38957 0.455544 0.391344 0.436165 0.38957 0.436708 0.401545 0.417225 0.398109 0.417225 0.398109 0.416966 0.386147 0.436165 0.38957 0.416966 0.386147 0.417225 0.398109 0.397928 0.394151 0.397928 0.394151 0.397951 0.382277 0.416966 0.386147 0.397951 0.382277 0.397928 0.394151 0.378636 0.390898 0.378636 0.390898 0.378976 0.37912 0.397951 0.382277 0.378976 0.37912 0.378636 0.390898 0.359181 0.389289 0.359181 0.389289 0.359805 0.377517 0.378976 0.37912 0.359805 0.377517 0.359181 0.389289 0.339817 0.388717 0.339817 0.388717 0.340594 0.377057 0.359805 0.377517 0.340594 0.377057 0.339817 0.388717 0.320796 0.390066 0.320796 0.390066 0.321482 0.378459 0.340594 0.377057 0.321482 0.378459 0.320796 0.390066 0.302528 0.392456 0.302528 0.392456 0.303014 0.38151 0.321482 0.378459 0.322139 0.364352 0.321482 0.378459 0.303014 0.38151 0.303014 0.38151 0.301648 0.36367 0.322139 0.364352</float_array>
          <technique_common>
            <accessor source="#meshId2_name-mesh-map-0-array" count="432" stride="2">
              <param name="S" type="float"/>
              <param name="T" type="float"/>
            </accessor>
          </technique_common>
        </source>
        <vertices id="meshId2_name-mesh-vertices">
          <input semantic="POSITION" source="#meshId2_name-mesh-positions"/>
        </vertices>
        <triangles material="wood-material" count="144">
          <input semantic="VERTEX" source="#meshId2_name-mesh-vertices" offset="0"/>
          <input semantic="NORMAL" source="#meshId2_name-mesh-normals" offset="1"/>
          <input semantic="TEXCOORD" source="#meshId2_name-mesh-map-0" offset="2" set="0"/>
          <p>3 0 0 0 1 1 1 2 2 1 2 3 2 3 4 3 0 5 7 4 6 4 5 7 5 6 8 5 6 9 6 7 10 7 4 11 4 5 12 8 8 13 9 9 14 9 9 15 5 6 16 4 5 17 8 8 18 10 10 19 11 11 20 11 11 21 9 9 22 8 8 23 10 10 24 12 12 25 13 13 26 13 13 27 11 11 28 10 10 29 12 12 30 14 14 31 15 15 32 15 15 33 13 13 34 12 12 35 14 14 36 16 16 37 17 17 38 17 17 39 15 15 40 14 14 41 16 16 42 18 18 43 19 19 44 19 19 45 17 17 46 16 16 47 18 18 48 20 20 49 21 21 50 21 21 51 19 19 52 18 18 53 20 20 54 3 0 55 2 3 56 2 3 57 21 21 58 20 20 59 23 22 60 7 4 61 6 7 62 6 7 63 22 23 64 23 22 65 26 24 66 24 25 67 25 26 68 25 26 69 0 1 70 26 24 71 27 27 72 26 24 73 0 1 74 0 1 75 3 0 76 27 27 77 28 28 78 27 27 79 3 0 80 3 0 81 20 20 82 28 28 83 29 29 84 28 28 85 20 20 86 20 20 87 18 18 88 29 29 89 30 30 90 29 29 91 18 18 92 18 18 93 16 16 94 30 30 95 31 31 96 30 30 97 16 16 98 16 16 99 14 14 100 31 31 101 32 32 102 31 31 103 14 14 104 14 14 105 12 12 106 32 32 107 33 33 108 32 32 109 12 12 110 12 12 111 10 10 112 33 33 113 34 34 114 33 33 115 10 10 116 10 10 117 8 8 118 34 34 119 35 35 120 34 34 121 8 8 122 8 8 123 4 5 124 35 35 125 36 36 126 35 35 127 4 5 128 4 5 129 7 4 130 36 36 131 37 37 132 36 36 133 7 4 134 7 4 135 23 22 136 37 37 137 41 38 138 38 39 139 39 40 140 39 40 141 40 41 142 41 38 143 2 3 144 42 42 145 43 43 146 43 43 147 21 21 148 2 3 149 21 21 150 43 43 151 44 44 152 44 44 153 19 19 154 21 21 155 19 19 156 44 44 157 45 45 158 45 45 159 17 17 160 19 19 161 17 17 162 45 45 163 46 46 164 46 46 165 15 15 166 17 17 167 15 15 168 46 46 169 47 47 170 47 47 171 13 13 172 15 15 173 13 13 174 47 47 175 48 48 176 48 48 177 11 11 178 13 13 179 11 11 180 48 48 181 49 49 182 49 49 183 9 9 184 11 11 185 9 9 186 49 49 187 50 50 188 50 50 189 5 6 190 9 9 191 5 6 192 50 50 193 51 51 194 51 51 195 6 7 196 5 6 197 0 1 198 25 26 199 52 52 200 52 52 201 1 2 202 0 1 203 54 53 204 53 54 205 36 36 206 36 36 207 37 37 208 54 53 209 53 54 210 55 55 211 35 35 212 35 35 213 36 36 214 53 54 215 55 55 216 56 56 217 34 34 218 34 34 219 35 35 220 55 55 221 56 56 222 57 57 223 33 33 224 33 33 225 34 34 226 56 56 227 57 57 228 58 58 229 32 32 230 32 32 231 33 33 232 57 57 233 58 58 234 59 59 235 31 31 236 31 31 237 32 32 238 58 58 239 59 59 240 60 60 241 30 30 242 30 30 243 31 31 244 59 59 245 60 60 246 61 61 247 29 29 248 29 29 249 30 30 250 60 60 251 61 61 252 62 62 253 28 28 254 28 28 255 29 29 256 61 61 257 62 62 258 63 63 259 27 27 260 27 27 261 28 28 262 62 62 263 63 63 264 64 64 265 26 24 266 26 24 267 27 27 268 63 63 269 64 64 270 65 65 271 24 25 272 24 25 273 26 24 274 64 64 275 69 66 276 66 67 277 67 68 278 67 68 279 68 69 280 69 66 281 71 70 282 41 38 283 40 41 284 40 41 285 70 71 286 71 70 287 73 72 288 71 70 289 70 71 290 70 71 291 72 73 292 73 72 293 75 74 294 73 72 295 72 73 296 72 73 297 74 75 298 75 74 299 77 76 300 75 74 301 74 75 302 74 75 303 76 77 304 77 76 305 79 78 306 77 76 307 76 77 308 76 77 309 78 79 310 79 78 311 81 80 312 79 78 313 78 79 314 78 79 315 80 81 316 81 80 317 83 82 318 81 80 319 80 81 320 80 81 321 82 83 322 83 82 323 85 84 324 83 82 325 82 83 326 82 83 327 84 85 328 85 84 329 87 86 330 85 84 331 84 85 332 84 85 333 86 87 334 87 86 335 66 67 336 87 86 337 86 87 338 86 87 339 67 68 340 66 67 341 52 52 342 88 88 343 89 89 344 89 89 345 1 2 346 52 52 347 1 2 348 89 89 349 42 42 350 42 42 351 2 3 352 1 2 353 88 88 354 38 39 355 41 38 356 41 38 357 89 89 358 88 88 359 89 89 360 41 38 361 71 70 362 71 70 363 42 42 364 89 89 365 42 42 366 71 70 367 73 72 368 73 72 369 43 43 370 42 42 371 43 43 372 73 72 373 75 74 374 75 74 375 44 44 376 43 43 377 44 44 378 75 74 379 77 76 380 77 76 381 45 45 382 44 44 383 45 45 384 77 76 385 79 78 386 79 78 387 46 46 388 45 45 389 46 46 390 79 78 391 81 80 392 81 80 393 47 47 394 46 46 395 47 47 396 81 80 397 83 82 398 83 82 399 48 48 400 47 47 401 48 48 402 83 82 403 85 84 404 85 84 405 49 49 406 48 48 407 49 49 408 85 84 409 87 86 410 87 86 411 50 50 412 49 49 413 50 50 414 87 86 415 66 67 416 66 67 417 51 51 418 50 50 419 51 51 420 66 67 421 69 66 422 69 66 423 90 90 424 51 51 425 6 7 426 51 51 427 90 90 428 90 90 429 22 23 430 6 7 431</p>
        </triangles>
      </mesh>
    </geometry>
    <geometry id="meshId1_name-mesh" name="meshId1_name">
      <mesh>
        <source id="meshId1_name-mesh-positions">
          <float_array id="meshId1_name-mesh-positions-array" count="273">0.02751296 5.832413 5.040503 0.02751296 7.447035 6.344262 -2.091734 7.447035 5.798252 -1.413779 5.832413 4.669162 -3.643131 7.447034 4.306524 -2.468878 5.832413 3.654644 -4.210982 7.447034 2.268786 -2.855071 5.832413 2.268786 -3.643131 7.447037 0.231048 -2.468878 5.832413 0.882928 -2.091734 7.447036 -1.26068 -1.413779 5.832413 -0.13159 0.02751296 7.447036 -1.80669 0.02751296 5.832413 -0.502929 2.146761 7.447036 -1.26068 1.468805 5.832413 -0.13159 3.698158 7.447037 0.231048 2.523905 5.832413 0.882928 4.266008 7.447034 2.268786 2.910098 5.832413 2.268786 3.698158 7.447034 4.306524 2.523905 5.832413 3.654644 0.02751296 7.447035 6.344262 2.146761 7.447035 5.798252 1.52405 8.737943 4.761168 0.02751296 8.737943 5.14674 1.468805 5.832413 4.669162 0.02751296 5.832413 5.040503 1.52405 8.737943 -0.223595 0.02751296 8.737943 -0.609168 0.02751296 12.26582 -2.381431 2.445626 12.26582 -1.75842 0.02751296 8.737943 5.14674 -1.469023 8.737943 4.761168 -2.564563 8.737943 3.707763 -2.965559 8.737943 2.268786 2.61959 8.737943 3.707763 3.020586 8.737943 2.268786 2.61959 8.737943 0.829809 -1.469023 8.737943 -0.223595 -2.564563 8.737943 0.829809 -4.808713 12.26582 2.268786 -4.160782 12.26582 -0.05632299 4.215808 12.26582 4.593895 2.445626 12.26582 6.295992 0.02751296 12.26582 6.919004 -2.3906 12.26582 6.295992 4.215808 12.26582 -0.05632299 -2.3906 12.26582 -1.75842 0.02751296 12.26582 6.919004 -4.160782 12.26582 4.593895 4.863739 12.26582 2.268786 0.02751296 12.27869 -2.753109 2.638899 12.27869 -2.080303 -5.195259 12.27869 2.268786 -4.49554 12.27869 -0.242162 4.550565 12.27869 4.779734 2.638899 12.27869 6.617875 0.02751296 12.27869 7.290682 -2.583873 12.27869 6.617875 4.550565 12.27869 -0.242162 -2.583873 12.27869 -2.080303 0.02751296 12.27869 7.290682 -4.49554 12.27869 4.779734 5.250285 12.27869 2.268786 0.02751296 15.71099 9.530056 -3.748347 15.71099 8.55723 3.803373 15.71099 -4.019658 6.567493 15.71099 -1.361849 -6.512467 15.71099 -1.361849 -3.748347 15.71099 -4.019658 3.803373 15.71099 8.55723 0.02751296 15.71099 9.530056 -6.512467 15.71099 5.899421 7.579233 15.71099 2.268786 0.02751296 15.71099 -4.992484 -7.524207 15.71099 2.268786 6.567493 15.71099 5.899421 -2.908084 15.70261 7.157828 -5.05709 15.70261 5.091476 5.112116 15.70261 -0.553904 5.898707 15.70261 2.268786 -2.908084 15.70261 -2.620256 0.02751296 15.70261 -3.376594 -5.843681 15.70261 2.268786 5.112116 15.70261 5.091476 2.96311 15.70261 -2.620256 -5.05709 15.70261 -0.553904 2.96311 15.70261 7.157828 0.02751296 15.70261 7.914166 0.02751296 15.70261 7.914166</float_array>
          <technique_common>
            <accessor source="#meshId1_name-mesh-positions-array" count="91" stride="3">
              <param name="X" type="float"/>
              <param name="Y" type="float"/>
              <param name="Z" type="float"/>
            </accessor>
          </technique_common>
        </source>
        <source id="meshId1_name-mesh-normals">
          <float_array id="meshId1_name-mesh-normals-array" count="273">-0.4512832 -0.3921296 0.8016097 -0.003282725 -0.3878958 0.9216974 -2.75373e-5 0.03119552 0.9995133 -0.4895988 0.0311855 0.8713901 -0.7880484 -0.3999391 0.4680048 -0.8596711 0.03112846 0.5098987 -0.9148072 -0.403891 -4.58583e-6 -0.9995166 0.03109109 -4.33168e-6 -0.7880533 -0.3999537 -0.4679843 -0.8596666 0.03112894 -0.5099062 -0.4512736 -0.3921404 -0.8016098 -0.4895914 0.03118515 -0.8713942 -0.00327748 -0.3879021 -0.9216948 3.96962e-6 0.03120595 -0.999513 0.4465116 -0.3906713 -0.8049865 0.4895985 0.03118598 -0.8713903 0.7872155 -0.3973572 -0.471592 0.859671 0.03112959 -0.5098989 0.9161338 -0.4008728 4.60818e-6 0.9995166 0.03109121 4.47527e-6 0.7872386 -0.3973245 0.4715811 0.8596668 0.03112787 0.509906 3.90708e-5 0.1552436 0.9878763 2.31415e-5 0.03120785 0.9995129 0.4895917 0.03118491 0.871394 0.478425 0.1561386 0.8641356 0.4465385 -0.3906354 0.8049891 -0.003228843 -0.3878723 0.9217075 0.231448 -0.8807708 -0.413128 0.4784234 0.1561347 -0.8641371 -1.06345e-6 0.1552413 -0.9878766 5.01012e-6 -0.8791654 -0.476517 -0.4784232 0.1561347 0.8641372 -3.35574e-5 0.1552383 0.9878771 -0.9872759 0.1590167 1.54771e-6 -0.8459632 0.1580204 0.5092895 0.8459641 0.1580246 0.5092868 0.9872759 0.1590169 -1.36787e-6 0.8459631 0.1580209 -0.5092896 -0.4784249 0.1561387 -0.8641356 -0.8459641 0.1580249 -0.5092868 -0.4016755 -0.8840592 -0.2389478 -0.4641812 -0.8857403 -4.5588e-6 0.2314398 -0.8807712 0.4131318 0.4016758 -0.8840591 0.2389482 -0.2314482 -0.8807706 0.4131282 -3.11434e-5 -0.8791671 0.4765136 0.4016848 -0.8840571 -0.2389403 -0.2314414 -0.8807709 -0.4131313 3.84972e-5 -0.8791664 0.4765151 -0.4016824 -0.8840579 0.238941 0.4641805 -0.8857406 4.53476e-6 0.2627888 -0.8402328 -0.47429 4.77086e-6 -0.8394619 -0.5434187 -0.462513 -0.8418202 -0.2782456 -0.538479 -0.842639 -3.99571e-6 0.2627817 -0.8402318 0.4742956 0.4625124 -0.8418203 0.278246 -0.2627888 -0.8402327 0.4742903 -4.52399e-5 -0.8394669 0.5434111 0.4625181 -0.84182 -0.2782376 -0.2627832 -0.8402317 -0.474295 1.5378e-5 -0.8394717 0.5434035 -0.4625166 -0.8418206 0.2782382 0.5384783 -0.8426394 4.00779e-6 -0.4429892 0.4252834 0.7892367 -3.5122e-5 0.427941 0.9038067 0.7803933 0.4198809 -0.4633426 0.4429894 0.4252825 -0.7892371 -0.4429863 0.4252972 -0.789231 -0.7803879 0.4198949 -0.4633389 2.19047e-5 0.4279614 0.9037972 0.442986 0.4252982 0.7892307 -0.7803937 0.4198807 0.4633423 0.9088506 0.4171219 0 0 0.4279276 -0.9038131 -0.9088505 0.4171221 -1.90389e-7 0.7803876 0.4198949 0.4633396 0.004303753 0.9999874 -0.002612411 0.002472221 0.9999869 -0.00450164 -0.004982709 0.9999876 0 -0.004304349 0.9999874 0.002611815 4.03839e-7 0.9999866 0.005181729 0.002471446 0.9999868 0.004499554 0.004983186 0.9999876 0 -0.004305064 0.9999874 -0.002612173 -0.002470612 0.9999868 0.004499554 0.004304587 0.9999874 0.002612173 -0.002472162 0.9999868 -0.00450164 1.38067e-4 0.9999867 -0.005182266 -8.93566e-5 0.9999866 -0.005182147</float_array>
          <technique_common>
            <accessor source="#meshId1_name-mesh-normals-array" count="91" stride="3">
              <param name="X" type="float"/>
              <param name="Y" type="float"/>
              <param name="Z" type="float"/>
            </accessor>
          </technique_common>
        </source>
        <source id="meshId1_name-mesh-map-0">
          <float_array id="meshId1_name-mesh-map-0-array" count="864">0.279575 0.408146 0.294681 0.422102 0.277343 0.446123 0.277343 0.446123 0.259868 0.425379 0.279575 0.408146 0.267775 0.391502 0.279575 0.408146 0.259868 0.425379 0.259868 0.425379 0.245456 0.405469 0.267775 0.391502 0.258076 0.373111 0.267775 0.391502 0.245456 0.405469 0.245456 0.405469 0.232716 0.384564 0.258076 0.373111 0.250914 0.352859 0.258076 0.373111 0.232716 0.384564 0.232716 0.384564 0.223487 0.361358 0.250914 0.352859 0.246139 0.330603 0.250914 0.352859 0.223487 0.361358 0.223487 0.361358 0.21654 0.335985 0.246139 0.330603 0.243766 0.306702 0.246139 0.330603 0.21654 0.335985 0.21654 0.335985 0.212755 0.308598 0.243766 0.306702 0.243745 0.282115 0.243766 0.306702 0.212755 0.308598 0.212755 0.308598 0.211157 0.280314 0.243745 0.282115 0.246901 0.257133 0.243745 0.282115 0.211157 0.280314 0.211157 0.280314 0.214475 0.251348 0.246901 0.257133 0.253127 0.232083 0.246901 0.257133 0.214475 0.251348 0.214475 0.251348 0.219797 0.221904 0.253127 0.232083 0.263286 0.207005 0.253127 0.232083 0.219797 0.221904 0.219797 0.221904 0.22971 0.192562 0.263286 0.207005 0.223758 0.115804 0.262858 0.1257899 0.242933 0.1619 0.242933 0.1619 0.209104 0.14715 0.223758 0.115804 0.277559 0.181253 0.263286 0.207005 0.22971 0.192562 0.22971 0.192562 0.242933 0.1619 0.277559 0.181253 0.294681 0.156134 0.277559 0.181253 0.242933 0.1619 0.242933 0.1619 0.262858 0.1257899 0.294681 0.156134 0.09644597 0.277622 0.180388 0.27972 0.179497 0.311791 0.179497 0.311791 0.10133 0.319297 0.09644597 0.277622 0.23946 0.440996 0.259868 0.425379 0.277343 0.446123 0.277343 0.446123 0.256372 0.458072 0.23946 0.440996 0.209205 0.396008 0.232716 0.384564 0.245456 0.405469 0.245456 0.405469 0.221553 0.420997 0.209205 0.396008 0.209104 0.14715 0.242933 0.1619 0.22971 0.192562 0.22971 0.192562 0.196948 0.180258 0.209104 0.14715 0.221553 0.420997 0.245456 0.405469 0.259868 0.425379 0.259868 0.425379 0.23946 0.440996 0.221553 0.420997 0.196948 0.180258 0.22971 0.192562 0.219797 0.221904 0.219797 0.221904 0.188901 0.213822 0.196948 0.180258 0.188901 0.213822 0.219797 0.221904 0.214475 0.251348 0.214475 0.251348 0.180048 0.2463819 0.188901 0.213822 0.180048 0.2463819 0.214475 0.251348 0.211157 0.280314 0.211157 0.280314 0.180388 0.27972 0.180048 0.2463819 0.180388 0.27972 0.211157 0.280314 0.212755 0.308598 0.212755 0.308598 0.179497 0.311791 0.180388 0.27972 0.179497 0.311791 0.212755 0.308598 0.21654 0.335985 0.21654 0.335985 0.186446 0.342345 0.179497 0.311791 0.186446 0.342345 0.21654 0.335985 0.223487 0.361358 0.223487 0.361358 0.196165 0.370444 0.186446 0.342345 0.196165 0.370444 0.223487 0.361358 0.232716 0.384564 0.232716 0.384564 0.209205 0.396008 0.196165 0.370444 0.124782 0.396482 0.196165 0.370444 0.209205 0.396008 0.209205 0.396008 0.141629 0.430792 0.124782 0.396482 0.133787 0.103054 0.209104 0.14715 0.196948 0.180258 0.196948 0.180258 0.115711 0.146917 0.133787 0.103054 0.189705 0.491616 0.23946 0.440996 0.256372 0.458072 0.256372 0.458072 0.2228749 0.515805 0.189705 0.491616 0.09751695 0.23482 0.180048 0.2463819 0.180388 0.27972 0.180388 0.27972 0.09644597 0.277622 0.09751695 0.23482 0.110912 0.359282 0.186446 0.342345 0.196165 0.370444 0.196165 0.370444 0.124782 0.396482 0.110912 0.359282 0.161072 0.06423699 0.223758 0.115804 0.209104 0.14715 0.209104 0.14715 0.133787 0.103054 0.161072 0.06423699 0.163636 0.462691 0.221553 0.420997 0.23946 0.440996 0.23946 0.440996 0.189705 0.491616 0.163636 0.462691 0.1033689 0.1903859 0.188901 0.213822 0.180048 0.2463819 0.180048 0.2463819 0.09751695 0.23482 0.1033689 0.1903859 0.10133 0.319297 0.179497 0.311791 0.186446 0.342345 0.186446 0.342345 0.110912 0.359282 0.10133 0.319297 0.141629 0.430792 0.209205 0.396008 0.221553 0.420997 0.221553 0.420997 0.163636 0.462691 0.141629 0.430792 0.115711 0.146917 0.196948 0.180258 0.188901 0.213822 0.188901 0.213822 0.1033689 0.1903859 0.115711 0.146917 0.09059 0.278079 0.09644597 0.277622 0.10133 0.319297 0.10133 0.319297 0.095398 0.320284 0.09059 0.278079 0.119273 0.398791 0.124782 0.396482 0.141629 0.430792 0.141629 0.430792 0.137095 0.43359 0.119273 0.398791 0.127708 0.09977 0.133787 0.103054 0.115711 0.146917 0.115711 0.146917 0.108995 0.144576 0.127708 0.09977 0.185849 0.495883 0.189705 0.491616 0.2228749 0.515805 0.2228749 0.515805 0.220674 0.521467 0.185849 0.495883 0.09084898 0.234208 0.09751695 0.23482 0.09644597 0.277622 0.09644597 0.277622 0.09059 0.278079 0.09084898 0.234208 0.105242 0.360803 0.110912 0.359282 0.124782 0.396482 0.124782 0.396482 0.119273 0.398791 0.105242 0.360803 0.1568509 0.05846899 0.161072 0.06423699 0.133787 0.103054 0.133787 0.103054 0.127708 0.09977 0.1568509 0.05846899 0.158967 0.46631 0.163636 0.462691 0.189705 0.491616 0.189705 0.491616 0.185849 0.495883 0.158967 0.46631 0.09723997 0.1892189 0.1033689 0.1903859 0.09751695 0.23482 0.09751695 0.23482 0.09084898 0.234208 0.09723997 0.1892189 0.095398 0.320284 0.10133 0.319297 0.110912 0.359282 0.110912 0.359282 0.105242 0.360803 0.095398 0.320284 0.137095 0.43359 0.141629 0.430792 0.163636 0.462691 0.163636 0.462691 0.158967 0.46631 0.137095 0.43359 0.108995 0.144576 0.115711 0.146917 0.1033689 0.1903859 0.1033689 0.1903859 0.09723997 0.1892189 0.108995 0.144576 0.144959 0.53709 0.185849 0.495883 0.220674 0.521467 0.220674 0.521467 0.177301 0.579587 0.144959 0.53709 0.02878397 0.231726 0.09084898 0.234208 0.09059 0.278079 0.09059 0.278079 0.02920395 0.283624 0.02878397 0.231726 0.05015599 0.378308 0.105242 0.360803 0.119273 0.398791 0.119273 0.398791 0.06773096 0.420121 0.05015599 0.378308 0.08847898 0.002813994 0.1568509 0.05846899 0.127708 0.09977 0.127708 0.09977 0.06291496 0.07152998 0.08847898 0.002813994 0.116582 0.500601 0.158967 0.46631 0.185849 0.495883 0.185849 0.495883 0.144959 0.53709 0.116582 0.500601 0.03607296 0.177165 0.09723997 0.1892189 0.09084898 0.234208 0.09084898 0.234208 0.02878397 0.231726 0.03607296 0.177165 0.03592699 0.33308 0.095398 0.320284 0.105242 0.360803 0.105242 0.360803 0.05015599 0.378308 0.03592699 0.33308 0.09070497 0.460517 0.137095 0.43359 0.158967 0.46631 0.158967 0.46631 0.116582 0.500601 0.09070497 0.460517 0.04649895 0.123976 0.108995 0.144576 0.09723997 0.1892189 0.09723997 0.1892189 0.03607296 0.177165 0.04649895 0.123976 0.02920395 0.283624 0.09059 0.278079 0.095398 0.320284 0.095398 0.320284 0.03592699 0.33308 0.02920395 0.283624 0.06773096 0.420121 0.119273 0.398791 0.137095 0.43359 0.137095 0.43359 0.09070497 0.460517 0.06773096 0.420121 0.06291496 0.07152998 0.127708 0.09977 0.108995 0.144576 0.108995 0.144576 0.04649895 0.123976 0.06291496 0.07152998 0.09692597 0.514573 0.116582 0.500601 0.144959 0.53709 0.144959 0.53709 0.126864 0.550467 0.09692597 0.514573 0.005156993 0.171748 0.03607296 0.177165 0.02878397 0.231726 0.02878397 0.231726 4.93e-4 0.229632 0.005156993 0.171748 0.01039296 0.338047 0.03592699 0.33308 0.05015599 0.378308 0.05015599 0.378308 0.02696698 0.386411 0.01039296 0.338047 0.067501 0.47428 0.09070497 0.460517 0.116582 0.500601 0.116582 0.500601 0.09692597 0.514573 0.067501 0.47428 0.02148199 0.117449 0.04649895 0.123976 0.03607296 0.177165 0.03607296 0.177165 0.005156993 0.171748 0.02148199 0.117449 0.002014994 0.284842 0.02920395 0.283624 0.03592699 0.33308 0.03592699 0.33308 0.01039296 0.338047 0.002014994 0.284842 0.04780799 0.429421 0.06773096 0.420121 0.09070497 0.460517 0.09070497 0.460517 0.067501 0.47428 0.04780799 0.429421 0.034051 0.06279098 0.06291496 0.07152998 0.04649895 0.123976 0.04649895 0.123976 0.02148199 0.117449 0.034051 0.06279098 0.126864 0.550467 0.144959 0.53709 0.177301 0.579587 0.177301 0.579587 0.15331 0.588298 0.126864 0.550467 4.93e-4 0.229632 0.02878397 0.231726 0.02920395 0.283624 0.02920395 0.283624 0.002014994 0.284842 4.93e-4 0.229632 0.02696698 0.386411 0.05015599 0.378308 0.06773096 0.420121 0.06773096 0.420121 0.04780799 0.429421 0.02696698 0.386411 0.05013597 6.5e-4 0.08847898 0.002813994 0.06291496 0.07152998 0.06291496 0.07152998 0.034051 0.06279098 0.05013597 6.5e-4</float_array>
          <technique_common>
            <accessor source="#meshId1_name-mesh-map-0-array" count="432" stride="2">
              <param name="S" type="float"/>
              <param name="T" type="float"/>
            </accessor>
          </technique_common>
        </source>
        <vertices id="meshId1_name-mesh-vertices">
          <input semantic="POSITION" source="#meshId1_name-mesh-positions"/>
        </vertices>
        <triangles material="metal-material" count="144">
          <input semantic="VERTEX" source="#meshId1_name-mesh-vertices" offset="0"/>
          <input semantic="NORMAL" source="#meshId1_name-mesh-normals" offset="1"/>
          <input semantic="TEXCOORD" source="#meshId1_name-mesh-map-0" offset="2" set="0"/>
          <p>3 0 0 0 1 1 1 2 2 1 2 3 2 3 4 3 0 5 5 4 6 3 0 7 2 3 8 2 3 9 4 5 10 5 4 11 7 6 12 5 4 13 4 5 14 4 5 15 6 7 16 7 6 17 9 8 18 7 6 19 6 7 20 6 7 21 8 9 22 9 8 23 11 10 24 9 8 25 8 9 26 8 9 27 10 11 28 11 10 29 13 12 30 11 10 31 10 11 32 10 11 33 12 13 34 13 12 35 15 14 36 13 12 37 12 13 38 12 13 39 14 15 40 15 14 41 17 16 42 15 14 43 14 15 44 14 15 45 16 17 46 17 16 47 19 18 48 17 16 49 16 17 50 16 17 51 18 19 52 19 18 53 21 20 54 19 18 55 18 19 56 18 19 57 20 21 58 21 20 59 25 22 60 22 23 61 23 24 62 23 24 63 24 25 64 25 22 65 26 26 66 21 20 67 20 21 68 20 21 69 23 24 70 26 26 71 27 27 72 26 26 73 23 24 74 23 24 75 22 23 76 27 27 77 31 28 78 28 29 79 29 30 80 29 30 81 30 31 82 31 28 83 33 32 84 2 3 85 1 2 86 1 2 87 32 33 88 33 32 89 35 34 90 6 7 91 4 5 92 4 5 93 34 35 94 35 34 95 24 25 96 23 24 97 20 21 98 20 21 99 36 36 100 24 25 101 34 35 102 4 5 103 2 3 104 2 3 105 33 32 106 34 35 107 36 36 108 20 21 109 18 19 110 18 19 111 37 37 112 36 36 113 37 37 114 18 19 115 16 17 116 16 17 117 38 38 118 37 37 119 38 38 120 16 17 121 14 15 122 14 15 123 28 29 124 38 38 125 28 29 126 14 15 127 12 13 128 12 13 129 29 30 130 28 29 131 29 30 132 12 13 133 10 11 134 10 11 135 39 39 136 29 30 137 39 39 138 10 11 139 8 9 140 8 9 141 40 40 142 39 39 143 40 40 144 8 9 145 6 7 146 6 7 147 35 34 148 40 40 149 42 41 150 40 40 151 35 34 152 35 34 153 41 42 154 42 41 155 44 43 156 24 25 157 36 36 158 36 36 159 43 44 160 44 43 161 46 45 162 33 32 163 32 33 164 32 33 165 45 46 166 46 45 167 47 47 168 38 38 169 28 29 170 28 29 171 31 28 172 47 47 173 48 48 174 39 39 175 40 40 176 40 40 177 42 41 178 48 48 179 49 49 180 25 22 181 24 25 182 24 25 183 44 43 184 49 49 185 50 50 186 34 35 187 33 32 188 33 32 189 46 45 190 50 50 191 51 51 192 37 37 193 38 38 194 38 38 195 47 47 196 51 51 197 30 31 198 29 30 199 39 39 200 39 39 201 48 48 202 30 31 203 41 42 204 35 34 205 34 35 206 34 35 207 50 50 208 41 42 209 43 44 210 36 36 211 37 37 212 37 37 213 51 51 214 43 44 215 53 52 216 31 28 217 30 31 218 30 31 219 52 53 220 53 52 221 55 54 222 42 41 223 41 42 224 41 42 225 54 55 226 55 54 227 57 56 228 44 43 229 43 44 230 43 44 231 56 57 232 57 56 233 59 58 234 46 45 235 45 46 236 45 46 237 58 59 238 59 58 239 60 60 240 47 47 241 31 28 242 31 28 243 53 52 244 60 60 245 61 61 246 48 48 247 42 41 248 42 41 249 55 54 250 61 61 251 62 62 252 49 49 253 44 43 254 44 43 255 57 56 256 62 62 257 63 63 258 50 50 259 46 45 260 46 45 261 59 58 262 63 63 263 64 64 264 51 51 265 47 47 266 47 47 267 60 60 268 64 64 269 52 53 270 30 31 271 48 48 272 48 48 273 61 61 274 52 53 275 54 55 276 41 42 277 50 50 278 50 50 279 63 63 280 54 55 281 56 57 282 43 44 283 51 51 284 51 51 285 64 64 286 56 57 287 66 65 288 59 58 289 58 59 290 58 59 291 65 66 292 66 65 293 68 67 294 60 60 295 53 52 296 53 52 297 67 68 298 68 67 299 70 69 300 61 61 301 55 54 302 55 54 303 69 70 304 70 69 305 72 71 306 62 62 307 57 56 308 57 56 309 71 72 310 72 71 311 73 73 312 63 63 313 59 58 314 59 58 315 66 65 316 73 73 317 74 74 318 64 64 319 60 60 320 60 60 321 68 67 322 74 74 323 75 75 324 52 53 325 61 61 326 61 61 327 70 69 328 75 75 329 76 76 330 54 55 331 63 63 332 63 63 333 73 73 334 76 76 335 77 77 336 56 57 337 64 64 338 64 64 339 74 74 340 77 77 341 67 68 342 53 52 343 52 53 344 52 53 345 75 75 346 67 68 347 69 70 348 55 54 349 54 55 350 54 55 351 76 76 352 69 70 353 71 72 354 57 56 355 56 57 356 56 57 357 77 77 358 71 72 359 79 78 360 73 73 361 66 65 362 66 65 363 78 79 364 79 78 365 81 80 366 74 74 367 68 67 368 68 67 369 80 81 370 81 80 371 83 82 372 75 75 373 70 69 374 70 69 375 82 83 376 83 82 377 84 84 378 76 76 379 73 73 380 73 73 381 79 78 382 84 84 383 85 85 384 77 77 385 74 74 386 74 74 387 81 80 388 85 85 389 86 86 390 67 68 391 75 75 392 75 75 393 83 82 394 86 86 395 87 87 396 69 70 397 76 76 398 76 76 399 84 84 400 87 87 401 88 88 402 71 72 403 77 77 404 77 77 405 85 85 406 88 88 407 78 79 408 66 65 409 65 66 410 65 66 411 89 89 412 78 79 413 80 81 414 68 67 415 67 68 416 67 68 417 86 86 418 80 81 419 82 83 420 70 69 421 69 70 422 69 70 423 87 87 424 82 83 425 90 90 426 72 71 427 71 72 428 71 72 429 88 88 430 90 90 431</p>
        </triangles>
      </mesh>
    </geometry>
    <geometry id="meshId0_name-mesh" name="meshId0_name">
      <mesh>
        <source id="meshId0_name-mesh-positions">
          <float_array id="meshId0_name-mesh-positions-array" count="897">0 -0.706896 -0.02122098 0 -0.57189 0.2156479 -0.227711 -0.57189 0.146271 0 0.57189 0.2156479 0 0.706895 -0.02122098 -0.227711 0.57189 0.146271 -0.322032 0.571889 -0.02122098 -0.227711 -0.57189 0.146271 -0.368444 -0.218442 0.249786 -0.521059 -0.218443 -0.02122098 -0.322032 -0.571891 -0.02122098 -0.368444 0.218442 0.249786 -0.227711 0.57189 0.146271 -0.322032 0.571889 -0.02122098 -0.521059 0.218442 -0.02122098 -0.322032 -0.571891 -0.02122098 -0.227711 0.571889 -0.188713 -0.368444 -0.218443 -0.292229 -0.227711 -0.571891 -0.188713 -0.227711 0.571889 -0.188713 -0.368444 0.218442 -0.292229 -0.227711 -0.571891 -0.188713 0 0.571889 -0.25809 -0.227711 -0.571891 -0.188713 -0.368444 -0.218443 -0.292229 0 -0.218443 -0.404484 0 -0.571891 -0.25809 -0.368444 0.218442 -0.292229 -0.227711 0.571889 -0.188713 0 0.571889 -0.25809 0 0.218442 -0.404484 0 -0.571891 -0.25809 0.227711 0.571889 -0.188713 0.368444 -0.218443 -0.292229 0.227711 -0.571891 -0.188713 0.227711 0.571889 -0.188713 0.368444 0.218442 -0.292229 0.227711 -0.571891 -0.188713 0.322032 0.571889 -0.02122098 0.521059 -0.218443 -0.02122098 0.322032 -0.571891 -0.02122098 0.322032 0.571889 -0.02122098 0.521059 0.218442 -0.02122098 0.322032 -0.571891 -0.02122098 0.227711 0.57189 0.146271 0.322032 -0.571891 -0.02122098 0.521059 -0.218443 -0.02122098 0.368444 -0.218442 0.249786 0.227711 -0.57189 0.146271 0.521059 0.218442 -0.02122098 0.322032 0.571889 -0.02122098 0.227711 0.57189 0.146271 0.368444 0.218442 0.249786 0.227711 -0.57189 0.146271 0.446408 1.731739 -0.06207597 0.446408 1.964011 0.233104 0.191412 1.949854 0.13858 0.446408 3.522374 -2.74e-4 0.446408 3.657984 -0.350548 0.191412 3.508219 -0.09479898 0.08578997 3.474044 -0.323001 0.191412 1.949854 0.13858 0.03381597 2.452537 0.207499 -0.137085 2.39724 -0.161741 0.08578997 1.915679 -0.08962196 0.03381597 3.04778 0.118356 0.191412 3.508219 -0.09479898 0.08578997 3.474044 -0.323001 -0.137085 2.992483 -0.250883 0.08578997 1.915679 -0.08962196 0.191412 3.439868 -0.551204 0.03381597 2.341944 -0.53098 0.191412 1.881504 -0.317825 0.191412 3.439868 -0.551204 0.03381597 2.937186 -0.620123 0.191412 1.881504 -0.317825 0.446408 3.425713 -0.645729 0.191412 1.881504 -0.317825 0.03381597 2.341944 -0.53098 0.446408 2.31904 -0.683924 0.446408 1.867349 -0.412349 0.03381597 2.937186 -0.620123 0.191412 3.439868 -0.551204 0.446408 3.425713 -0.645729 0.446408 2.914282 -0.773067 0.446408 1.867349 -0.412349 0.701403 3.439868 -0.551204 0.858999 2.341944 -0.53098 0.701403 1.881504 -0.317825 0.701403 3.439868 -0.551204 0.858999 2.937186 -0.620123 0.701403 1.881504 -0.317825 0.807026 3.474044 -0.323001 0.701403 1.881504 -0.317825 0.858999 2.341944 -0.53098 1.0299 2.39724 -0.161741 0.807026 1.915679 -0.08962196 0.807026 3.474044 -0.323001 1.0299 2.992483 -0.250883 0.807026 1.915679 -0.08962196 1.0299 2.39724 -0.161741 0.701403 3.508219 -0.09479898 0.858999 2.452537 0.207499 0.701403 1.949854 0.13858 1.0299 2.992483 -0.250883 0.807026 3.474044 -0.323001 0.701403 3.508219 -0.09479898 0.858999 3.04778 0.118356 0.701403 1.949854 0.13858 2.123484 -0.546033 1.047359 1.946747 -0.411029 1.205065 1.846904 -0.411029 0.98897 1.946747 0.732752 1.205065 2.123484 0.867757 1.047359 1.846904 0.732752 0.98897 1.909078 0.732752 0.807079 1.846904 -0.411029 0.98897 1.675968 -0.05758094 0.952883 1.776567 -0.05758094 0.658577 1.909078 -0.411029 0.807079 1.675968 0.379304 0.952883 1.846904 0.732752 0.98897 1.909078 0.732752 0.807079 1.776567 0.379304 0.658578 1.909078 -0.411029 0.807079 2.096848 0.732751 0.765941 1.909078 -0.411029 0.807079 1.776567 -0.05758094 0.658577 2.080386 -0.05758094 0.592014 2.096848 -0.411029 0.765941 1.776567 0.379304 0.658578 1.909078 0.732752 0.807079 2.096848 0.732751 0.765941 2.080386 0.379304 0.592015 2.096848 -0.411029 0.765941 2.300221 0.732752 0.889654 2.409451 -0.05758094 0.792186 2.300221 -0.411029 0.889654 2.300221 0.732752 0.889654 2.409451 0.379304 0.792186 2.300221 -0.411029 0.889654 2.400064 0.732752 1.105749 2.571 -0.05758094 1.141835 2.400064 -0.411029 1.105749 2.400064 0.732752 1.105749 2.571 0.379304 1.141835 2.400064 -0.411029 1.105749 2.33789 0.732752 1.28764 2.400064 -0.411029 1.105749 2.571 -0.05758094 1.141835 2.470401 -0.05758094 1.436141 2.33789 -0.411029 1.28764 2.571 0.379304 1.141835 2.400064 0.732752 1.105749 2.33789 0.732752 1.28764 2.470401 0.379304 1.436141 2.33789 -0.411029 1.28764 2.15012 0.732752 1.328778 2.33789 -0.411029 1.28764 2.470401 -0.05758094 1.436141 2.166582 -0.05758094 1.502704 2.15012 -0.411029 1.328778 2.470401 0.379304 1.436141 2.33789 0.732752 1.28764 2.15012 0.732752 1.328778 2.166582 0.379304 1.502704 2.15012 -0.411029 1.328778 2.342185 2.631136 0.952728 2.09041 2.828569 1.190639 1.93544 2.828569 0.878916 2.09041 4.501242 1.190639 2.342185 4.698674 0.952728 1.93544 4.501242 0.878916 2.018735 4.501241 0.610431 1.93544 2.828569 0.878916 1.684058 3.345454 0.833298 1.818833 3.345454 0.39888 2.018735 2.828568 0.610431 1.684058 3.984357 0.833298 1.93544 4.501242 0.878916 2.018735 4.501241 0.610431 1.818833 3.984357 0.39888 2.018735 2.828568 0.610431 2.291503 4.501241 0.542459 2.018735 2.828568 0.610431 1.818833 3.345454 0.39888 2.260181 3.345454 0.288898 2.291503 2.828568 0.542458 1.818833 3.984357 0.39888 2.018735 4.501241 0.610431 2.291503 4.501241 0.542459 2.260181 3.984357 0.288898 2.291503 2.828568 0.542458 2.593959 4.501241 0.714816 2.749565 3.345454 0.567779 2.593959 2.828568 0.714816 2.593959 4.501241 0.714816 2.749565 3.984357 0.567779 2.593959 2.828568 0.714816 2.74893 4.501242 1.026539 3.000311 3.345453 1.072158 2.74893 2.828569 1.026539 2.74893 4.501242 1.026539 3.000311 3.984357 1.072157 2.74893 2.828569 1.026539 2.665633 4.501242 1.295025 2.74893 2.828569 1.026539 3.000311 3.345453 1.072158 2.865536 3.345453 1.506576 2.665633 2.828569 1.295025 3.000311 3.984357 1.072157 2.74893 4.501242 1.026539 2.665633 4.501242 1.295025 2.865536 3.984357 1.506576 2.665633 2.828569 1.295025 2.392866 4.501242 1.362997 2.665633 2.828569 1.295025 2.865536 3.345453 1.506576 2.424189 3.345453 1.616558 2.392866 2.828569 1.362997 2.865536 3.984357 1.506576 2.665633 4.501242 1.295025 2.392866 4.501242 1.362997 2.424189 3.984357 1.616558 2.392866 2.828569 1.362997 -1.360071 1.29233 0.268971 -1.233096 1.395381 0.397688 -1.394026 1.395381 0.482053 -1.233096 2.268447 0.397687 -1.360071 2.371498 0.268971 -1.394026 2.268446 0.482053 -1.535066 2.268446 0.441598 -1.394026 1.395381 0.482053 -1.415011 1.665174 0.613746 -1.643219 1.665174 0.548288 -1.535066 1.395381 0.441598 -1.415011 1.998655 0.613746 -1.394026 2.268446 0.482053 -1.535066 2.268446 0.441598 -1.643219 1.998655 0.548288 -1.535066 1.395381 0.441598 -1.573596 2.268447 0.30002 -1.535066 1.395381 0.441598 -1.643219 1.665174 0.548288 -1.705562 1.665174 0.31921 -1.573596 1.395381 0.30002 -1.643219 1.998655 0.548288 -1.535066 2.268446 0.441598 -1.573596 2.268447 0.30002 -1.705562 1.998655 0.31921 -1.573596 1.395381 0.30002 -1.487046 2.268447 0.140254 -1.565522 1.665174 0.06070297 -1.487046 1.395381 0.140254 -1.487046 2.268447 0.140254 -1.565522 1.998655 0.06070196 -1.487046 1.395381 0.140254 -1.326116 2.268447 0.05588799 -1.305131 1.665174 -0.07580399 -1.326116 1.395381 0.05588799 -1.326116 2.268447 0.05588799 -1.305131 1.998655 -0.07580399 -1.326116 1.395381 0.05588799 -1.185076 2.268447 0.09634298 -1.326116 1.395381 0.05588799 -1.305131 1.665174 -0.07580399 -1.076923 1.665174 -0.01034599 -1.185076 1.395381 0.09634298 -1.305131 1.998655 -0.07580399 -1.326116 2.268447 0.05588799 -1.185076 2.268447 0.09634298 -1.076923 1.998655 -0.01034694 -1.185076 1.395381 0.09634298 -1.146546 2.268447 0.2379209 -1.185076 1.395381 0.09634298 -1.076923 1.665174 -0.01034599 -1.01458 1.665174 0.2187319 -1.146546 1.395381 0.2379209 -1.076923 1.998655 -0.01034694 -1.185076 2.268447 0.09634298 -1.146546 2.268447 0.2379209 -1.01458 1.998655 0.218731 -1.146546 1.395381 0.2379209 0.02751296 -28.64823 0.759102 0.812549 -28.64823 0.961361 0.001227974 -28.64823 1.489903 -0.757523 -28.64823 0.961361 1.387236 -28.64823 1.513944 0.838835 -28.64823 2.292827 1.597585 -28.64823 2.268786 1.387236 -28.64823 3.023628 -0.783808 -28.64822 2.244745 -1.332209 -28.64823 1.513944 0.05379897 -28.64823 3.04767 0.812549 -28.64823 3.576211 -1.332209 -28.64823 3.023628 -1.542559 -28.64823 2.268786 -0.757523 -28.64823 3.576211 0.02751296 -28.64823 3.778471</float_array>
          <technique_common>
            <accessor source="#meshId0_name-mesh-positions-array" count="299" stride="3">
              <param name="X" type="float"/>
              <param name="Y" type="float"/>
              <param name="Z" type="float"/>
            </accessor>
          </technique_common>
        </source>
        <source id="meshId0_name-mesh-normals">
          <float_array id="meshId0_name-mesh-normals-array" count="903">0 -1 1.89398e-6 0 -0.8687919 0.4951773 -0.5169159 -0.7581417 0.3975164 0 0.8687936 0.4951745 0 1 -1.85616e-6 -0.5169096 0.758139 0.3975298 -0.7155419 0.6985698 -2.86996e-5 -0.7156053 -0.698505 1.28672e-5 -0.5169569 -0.7581033 0.397536 -0.8495614 -0.2221642 0.4784231 -0.9717365 -0.2360684 4.82115e-6 -0.9717365 0.2360684 -3.26021e-6 -0.8495609 0.222168 0.4784221 -0.5169516 0.7581018 0.3975461 -0.7156045 0.6985057 -1.26883e-5 -0.7155405 -0.6985713 2.86847e-5 -0.4604451 0.6654188 -0.5875443 -0.4605298 -0.6653868 -0.5875141 -0.6202157 -0.2115321 -0.7553719 -0.6202023 0.2115229 -0.7553856 -0.4605261 0.6653615 -0.5875457 -0.460492 -0.6654183 -0.5875081 1.99452e-5 0.6328831 -0.7742475 9.09716e-6 -0.632835 -0.7742868 -0.4604799 -0.6653743 -0.5875673 -0.6201525 -0.2115028 -0.755432 -5.28612e-6 -0.1884887 -0.9820755 5.28873e-6 0.1884892 -0.9820753 -0.6201624 0.211552 -0.7554101 -0.4604704 0.6653824 -0.5875656 -9.08226e-6 0.6328358 -0.7742861 -1.99452e-5 -0.6328856 -0.7742454 0.4604933 0.665416 -0.5875097 0.4605081 -0.6653506 -0.5875721 0.6201786 -0.2115181 -0.7554063 0.6201855 0.2115257 -0.7553985 0.4605056 0.6653558 -0.5875681 0.4604437 -0.6654211 -0.5875428 0.7155419 0.6985698 2.43187e-5 0.7155327 -0.6985793 -6.06477e-6 0.9717361 -0.2360697 -1.00732e-5 0.9717405 0.2360517 -1.24872e-5 0.7155364 0.6985755 -1.87755e-6 0.7155405 -0.6985714 -2.43187e-5 0.5169178 0.7581433 0.3975109 0.5169499 -0.7581002 0.3975512 0.7155364 -0.6985754 5.0962e-6 0.9717406 -0.2360514 1.48714e-5 0.8495606 -0.2221677 0.4784227 0.8495618 0.2221651 0.4784219 0.971736 0.2360703 1.14441e-5 0.7155337 0.6985782 5.34952e-6 0.5169607 0.7581037 0.3975304 0.5169077 -0.7581374 0.3975354 3.02398e-7 -0.9889715 0.1481062 2.46405e-7 -0.7858722 0.6183889 -0.576391 -0.6557599 0.4875988 2.70445e-7 0.93255 0.3610408 3.59098e-7 0.9889715 -0.148106 -0.5763847 0.7698283 0.2741261 -0.7604905 0.642183 -0.09620368 -0.7605275 -0.6421463 0.09615695 -0.5764492 -0.6557257 0.4875758 -0.8930447 -0.1254465 0.4321281 -0.9793673 -0.1998592 0.02993524 -0.9793673 0.1998592 -0.02993565 -0.8930437 0.2465373 0.3764205 -0.5764426 0.7697915 0.2741079 -0.7605274 0.6421465 -0.09615588 -0.7604905 -0.6421831 0.09620386 -0.5229982 0.5476496 -0.6531102 -0.5230397 -0.7149213 -0.4640226 -0.6710404 -0.2983741 -0.6787324 -0.6710541 0.08643954 -0.7363523 -0.5230382 0.5475893 -0.6531288 -0.5230069 -0.714949 -0.4640172 2.67848e-5 0.5050604 -0.863084 9.76398e-6 -0.7356864 -0.6773223 -0.5230421 -0.7148852 -0.4640755 -0.6710156 -0.2983585 -0.6787639 -5.73768e-6 -0.3306423 -0.9437562 6.28566e-6 0.03966522 -0.9992131 -0.6709895 0.08643621 -0.7364116 -0.5230019 0.5476061 -0.6531437 -9.79379e-6 0.5049914 -0.8631244 -2.58833e-5 -0.7357382 -0.6772662 0.5230091 0.5476501 -0.653101 0.5229987 -0.7149204 -0.4640702 0.6709967 -0.2983508 -0.678786 0.6710352 0.08644402 -0.736369 0.5230379 0.5475827 -0.6531345 0.5229953 -0.7149503 -0.4640281 0.7604909 0.6421919 -0.09614217 0.7605283 -0.6421422 0.09617811 0.523037 -0.7148979 -0.4640618 0.6710402 -0.2984011 -0.6787207 0.979367 -0.1998592 0.02994328 0.9793671 0.1998568 -0.02995592 0.760524 0.6421501 -0.09615886 0.7604905 -0.6421922 0.09614235 0.9793636 -0.1998791 0.02992618 0.5763916 0.7698302 0.2741062 0.5764439 -0.6557189 0.4875913 0.8930439 -0.1254498 0.4321284 0.8930441 0.2465341 0.3764219 0.9793637 0.1998819 -0.02990007 0.7604934 0.6421875 -0.09615194 0.5764469 0.7697931 0.2740943 0.5763838 -0.6557508 0.4876195 0 -1 -7.80582e-7 -0.3694657 -0.8687956 0.3296806 -0.6407554 -0.7581453 -0.1210302 -0.3694676 0.8687942 0.3296824 0 1 -1.49612e-6 -0.6407662 0.7581391 -0.121012 -0.4763791 0.6985706 -0.533912 -0.4763997 -0.6985799 -0.5338816 -0.6408002 -0.7581045 -0.1210482 -0.9225994 -0.2221654 -0.3153617 -0.6469812 -0.2360698 -0.7250424 -0.6469861 0.2360519 -0.7250438 -0.9225987 0.222169 -0.3153614 -0.6408067 0.7581014 -0.1210337 -0.4763986 0.6985745 -0.5338897 -0.4764189 -0.6985734 -0.5338731 0.1317865 0.6654161 -0.7347475 0.1318059 -0.6653561 -0.7347983 -0.4763962 -0.6985758 -0.53389 -0.6469674 -0.2360512 -0.7250608 0.1507171 -0.2115248 -0.9656819 0.1507269 0.211519 -0.9656818 -0.6469659 0.2360708 -0.7250557 -0.4763886 0.698581 -0.53389 0.1317844 0.6653493 -0.7348083 0.1317703 -0.6654198 -0.7347471 0.5777064 0.6328852 -0.5154724 0.577731 -0.6328353 -0.5155059 0.7327601 -0.1884884 -0.6538615 0.7327665 0.1884888 -0.6538543 0.5777175 0.6328353 -0.5155212 0.5776792 -0.6328879 -0.5154995 0.7449534 0.6654187 -0.04756575 0.7449831 -0.6653816 -0.04762071 0.976539 -0.2115517 -0.04021853 0.9765487 0.2115028 -0.04023981 0.7449895 0.6653748 -0.0476135 0.7449453 -0.6654235 -0.0476253 0.4763799 0.6985716 0.53391 0.4763998 -0.6985792 0.5338824 0.7449855 -0.66538 -0.04760384 0.9765472 -0.2115228 -0.04017299 0.6469818 -0.2360701 0.7250417 0.6469872 0.2360513 0.7250431 0.9765459 0.2115319 -0.04015517 0.7449827 0.6653875 -0.0475431 0.4763984 0.6985748 0.5338894 0.4764185 -0.6985738 0.5338729 0.0475592 0.758144 0.6503505 0.0475561 -0.7581003 0.6504017 0.4763963 -0.6985743 0.533892 0.6469669 -0.2360513 0.7250612 0.208663 -0.2221682 0.9524185 0.2086633 0.2221644 0.9524194 0.6469661 0.2360695 0.725056 0.4763904 0.6985793 0.5338906 0.04757159 0.7581042 0.6503962 0.04754 -0.7581415 0.6503549 0 -1 1.45225e-6 -0.3599112 -0.8687927 0.3400929 -0.6439513 -0.758143 -0.1026931 -0.3599106 0.8687934 0.3400918 1.69429e-7 1 -1.06952e-6 -0.6439585 0.7581391 -0.1026778 -0.4914218 0.6985716 -0.5200985 -0.4914431 -0.6985794 -0.5200678 -0.6439948 -0.758104 -0.1027089 -0.9312235 -0.222164 -0.2889047 -0.6674089 -0.2360689 -0.7062839 -0.6674137 0.236051 -0.7062853 -0.9312225 0.2221681 -0.2889049 -0.6440002 0.7581009 -0.102698 -0.4914419 0.698574 -0.5200763 -0.4914628 -0.6985725 -0.5200584 0.1108074 0.6654199 -0.7381992 0.1107825 -0.665354 -0.7382624 -0.4914398 -0.6985731 -0.5200793 -0.6673954 -0.2360504 -0.7063029 0.1230982 -0.2115244 -0.9695898 0.1231086 0.2115184 -0.9695898 -0.6673939 0.2360697 -0.7062979 -0.4914324 0.6985796 -0.5200776 0.1107846 0.6653503 -0.7382653 0.1107481 -0.6654193 -0.7382087 0.5627603 0.6328847 -0.5317498 0.5627851 -0.6328334 -0.5317846 0.7138032 -0.1884875 -0.6745055 0.7138099 0.1884885 -0.674498 0.5627714 0.6328333 -0.5317993 0.5627343 -0.6328859 -0.531776 0.7432927 0.6654183 -0.06880724 0.743322 -0.6653799 -0.06886261 0.9749937 -0.2115508 -0.06806951 0.9750028 0.211502 -0.06809252 0.7433111 0.6653962 -0.06882274 0.7432858 -0.6654202 -0.06886434 0.4914221 0.6985715 0.5200982 0.491441 -0.6985791 0.5200702 0.7433241 -0.6653795 -0.06884407 0.9750033 -0.211522 -0.06802386 0.6674084 -0.2360699 0.7062841 0.6674135 0.2360505 0.7062856 0.9750027 0.2115305 -0.06800526 0.7433027 0.6654057 -0.06882083 0.4914397 0.6985746 0.5200776 0.4914617 -0.6985701 0.5200629 0.06609851 0.7581434 0.6487292 0.06609708 -0.7581015 0.6487784 0.4914372 -0.6985754 0.5200788 0.6673955 -0.2360516 0.7063023 0.2357587 -0.2221689 0.9460756 0.2357584 0.2221648 0.9460766 0.6673945 0.2360695 0.7062972 0.4914326 0.6985796 0.5200774 0.06611257 0.7581048 0.648773 0.06607902 -0.7581379 0.6487376 0 -1 7.10997e-7 0.347747 -0.8687946 0.3525168 -0.08883345 -0.758144 0.6460081 0.3477471 0.8687934 0.3525198 0 1 2.37201e-6 -0.08879452 0.758168 0.6459852 -0.5094163 0.6985695 0.5024897 -0.5093882 -0.6985796 0.5025042 -0.08884859 -0.758105 0.6460518 -0.2688263 -0.2221648 0.9372168 -0.6917784 -0.2360694 0.6824324 -0.6917798 0.2360525 0.6824368 -0.2688264 0.2221699 0.9372156 -0.08883285 0.7581028 0.6460565 -0.5093925 0.6985763 0.5025042 -0.5093785 -0.6985726 0.5025234 -0.7404083 0.6654222 -0.09491556 -0.7404729 -0.6653534 -0.09489351 -0.5093995 -0.6985738 0.5025005 -0.6917971 -0.2360507 0.6824198 -0.9720113 -0.2115247 -0.102232 -0.9720118 0.2115182 -0.1022419 -0.6917923 0.2360707 0.6824179 -0.5093958 0.698579 0.5024971 -0.7404752 0.665351 -0.09489214 -0.7404181 -0.6654193 -0.09485906 -0.5437179 0.6328865 -0.5512037 -0.5437561 -0.6328334 -0.551227 -0.6896915 -0.1884888 -0.6991406 -0.6896833 0.1884887 -0.6991488 -0.5437675 0.6328358 -0.5512129 -0.5437465 -0.6328873 -0.5511748 -0.08476495 0.6654194 -0.7416414 -0.08482193 -0.6653798 -0.7416704 -0.08900821 -0.2115513 -0.9733056 -0.08902865 0.211503 -0.9733142 -0.0848158 0.6653739 -0.7416764 -0.08478033 -0.6654207 -0.7416385 0.5094164 0.6985723 -0.5024856 0.509388 -0.6985779 -0.5025067 -0.08476823 -0.6653589 -0.7416954 -0.08896148 -0.2115212 -0.9733163 0.6917776 -0.2360689 -0.6824333 0.6917777 0.2360501 -0.6824398 -0.08894497 0.2115308 -0.9733158 -0.08474421 0.6653869 -0.7416729 0.5093929 0.6985754 -0.5025051 0.5093779 -0.6985734 -0.5025231 0.647159 0.7581434 -0.08002477 0.6472102 -0.7580996 -0.08002513 0.5093991 -0.6985727 -0.5025025 0.6917983 -0.2360509 -0.6824186 0.9407912 -0.2221681 -0.2560338 0.940792 0.2221645 -0.2560341 0.6917929 0.236069 -0.6824179 0.509397 0.69858 -0.5024945 0.6472023 0.7581049 -0.08003789 0.6471655 -0.7581397 -0.08000624 -0.3645654 -0.6634362 -0.6534099 -4.00543e-5 -0.6641902 -0.7475637 0.3644931 -0.6634363 -0.6534502 0 -1 0 0.6435486 -0.6618188 -0.3845012 2.64113e-6 -1 0 0.7504277 -0.6609526 -4.47333e-5 0.6435502 -0.6618187 0.3844988 -0.6435735 -0.6617875 -0.3845133 2.64113e-6 -1 0 -6.04268e-6 -1 0 -6.04267e-6 -1 0 0 -1 0 0.3645654 -0.6634362 0.6534099 -0.750417 -0.6609647 4.46886e-5 -0.6435722 -0.6617874 0.3845158 -0.3644939 -0.6634363 0.6534498 4.00245e-5 -0.6641902 0.7475637</float_array>
          <technique_common>
            <accessor source="#meshId0_name-mesh-normals-array" count="301" stride="3">
              <param name="X" type="float"/>
              <param name="Y" type="float"/>
              <param name="Z" type="float"/>
            </accessor>
          </technique_common>
        </source>
        <source id="meshId0_name-mesh-map-0">
          <float_array id="meshId0_name-mesh-map-0-array" count="1668">0.909738 0.04626095 0.944681 0.05249196 0.926979 0.07726401 0.02994799 0.892486 0.03582799 0.927248 0.005252957 0.910266 0.005252957 0.910266 0.03582799 0.927248 0.001642942 0.935411 0.310396 0.033068 0.310638 0.04987597 0.261756 0.07021296 0.261756 0.07021296 0.261363 0.04301697 0.310396 0.033068 0.20113 0.04301697 0.2015219 0.07021296 0.152945 0.04987597 0.152945 0.04987597 0.152702 0.033068 0.20113 0.04301697 0.909738 0.04626095 0.926979 0.07726401 0.901945 0.08085095 0.261363 0.04301697 0.261756 0.07021296 0.2015219 0.07021296 0.2015219 0.07021296 0.20113 0.04301697 0.261363 0.04301697 0.001642942 0.935411 0.03582799 0.927248 0.02123194 0.953192 0.31044 0.00683099 0.310396 0.033068 0.261363 0.04301697 0.261363 0.04301697 0.261435 5.64e-4 0.31044 0.00683099 0.201201 5.64e-4 0.20113 0.04301697 0.152702 0.033068 0.152702 0.033068 0.152747 0.00683099 0.201201 5.64e-4 0.909738 0.04626095 0.901945 0.08085095 0.884243 0.06115299 0.261435 5.64e-4 0.261363 0.04301697 0.20113 0.04301697 0.20113 0.04301697 0.201201 5.64e-4 0.261435 5.64e-4 0.02123194 0.953192 0.03582799 0.927248 0.05254596 0.953192 0.882792 0.782391 0.858501 0.782979 0.834857 0.73414 0.834857 0.73414 0.874161 0.73319 0.882792 0.782391 0.874161 0.672973 0.834857 0.673923 0.858501 0.62533 0.858501 0.62533 0.882792 0.624743 0.874161 0.672973 0.909738 0.04626095 0.884243 0.06115299 0.884243 0.02970898 0.874161 0.73319 0.834857 0.73414 0.834857 0.673923 0.834857 0.673923 0.874161 0.672973 0.874161 0.73319 0.05254596 0.953192 0.03582799 0.927248 0.077241 0.935411 0.915264 0.782264 0.882792 0.782391 0.874161 0.73319 0.874161 0.73319 0.926702 0.732984 0.915264 0.782264 0.926702 0.672768 0.874161 0.672973 0.882792 0.624743 0.882792 0.624743 0.915264 0.624615 0.926702 0.672768 0.909738 0.04626095 0.884243 0.02970898 0.901945 0.004936993 0.926702 0.732984 0.874161 0.73319 0.874161 0.672973 0.874161 0.672973 0.926702 0.672768 0.926702 0.732984 0.077241 0.935411 0.03582799 0.927248 0.08085095 0.910266 0.936896 0.782672 0.915264 0.782264 0.926702 0.732984 0.926702 0.732984 0.961702 0.733643 0.936896 0.782672 0.961702 0.673427 0.926702 0.672768 0.915264 0.624615 0.915264 0.624615 0.936896 0.625023 0.961702 0.673427 0.909738 0.04626095 0.901945 0.004936993 0.926979 0.001349985 0.961702 0.733643 0.926702 0.732984 0.926702 0.672768 0.926702 0.672768 0.961702 0.673427 0.961702 0.733643 0.08085095 0.910266 0.03582799 0.927248 0.06126195 0.892486 0.440359 0.594492 0.440426 0.620606 0.392076 0.629787 0.392076 0.629787 0.391968 0.587534 0.440359 0.594492 0.331737 0.587534 0.331844 0.629787 0.282738 0.620606 0.282738 0.620606 0.282672 0.594492 0.331737 0.587534 0.909738 0.04626095 0.926979 0.001349985 0.944681 0.02104794 0.391968 0.587534 0.392076 0.629787 0.331844 0.629787 0.331844 0.629787 0.331737 0.587534 0.391968 0.587534 0.06126195 0.892486 0.03582799 0.927248 0.02994799 0.892486 0.909738 0.04626095 0.944681 0.02104794 0.944681 0.05249196 0.918565 0.930724 0.96383 0.939428 0.939385 0.965154 0.578723 0.02578395 0.529987 0.03932797 0.55592 5.34e-4 0.55592 5.34e-4 0.529987 0.03932797 0.523672 0.001299977 0.83542 0.2191489 0.810996 0.218097 0.78482 0.151571 0.78482 0.151571 0.824339 0.153273 0.83542 0.2191489 0.824339 0.07035899 0.78482 0.06865698 0.810996 0.001024961 0.810996 0.001024961 0.83542 0.002076983 0.824339 0.07035899 0.918565 0.930724 0.939385 0.965154 0.904816 0.965957 0.824339 0.153273 0.78482 0.151571 0.78482 0.06865698 0.78482 0.06865698 0.824339 0.07035899 0.824339 0.153273 0.523672 0.001299977 0.529987 0.03932797 0.500868 0.02763497 0.870346 0.21906 0.83542 0.2191489 0.824339 0.153273 0.824339 0.153273 0.880851 0.1531299 0.870346 0.21906 0.880851 0.070216 0.824339 0.07035899 0.83542 0.002076983 0.83542 0.002076983 0.870346 0.001987993 0.880851 0.070216 0.918565 0.930724 0.904816 0.965957 0.880371 0.941367 0.880851 0.1531299 0.824339 0.153273 0.824339 0.07035899 0.824339 0.07035899 0.880851 0.070216 0.880851 0.1531299 0.500868 0.02763497 0.529987 0.03932797 0.500868 0.06411099 0.901782 0.856488 0.898877 0.882566 0.833032 0.910638 0.833032 0.910638 0.837732 0.868444 0.901782 0.856488 0.755226 0.868444 0.750526 0.910638 0.682873 0.882566 0.682873 0.882566 0.685777 0.856488 0.755226 0.868444 0.918565 0.930724 0.880371 0.941367 0.880371 0.905788 0.837732 0.868444 0.833032 0.910638 0.750526 0.910638 0.750526 0.910638 0.755226 0.868444 0.837732 0.868444 0.500868 0.06411099 0.529987 0.03932797 0.523672 0.08936196 0.902128 0.819079 0.901782 0.856488 0.837732 0.868444 0.837732 0.868444 0.838292 0.807915 0.902128 0.819079 0.755786 0.807915 0.755226 0.868444 0.685777 0.856488 0.685777 0.856488 0.686123 0.819079 0.755786 0.807915 0.918565 0.930724 0.880371 0.905788 0.904816 0.880062 0.838292 0.807915 0.837732 0.868444 0.755226 0.868444 0.755226 0.868444 0.755786 0.807915 0.838292 0.807915 0.523672 0.08936196 0.529987 0.03932797 0.55592 0.08859497 0.002018988 0.843213 0.001164972 0.818069 0.06875097 0.792289 0.06875097 0.792289 0.07013195 0.832973 0.002018988 0.843213 0.751878 0.764507 0.755786 0.807915 0.686123 0.819079 0.686123 0.819079 0.683708 0.792252 0.751878 0.764507 0.918565 0.930724 0.904816 0.880062 0.939385 0.879259 0.834384 0.764507 0.838292 0.807915 0.755786 0.807915 0.755786 0.807915 0.751878 0.764507 0.834384 0.764507 0.55592 0.08859497 0.529987 0.03932797 0.578723 0.06225997 0.001908957 0.878063 0.002018988 0.843213 0.07013195 0.832973 0.07013195 0.832973 0.06995499 0.889362 0.001908957 0.878063 0.152891 0.889362 0.153068 0.832973 0.2191489 0.843213 0.2191489 0.843213 0.219039 0.878063 0.152891 0.889362 0.918565 0.930724 0.939385 0.879259 0.96383 0.903849 0.06995499 0.889362 0.07013195 0.832973 0.153068 0.832973 0.153068 0.832973 0.152891 0.889362 0.06995499 0.889362 0.578723 0.06225997 0.529987 0.03932797 0.578723 0.02578395 0.918565 0.930724 0.96383 0.903849 0.96383 0.939428 0.488608 0.607534 0.472153 0.582238 0.503662 0.582238 0.637405 0.782493 0.621206 0.807389 0.605755 0.782493 0.605755 0.782493 0.621206 0.807389 0.585932 0.800084 0.459561 0.646207 0.459574 0.672688 0.410563 0.676596 0.410563 0.676596 0.410542 0.633749 0.459561 0.646207 0.350308 0.633749 0.35033 0.676596 0.301881 0.672688 0.301881 0.672688 0.301868 0.646208 0.350308 0.633749 0.488608 0.607534 0.503662 0.582238 0.523404 0.599904 0.410542 0.633749 0.410563 0.676596 0.35033 0.676596 0.35033 0.676596 0.350308 0.633749 0.410542 0.633749 0.585932 0.800084 0.621206 0.807389 0.589548 0.824962 0.91874 0.618498 0.897762 0.618929 0.872491 0.569928 0.872491 0.569928 0.906434 0.569231 0.91874 0.618498 0.906434 0.509014 0.872491 0.509711 0.897762 0.46128 0.897762 0.46128 0.91874 0.460849 0.906434 0.509014 0.488608 0.607534 0.523404 0.599904 0.519816 0.624887 0.906434 0.569231 0.872491 0.569928 0.872491 0.509711 0.872491 0.509711 0.906434 0.509014 0.906434 0.569231 0.589548 0.824962 0.621206 0.807389 0.614484 0.842553 0.951382 0.618589 0.91874 0.618498 0.906434 0.569231 0.906434 0.569231 0.95925 0.569378 0.951382 0.618589 0.95925 0.509162 0.906434 0.509014 0.91874 0.460849 0.91874 0.460849 0.951382 0.46094 0.95925 0.509162 0.488608 0.607534 0.519816 0.624887 0.494998 0.642553 0.95925 0.569378 0.906434 0.569231 0.906434 0.509014 0.906434 0.509014 0.95925 0.509162 0.95925 0.569378 0.614484 0.842553 0.621206 0.807389 0.646134 0.842553 0.976567 0.619149 0.951382 0.618589 0.95925 0.569378 0.95925 0.569378 1 0.570284 0.976567 0.619149 1 0.510068 0.95925 0.509162 0.951382 0.46094 0.951382 0.46094 0.976567 0.4615 1 0.510068 0.488608 0.607534 0.494998 0.642553 0.46349 0.642553 1 0.570284 0.95925 0.569378 0.95925 0.509162 0.95925 0.509162 1 0.510068 1 0.570284 0.646134 0.842553 0.621206 0.807389 0.665957 0.824962 0.09745597 0.676596 0.07095396 0.676591 0.06775701 0.628212 0.06775701 0.628212 0.110638 0.62822 0.09745597 0.676596 0.110638 0.567988 0.06775701 0.567981 0.07095396 0.518903 0.07095396 0.518903 0.09745597 0.518908 0.110638 0.567988 0.488608 0.607534 0.46349 0.642553 0.443747 0.624887 0.110638 0.62822 0.06775701 0.628212 0.06775701 0.567981 0.06775701 0.567981 0.110638 0.567988 0.110638 0.62822 0.665957 0.824962 0.621206 0.807389 0.662342 0.800084 0.302128 0.344681 0.276682 0.344681 0.257065 0.295947 0.257065 0.295947 0.298237 0.295947 0.302128 0.344681 0.298237 0.23571 0.257065 0.23571 0.276682 0.186976 0.276682 0.186976 0.302128 0.186976 0.298237 0.23571 0.488608 0.607534 0.443747 0.624887 0.447336 0.599904 0.298237 0.295947 0.257065 0.295947 0.257065 0.23571 0.257065 0.23571 0.298237 0.23571 0.298237 0.295947 0.662342 0.800084 0.621206 0.807389 0.637405 0.782493 0.488608 0.607534 0.447336 0.599904 0.472153 0.582238 0.928654 0.223904 0.965957 0.199688 0.965957 0.245666 0.310638 0.898775 0.273934 0.874901 0.310638 0.85259 0.310638 0.85259 0.273934 0.874901 0.284857 0.823657 0.04663795 0.663798 0.007973968 0.66383 0.001269996 0.592157 0.001269996 0.592157 0.06382995 0.592105 0.04663795 0.663798 0.06382995 0.504019 0.001269996 0.504071 0.007973968 0.433218 0.007973968 0.433218 0.04663795 0.433185 0.06382995 0.504019 0.928654 0.223904 0.965957 0.245666 0.940067 0.274468 0.06382995 0.592105 0.001269996 0.592157 0.001269996 0.504071 0.001269996 0.504071 0.06382995 0.504019 0.06382995 0.592105 0.284857 0.823657 0.273934 0.874901 0.2483969 0.828925 0.791063 0.496985 0.761073 0.497638 0.723685 0.426007 0.723685 0.426007 0.77221 0.42495 0.791063 0.496985 0.77221 0.336889 0.723685 0.337946 0.761073 0.267091 0.761073 0.267091 0.791063 0.266438 0.77221 0.336889 0.928654 0.223904 0.940067 0.274468 0.903452 0.269222 0.77221 0.42495 0.723685 0.426007 0.723685 0.337946 0.723685 0.337946 0.77221 0.336889 0.77221 0.42495 0.2483969 0.828925 0.273934 0.874901 0.222616 0.865308 0.838923 0.497082 0.791063 0.496985 0.77221 0.42495 0.77221 0.42495 0.849648 0.425107 0.838923 0.497082 0.849648 0.337046 0.77221 0.336889 0.791063 0.266438 0.791063 0.266438 0.838923 0.266535 0.849648 0.337046 0.928654 0.223904 0.903452 0.269222 0.877561 0.233 0.849648 0.425107 0.77221 0.42495 0.77221 0.336889 0.77221 0.336889 0.849648 0.337046 0.849648 0.425107 0.222616 0.865308 0.273934 0.874901 0.222616 0.911493 0.876617 0.497872 0.838923 0.497082 0.849648 0.425107 0.849648 0.425107 0.910638 0.426386 0.876617 0.497872 0.910638 0.338325 0.849648 0.337046 0.838923 0.266535 0.838923 0.266535 0.876617 0.267326 0.910638 0.338325 0.928654 0.223904 0.877561 0.233 0.877561 0.187022 0.910638 0.426386 0.849648 0.425107 0.849648 0.337046 0.849648 0.337046 0.910638 0.338325 0.910638 0.426386 0.222616 0.911493 0.273934 0.874901 0.2483969 0.940426 0.789646 0.501288 0.828373 0.501311 0.834043 0.572063 0.834043 0.572063 0.771379 0.572026 0.789646 0.501288 0.771379 0.660109 0.834043 0.660146 0.828374 0.731915 0.828374 0.731915 0.789646 0.731892 0.771379 0.660109 0.928654 0.223904 0.877561 0.187022 0.903452 0.1582199 0.771379 0.572026 0.834043 0.572063 0.834043 0.660146 0.834043 0.660146 0.771379 0.660109 0.771379 0.572026 0.2483969 0.940426 0.273934 0.874901 0.284857 0.935158 0.567678 0.301286 0.604566 0.301286 0.634043 0.372555 0.634043 0.372555 0.574358 0.372555 0.567678 0.301286 0.574358 0.460647 0.634043 0.460647 0.604566 0.531915 0.604566 0.531915 0.567678 0.531915 0.574358 0.460647 0.928654 0.223904 0.903452 0.1582199 0.940067 0.163466 0.574358 0.372555 0.634043 0.372555 0.634043 0.460647 0.634043 0.460647 0.574358 0.460647 0.574358 0.372555 0.284857 0.935158 0.273934 0.874901 0.310638 0.898775 0.928654 0.223904 0.940067 0.163466 0.965957 0.199688 0.247035 0.517095 0.274468 0.524215 0.261516 0.544827 0.719149 0.368599 0.691728 0.375618 0.706181 0.348117 0.706181 0.348117 0.691728 0.375618 0.687842 0.344166 0.552077 0.37234 0.532297 0.37234 0.533953 0.335141 0.533953 0.335141 0.565957 0.335141 0.552077 0.37234 0.565957 0.289161 0.533953 0.289161 0.532297 0.251962 0.532297 0.251962 0.552077 0.251962 0.565957 0.289161 0.247035 0.517095 0.261516 0.544827 0.243199 0.548936 0.565957 0.335141 0.533953 0.335141 0.533953 0.289161 0.533953 0.289161 0.565957 0.289161 0.565957 0.335141 0.687842 0.344166 0.691728 0.375618 0.674875 0.359062 0.676364 0.917809 0.676506 0.934076 0.639208 0.953192 0.639208 0.953192 0.638978 0.926871 0.676364 0.917809 0.593001 0.926871 0.593231 0.953192 0.556136 0.934076 0.556136 0.934076 0.555994 0.917809 0.593001 0.926871 0.247035 0.517095 0.243199 0.548936 0.230246 0.534136 0.638978 0.926871 0.639208 0.953192 0.593231 0.953192 0.593231 0.953192 0.593001 0.926871 0.638978 0.926871 0.674875 0.359062 0.691728 0.375618 0.674875 0.384077 0.676401 0.892953 0.676364 0.917809 0.638978 0.926871 0.638978 0.926871 0.639038 0.886653 0.676401 0.892953 0.593061 0.886653 0.593001 0.926871 0.555994 0.917809 0.555994 0.917809 0.556031 0.892953 0.593061 0.886653 0.247035 0.517095 0.230246 0.534136 0.230246 0.509097 0.639038 0.886653 0.638978 0.926871 0.593001 0.926871 0.593001 0.926871 0.593061 0.886653 0.639038 0.886653 0.674875 0.384077 0.691728 0.375618 0.687842 0.40456 0.676596 0.874067 0.676401 0.892953 0.639038 0.886653 0.639038 0.886653 0.639353 0.856096 0.676596 0.874067 0.593376 0.856096 0.593061 0.886653 0.556031 0.892953 0.556031 0.892953 0.556226 0.874067 0.593376 0.856096 0.247035 0.517095 0.230246 0.509097 0.243199 0.488486 0.639353 0.856096 0.639038 0.886653 0.593061 0.886653 0.593061 0.886653 0.593376 0.856096 0.639353 0.856096 0.687842 0.40456 0.691728 0.375618 0.706181 0.408511 0.665151 0.455232 0.645186 0.455319 0.640038 0.417664 0.640038 0.417664 0.67234 0.417523 0.665151 0.455232 0.67234 0.371559 0.640038 0.371699 0.645186 0.334983 0.645186 0.334983 0.665151 0.334896 0.67234 0.371559 0.247035 0.517095 0.243199 0.488486 0.261516 0.484376 0.67234 0.417523 0.640038 0.417664 0.640038 0.371699 0.640038 0.371699 0.67234 0.371559 0.67234 0.417523 0.706181 0.408511 0.691728 0.375618 0.719149 0.393615 0.314894 0.07091295 0.314725 0.08753097 0.277663 0.106383 0.277663 0.106383 0.277936 0.07949399 0.314894 0.07091295 0.231961 0.07949399 0.231688 0.106383 0.194359 0.08753097 0.194359 0.08753097 0.194528 0.07091295 0.231961 0.07949399 0.247035 0.517095 0.261516 0.484376 0.274468 0.499176 0.277936 0.07949399 0.277663 0.106383 0.231688 0.106383 0.231688 0.106383 0.231961 0.07949399 0.277936 0.07949399 0.719149 0.393615 0.691728 0.375618 0.719149 0.368599 0.247035 0.517095 0.274468 0.499176 0.274468 0.524215 0.428053 0.003017961 0.415599 0.003100991 0.403145 0.003018975 0.403145 0.003018975 0.415596 0.002607941 0.428053 0.003017961 0.415596 0.002607941 0.403145 0.003018975 0.390692 0.002772986 0.390692 0.002772986 0.40314 0.00219798 0.415596 0.002607941 0.40314 0.00219798 0.390692 0.002772986 0.378243 0.002361953 0.378243 0.002361953 0.365802 0.00178796 0.40314 0.00219798 0.440502 0.002769947 0.428053 0.003017961 0.415596 0.002607941 0.415596 0.002607941 0.428046 0.002195954 0.440502 0.002769947 0.428046 0.002195954 0.415596 0.002607941 0.40314 0.00219798 0.40314 0.00219798 0.41559 0.001622974 0.428046 0.002195954 0.41559 0.001622974 0.40314 0.00219798 0.365802 0.00178796 0.365802 0.00178796 0.353371 0.001049995 0.41559 0.001622974 0.452945 0.002358973 0.440502 0.002769947 0.428046 0.002195954 0.428046 0.002195954 0.46538 0.001783967 0.452945 0.002358973 0.46538 0.001783967 0.428046 0.002195954 0.41559 0.001622974 0.41559 0.001622974 0.477802 0.001047968 0.46538 0.001783967 0.477802 0.001047968 0.41559 0.001622974 0.353371 0.001049995 0.353371 0.001049995 0.340952 1.51e-4 0.477802 0.001047968</float_array>
          <technique_common>
            <accessor source="#meshId0_name-mesh-map-0-array" count="834" stride="2">
              <param name="S" type="float"/>
              <param name="T" type="float"/>
            </accessor>
          </technique_common>
        </source>
        <vertices id="meshId0_name-mesh-vertices">
          <input semantic="POSITION" source="#meshId0_name-mesh-positions"/>
        </vertices>
        <triangles material="crystals-material" count="278">
          <input semantic="VERTEX" source="#meshId0_name-mesh-vertices" offset="0"/>
          <input semantic="NORMAL" source="#meshId0_name-mesh-normals" offset="1"/>
          <input semantic="TEXCOORD" source="#meshId0_name-mesh-map-0" offset="2" set="0"/>
          <p>0 0 0 1 1 1 2 2 2 3 3 3 4 4 4 5 5 5 5 5 6 4 4 7 6 6 8 10 7 9 7 8 10 8 9 11 8 9 12 9 10 13 10 7 14 14 11 15 11 12 16 12 13 17 12 13 18 13 14 19 14 11 20 0 0 21 2 2 22 15 15 23 9 10 24 8 9 25 11 12 26 11 12 27 14 11 28 9 10 29 6 6 30 4 4 31 16 16 32 18 17 33 10 7 34 9 10 35 9 10 36 17 18 37 18 17 38 20 19 39 14 11 40 13 14 41 13 14 42 19 20 43 20 19 44 0 0 45 15 15 46 21 21 47 17 18 48 9 10 49 14 11 50 14 11 51 20 19 52 17 18 53 16 16 54 4 4 55 22 22 56 26 23 57 23 24 58 24 25 59 24 25 60 25 26 61 26 23 62 30 27 63 27 28 64 28 29 65 28 29 66 29 30 67 30 27 68 0 0 69 21 21 70 31 31 71 25 26 72 24 25 73 27 28 74 27 28 75 30 27 76 25 26 77 22 22 78 4 4 79 32 32 80 34 33 81 26 23 82 25 26 83 25 26 84 33 34 85 34 33 86 36 35 87 30 27 88 29 30 89 29 30 90 35 36 91 36 35 92 0 0 93 31 31 94 37 37 95 33 34 96 25 26 97 30 27 98 30 27 99 36 35 100 33 34 101 32 32 102 4 4 103 38 38 104 40 39 105 34 33 106 33 34 107 33 34 108 39 40 109 40 39 110 42 41 111 36 35 112 35 36 113 35 36 114 41 42 115 42 41 116 0 0 117 37 37 118 43 43 119 39 40 120 33 34 121 36 35 122 36 35 123 42 41 124 39 40 125 38 38 126 4 4 127 44 44 128 48 45 129 45 46 130 46 47 131 46 47 132 47 48 133 48 45 134 52 49 135 49 50 136 50 51 137 50 51 138 51 52 139 52 49 140 0 0 141 43 43 142 53 53 143 47 48 144 46 47 145 49 50 146 49 50 147 52 49 148 47 48 149 44 44 150 4 4 151 3 3 152 0 0 153 53 53 154 1 1 155 54 54 156 55 55 157 56 56 158 57 57 159 58 58 160 59 59 161 59 59 162 58 58 163 60 60 164 64 61 165 61 62 166 62 63 167 62 63 168 63 64 169 64 61 170 68 65 171 65 66 172 66 67 173 66 67 174 67 68 175 68 65 176 54 54 177 56 56 178 69 69 179 63 64 180 62 63 181 65 66 182 65 66 183 68 65 184 63 64 185 60 60 186 58 58 187 70 70 188 72 71 189 64 61 190 63 64 191 63 64 192 71 72 193 72 71 194 74 73 195 68 65 196 67 68 197 67 68 198 73 74 199 74 73 200 54 54 201 69 69 202 75 75 203 71 72 204 63 64 205 68 65 206 68 65 207 74 73 208 71 72 209 70 70 210 58 58 211 76 76 212 80 77 213 77 78 214 78 79 215 78 79 216 79 80 217 80 77 218 84 81 219 81 82 220 82 83 221 82 83 222 83 84 223 84 81 224 54 54 225 75 75 226 85 85 227 79 80 228 78 79 229 81 82 230 81 82 231 84 81 232 79 80 233 76 76 234 58 58 235 86 86 236 88 87 237 80 77 238 79 80 239 79 80 240 87 88 241 88 87 242 90 89 243 84 81 244 83 84 245 83 84 246 89 90 247 90 89 248 54 54 249 85 85 250 91 91 251 87 88 252 79 80 253 84 81 254 84 81 255 90 89 256 87 88 257 86 86 258 58 58 259 92 92 260 96 93 261 93 94 262 94 95 263 94 95 264 95 96 265 96 93 266 98 97 267 90 89 268 89 90 269 89 90 270 97 98 271 98 97 272 54 54 273 91 91 274 99 99 275 100 100 276 87 88 277 90 89 278 90 89 279 98 97 280 100 100 281 92 92 282 58 58 283 101 101 284 103 102 285 96 93 286 95 96 287 95 96 288 102 103 289 103 102 290 107 104 291 104 105 292 105 106 293 105 106 294 106 107 295 107 104 296 54 54 297 99 99 298 108 108 299 102 103 300 95 96 301 104 105 302 104 105 303 107 104 304 102 103 305 101 101 306 58 58 307 57 57 308 54 54 309 108 108 310 55 55 311 109 109 312 110 110 313 111 111 314 112 112 315 113 113 316 114 114 317 114 114 318 113 113 319 115 115 320 119 116 321 116 117 322 117 118 323 117 118 324 118 119 325 119 116 326 123 120 327 120 121 328 121 122 329 121 122 330 122 123 331 123 120 332 109 109 333 111 111 334 124 124 335 118 119 336 117 118 337 120 121 338 120 121 339 123 120 340 118 119 341 115 115 342 113 113 343 125 125 344 129 126 345 126 127 346 127 128 347 127 128 348 128 129 349 129 126 350 133 130 351 130 131 352 131 132 353 131 132 354 132 133 355 133 130 356 109 109 357 124 124 358 134 134 359 128 129 360 127 128 361 130 131 362 130 131 363 133 130 364 128 129 365 125 125 366 113 113 367 135 135 368 137 136 369 129 126 370 128 129 371 128 129 372 136 137 373 137 136 374 139 138 375 133 130 376 132 133 377 132 133 378 138 139 379 139 138 380 109 109 381 134 134 382 140 140 383 136 137 384 128 129 385 133 130 386 133 130 387 139 138 388 136 137 389 135 135 390 113 113 391 141 141 392 143 142 393 137 136 394 136 137 395 136 137 396 142 143 397 143 142 398 145 144 399 139 138 400 138 139 401 138 139 402 144 145 403 145 144 404 109 109 405 140 140 406 146 146 407 142 143 408 136 137 409 139 138 410 139 138 411 145 144 412 142 143 413 141 141 414 113 113 415 147 147 416 151 148 417 148 149 418 149 150 419 149 150 420 150 151 421 151 148 422 155 152 423 152 153 424 153 154 425 153 154 426 154 155 427 155 152 428 109 109 429 146 146 430 156 156 431 150 151 432 149 150 433 152 153 434 152 153 435 155 152 436 150 151 437 147 147 438 113 113 439 157 157 440 161 158 441 158 159 442 159 160 443 159 160 444 160 161 445 161 158 446 165 162 447 162 163 448 163 164 449 163 164 450 164 165 451 165 162 452 109 109 453 156 156 454 166 166 455 160 161 456 159 160 457 162 163 458 162 163 459 165 162 460 160 161 461 157 157 462 113 113 463 112 112 464 109 109 465 166 166 466 110 110 467 167 167 468 168 168 469 169 169 470 170 170 471 171 171 472 172 172 473 172 172 474 171 171 475 173 173 476 177 174 477 174 175 478 175 176 479 175 176 480 176 177 481 177 174 482 181 178 483 178 179 484 179 180 485 179 180 486 180 181 487 181 178 488 167 167 489 169 169 490 182 182 491 176 177 492 175 176 493 178 179 494 178 179 495 181 178 496 176 177 497 173 173 498 171 171 499 183 183 500 187 184 501 184 185 502 185 186 503 185 186 504 186 187 505 187 184 506 191 188 507 188 189 508 189 190 509 189 190 510 190 191 511 191 188 512 167 167 513 182 182 514 192 192 515 186 187 516 185 186 517 188 189 518 188 189 519 191 188 520 186 187 521 183 183 522 171 171 523 193 193 524 195 194 525 187 184 526 186 187 527 186 187 528 194 195 529 195 194 530 197 196 531 191 188 532 190 191 533 190 191 534 196 197 535 197 196 536 167 167 537 192 192 538 198 198 539 194 195 540 186 187 541 191 188 542 191 188 543 197 196 544 194 195 545 193 193 546 171 171 547 199 199 548 201 200 549 195 194 550 194 195 551 194 195 552 200 201 553 201 200 554 203 202 555 197 196 556 196 197 557 196 197 558 202 203 559 203 202 560 167 167 561 198 198 562 204 204 563 200 201 564 194 195 565 197 196 566 197 196 567 203 202 568 200 201 569 199 199 570 171 171 571 205 205 572 209 206 573 206 207 574 207 208 575 207 208 576 208 209 577 209 206 578 213 210 579 210 211 580 211 212 581 211 212 582 212 213 583 213 210 584 167 167 585 204 204 586 214 214 587 208 209 588 207 208 589 210 211 590 210 211 591 213 210 592 208 209 593 205 205 594 171 171 595 215 215 596 219 216 597 216 217 598 217 218 599 217 218 600 218 219 601 219 216 602 223 220 603 220 221 604 221 222 605 221 222 606 222 223 607 223 220 608 167 167 609 214 214 610 224 224 611 218 219 612 217 218 613 220 221 614 220 221 615 223 220 616 218 219 617 215 215 618 171 171 619 170 170 620 167 167 621 224 224 622 168 168 623 225 225 624 226 226 625 227 227 626 228 228 627 229 229 628 230 230 629 230 230 630 229 229 631 231 231 632 235 232 633 232 233 634 233 234 635 233 234 636 234 235 637 235 232 638 239 236 639 236 237 640 237 238 641 237 238 642 238 239 643 239 236 644 225 225 645 227 227 646 240 240 647 234 235 648 233 234 649 236 237 650 236 237 651 239 236 652 234 235 653 231 231 654 229 229 655 241 241 656 245 242 657 242 243 658 243 244 659 243 244 660 244 245 661 245 242 662 249 246 663 246 247 664 247 248 665 247 248 666 248 249 667 249 246 668 225 225 669 240 240 670 250 250 671 244 245 672 243 244 673 246 247 674 246 247 675 249 246 676 244 245 677 241 241 678 229 229 679 251 251 680 253 252 681 245 242 682 244 245 683 244 245 684 252 253 685 253 252 686 255 254 687 249 246 688 248 249 689 248 249 690 254 255 691 255 254 692 225 225 693 250 250 694 256 256 695 252 253 696 244 245 697 249 246 698 249 246 699 255 254 700 252 253 701 251 251 702 229 229 703 257 257 704 259 258 705 253 252 706 252 253 707 252 253 708 258 259 709 259 258 710 261 260 711 255 254 712 254 255 713 254 255 714 260 261 715 261 260 716 225 225 717 256 256 718 262 262 719 258 259 720 252 253 721 255 254 722 255 254 723 261 260 724 258 259 725 257 257 726 229 229 727 263 263 728 267 264 729 264 265 730 265 266 731 265 266 732 266 267 733 267 264 734 271 268 735 268 269 736 269 270 737 269 270 738 270 271 739 271 268 740 225 225 741 262 262 742 272 272 743 266 267 744 265 266 745 268 269 746 268 269 747 271 268 748 266 267 749 263 263 750 229 229 751 273 273 752 277 274 753 274 275 754 275 276 755 275 276 756 276 277 757 277 274 758 281 278 759 278 279 760 279 280 761 279 280 762 280 281 763 281 278 764 225 225 765 272 272 766 282 282 767 276 277 768 275 276 769 278 279 770 278 279 771 281 278 772 276 277 773 273 273 774 229 229 775 228 228 776 225 225 777 282 282 778 226 226 779 286 283 780 283 284 781 284 285 782 284 285 783 285 286 784 286 283 785 285 286 786 284 285 787 287 287 788 287 287 789 288 288 790 285 286 791 288 288 792 287 287 793 289 289 794 289 289 795 290 290 796 288 288 797 292 291 798 286 283 799 285 286 800 285 286 801 291 292 802 292 291 803 291 293 804 285 293 805 288 293 806 288 294 807 293 294 808 291 294 809 293 295 810 288 288 811 290 290 812 290 290 813 294 296 814 293 295 815 296 297 816 292 291 817 291 292 818 291 292 819 295 298 820 296 297 821 295 298 822 291 292 823 293 295 824 293 295 825 297 299 826 295 298 827 297 299 828 293 295 829 294 296 830 294 296 831 298 300 832 297 299 833</p>
        </triangles>
      </mesh>
    </geometry>
  </library_geometries>
  <library_visual_scenes>
    <visual_scene id="Scene" name="Scene">
      <node id="Sphere_004" name="Sphere.004" type="NODE">
        <matrix sid="transform">0.138196 0 0 -0.00380221 0 0.138196 -1.39593e-8 1.851223 0 1.39593e-8 0.138196 -0.3135372 0 0 0 1</matrix>
        <instance_geometry url="#meshId3_name-mesh" name="Sphere.004">
          <bind_material>
            <technique_common>
              <instance_material symbol="glass-material" target="#glass-material">
                <bind_vertex_input semantic="meshId3-tex0" input_semantic="TEXCOORD" input_set="0"/>
              </instance_material>
            </technique_common>
          </bind_material>
        </instance_geometry>
      </node>
      <node id="Sphere_003" name="Sphere.003" type="NODE">
        <matrix sid="transform">0.138196 0 0 -0.00380221 0 0.138196 -1.39593e-8 1.851223 0 1.39593e-8 0.138196 -0.3135372 0 0 0 1</matrix>
        <instance_geometry url="#meshId2_name-mesh" name="Sphere.003">
          <bind_material>
            <technique_common>
              <instance_material symbol="wood-material" target="#wood-material">
                <bind_vertex_input semantic="meshId2-tex0" input_semantic="TEXCOORD" input_set="0"/>
              </instance_material>
            </technique_common>
          </bind_material>
        </instance_geometry>
      </node>
      <node id="Sphere_002" name="Sphere.002" type="NODE">
        <matrix sid="transform">0.138196 0 0 -0.00380221 0 0.138196 -1.39593e-8 1.851223 0 1.39593e-8 0.138196 -0.3135372 0 0 0 1</matrix>
        <instance_geometry url="#meshId1_name-mesh" name="Sphere.002">
          <bind_material>
            <technique_common>
              <instance_material symbol="metal-material" target="#metal-material">
                <bind_vertex_input semantic="meshId1-tex0" input_semantic="TEXCOORD" input_set="0"/>
              </instance_material>
            </technique_common>
          </bind_material>
        </instance_geometry>
      </node>
      <node id="Sphere_001" name="Sphere.001" type="NODE">
        <matrix sid="transform">0.138196 0 0 -0.00380221 0 0.138196 -1.39593e-8 1.851223 0 1.39593e-8 0.138196 -0.3135372 0 0 0 1</matrix>
        <instance_geometry url="#meshId0_name-mesh" name="Sphere.001">
          <bind_material>
            <technique_common>
              <instance_material symbol="crystals-material" target="#crystals-material">
                <bind_vertex_input semantic="meshId0-tex0" input_semantic="TEXCOORD" input_set="0"/>
              </instance_material>
            </technique_common>
          </bind_material>
        </instance_geometry>
      </node>
    </visual_scene>
  </library_visual_scenes>
  <scene>
    <instance_visual_scene url="#Scene"/>
  </scene>
</COLLADA>