<?xml version="1.0" encoding="utf-8"?>
<COLLADA xmlns="http://www.collada.org/2005/11/COLLADASchema" version="1.4.1" xmlns:xsi="http://www.w3.org/2001/XMLSchema-instance">
  <asset>
    <contributor>
      <author>Blender User</author>
      <authoring_tool>Blender 4.5.3 LTS commit date:2025-09-08, commit time:12:46, hash:67807e1800cc</authoring_tool>
    </contributor>
    <created>2025-10-12T05:30:32</created>
    <modified>2025-10-12T05:30:32</modified>
    <unit name="meter" meter="1"/>
    <up_axis>Z_UP</up_axis>
  </asset>
  <library_effects>
    <effect id="Material_001-effect">
      <profile_COMMON>
        <newparam sid="rintexture_png-surface">
          <surface type="2D">
            <init_from>rintexture_png</init_from>
          </surface>
        </newparam>
        <newparam sid="rintexture_png-sampler">
          <sampler2D>
            <source>rintexture_png-surface</source>
          </sampler2D>
        </newparam>
        <technique sid="common">
          <lambert>
            <emission>
              <color sid="emission">0 0 0 1</color>
            </emission>
            <diffuse>
              <texture texture="rintexture_png-sampler" texcoord="UVMap"/>
            </diffuse>
            <index_of_refraction>
              <float sid="ior">1.5</float>
            </index_of_refraction>
          </lambert>
        </technique>
      </profile_COMMON>
    </effect>
    <effect id="Material_003-effect">
      <profile_COMMON>
        <newparam sid="rintexture_png-surface">
          <surface type="2D">
            <init_from>rintexture_png</init_from>
          </surface>
        </newparam>
        <newparam sid="rintexture_png-sampler">
          <sampler2D>
            <source>rintexture_png-surface</source>
          </sampler2D>
        </newparam>
        <technique sid="common">
          <lambert>
            <emission>
              <color sid="emission">0 0 0 1</color>
            </emission>
            <diffuse>
              <texture texture="rintexture_png-sampler" texcoord="UVMap"/>
            </diffuse>
            <index_of_refraction>
              <float sid="ior">1.5</float>
            </index_of_refraction>
          </lambert>
        </technique>
      </profile_COMMON>
    </effect>
    <effect id="Material_002-effect">
      <profile_COMMON>
        <newparam sid="cauchotexture_png-surface">
          <surface type="2D">
            <init_from>cauchotexture_png</init_from>
          </surface>
        </newparam>
        <newparam sid="cauchotexture_png-sampler">
          <sampler2D>
            <source>cauchotexture_png-surface</source>
          </sampler2D>
        </newparam>
        <technique sid="common">
          <lambert>
            <emission>
              <color sid="emission">0 0 0 1</color>
            </emission>
            <diffuse>
              <texture texture="cauchotexture_png-sampler" texcoord="UVMap"/>
            </diffuse>
            <index_of_refraction>
              <float sid="ior">1.5</float>
            </index_of_refraction>
          </lambert>
        </technique>
      </profile_COMMON>
    </effect>
  </library_effects>
  <library_images>
    <image id="cauchotexture_png" name="cauchotexture_png">
      <init_from>cauchotexture.png</init_from>
    </image>
    <image id="rintexture_png" name="rintexture_png">
      <init_from>rintexture.png</init_from>
    </image>
  </library_images>
  <library_materials>
    <material id="Material_001-material" name="Material.001">
      <instance_effect url="#Material_001-effect"/>
    </material>
    <material id="Material_003-material" name="Material.003">
      <instance_effect url="#Material_003-effect"/>
    </material>
    <material id="Material_002-material" name="Material.002">
      <instance_effect url="#Material_002-effect"/>
    </material>
  </library_materials>
  <library_geometries>
    <geometry id="Coche_001-mesh" name="Coche.001">
      <mesh>
        <source id="Coche_001-mesh-positions">
          <float_array id="Coche_001-mesh-positions-array" count="861">0.06185996 -0.05616694 0.08646798 0.06185996 -0.09006297 0.126864 0.06185996 -0.09006297 0.179598 0.06185996 -0.05616694 0.219994 0.06185996 -0.004233956 0.229151 0.06185996 0.04143399 0.202785 0.06185996 0.05946999 0.153231 0.06185996 0.04143399 0.103678 0.06185996 -0.004233956 0.07731097 0.04727798 -0.03083497 0.07829397 0.04715394 -0.05255597 0.08770996 0.04391998 -0.03240495 0.118717 0.04351896 -0.02343595 0.120264 0.04718697 -0.05679899 0.089666 0.04725199 -0.07567095 0.104517 0.04354596 -0.04349797 0.1315259 0.04395896 -0.04028999 0.122755 0.04712694 -0.08604496 0.125327 0.04390799 -0.05097895 0.136308 0.04714399 -0.08811897 0.130373 0.04730099 -0.093961 0.153233 0.04355597 -0.05150598 0.153232 0.04390197 -0.05398994 0.1447589 0.04717695 -0.08841097 0.176605 0.04389494 -0.05390697 0.161705 0.04717695 -0.08687096 0.180823 0.04726099 -0.075764 0.202018 0.04354697 -0.04350095 0.174938 0.043953 -0.05149698 0.1702499 0.04716897 -0.05685096 0.216491 0.04402095 -0.040627 0.184334 0.04717397 -0.05288696 0.218868 0.04729199 -0.03086096 0.228321 0.04353898 -0.02346599 0.18642 0.04398196 -0.03281599 0.188331 0.04718196 -0.00682199 0.227055 0.04391598 -0.015513 0.1906729 0.04718196 -0.002528965 0.226301 0.04726999 0.02038097 0.219052 0.04352599 -8.51e-4 0.18229 0.043877 -0.006847977 0.188695 0.04719597 0.03835499 0.202838 0.04392498 0.008152961 0.180606 0.04715698 0.04084497 0.199061 0.04725599 0.05364894 0.179172 0.04357099 0.01437598 0.16488 0.04389995 0.01363098 0.173628 0.04715597 0.05660998 0.1557199 0.04391795 0.01963198 0.157685 0.04717999 0.05693799 0.151028 0.04728096 0.053918 0.127196 0.04354697 0.01412397 0.14168 0.04393899 0.01988595 0.148819 0.04714 0.04060196 0.1073549 0.04396897 0.01419699 0.132273 0.047158 0.03768795 0.103608 0.04730194 0.02055799 0.087103 0.04350894 -9.42e-4 0.124335 0.04394596 0.008317947 0.125677 0.04715299 -0.002258956 0.08059698 0.043917 -0.006764948 0.117329 0.04714697 -0.007295966 0.07978898 0.04393297 -0.01550799 0.115597 0.05741494 -0.02227699 0.126826 0.05741494 -0.03102695 0.130011 0.05609399 -0.02746099 0.136187 0.05609399 -0.02103894 0.13385 0.05741596 -0.03815996 0.1359969 0.05609399 -0.03269696 0.140581 0.05741596 -0.04281598 0.144061 0.05609399 -0.03611499 0.1465 0.05741596 -0.04443299 0.153231 0.05609399 -0.03730195 0.153231 0.05741596 -0.04281598 0.162401 0.05609399 -0.03611499 0.1599619 0.05741596 -0.03815996 0.170466 0.05609399 -0.03269696 0.165881 0.05741494 -0.03102695 0.176451 0.05609399 -0.02746099 0.170275 0.05741494 -0.02227699 0.179636 0.05609399 -0.02103894 0.172612 0.05741494 -0.01296496 0.179636 0.05609399 -0.01420396 0.172612 0.05741494 -0.004214942 0.176451 0.05609399 -0.007780969 0.170275 0.05741494 0.002917945 0.170466 0.05609297 -0.002544999 0.165881 0.05741494 0.007573962 0.162401 0.05609297 8.72e-4 0.1599619 0.05741494 0.009190976 0.153231 0.05609297 0.002058982 0.153231 0.05741494 0.007573962 0.144061 0.05609297 8.72e-4 0.1465 0.05741494 0.002917945 0.135996 0.05609297 -0.002544999 0.140581 0.05741494 -0.004214942 0.130011 0.05609399 -0.007780969 0.136187 0.05741494 -0.01296496 0.126826 0.05609399 -0.01420396 0.13385 0.05277597 -0.02476197 0.140863 0.05277597 -0.02010095 0.139167 0.05277597 -0.02856099 0.144051 0.05277597 -0.03104096 0.148347 0.05277597 -0.03190195 0.153231 0.05277597 -0.03104096 0.158115 0.05277597 -0.02856099 0.162411 0.05277597 -0.02476197 0.165599 0.05277597 -0.02010095 0.167295 0.05277597 -0.01514095 0.167295 0.05277597 -0.01048099 0.165599 0.05277597 -0.006680965 0.162411 0.05277597 -0.004200994 0.158115 0.05277597 -0.003339946 0.153231 0.05277597 -0.004200994 0.148347 0.05277597 -0.006680965 0.144051 0.05277597 -0.01048099 0.140863 0.05277597 -0.01514095 0.139167 0.05845999 -0.02325999 0.143465 0.05845999 -0.01957899 0.142125 0.05845999 -0.02625995 0.145982 0.05845999 -0.02821797 0.149374 0.05845999 -0.028898 0.153231 0.05845999 -0.02821797 0.157088 0.05845999 -0.02625995 0.16048 0.05845999 -0.02325999 0.162997 0.05845999 -0.01957899 0.164337 0.05845999 -0.01566296 0.164337 0.05845999 -0.01198297 0.162997 0.05845999 -0.008981943 0.16048 0.05845999 -0.00702399 0.157088 0.05845999 -0.00634396 0.153231 0.05845999 -0.00702399 0.149374 0.05845999 -0.008981943 0.145982 0.05845999 -0.01198297 0.143465 0.05845999 -0.01566296 0.142125 0.06312495 -0.02150899 0.146498 0.06312495 -0.01897096 0.145574 0.06312495 -0.02357697 0.1482329 0.06312495 -0.02492696 0.150572 0.06312495 -0.02539598 0.153231 0.06312495 -0.02492696 0.15589 0.06312495 -0.02357697 0.1582289 0.06312495 -0.02150899 0.159965 0.06312495 -0.01897096 0.160888 0.06312495 -0.01627099 0.160888 0.06312495 -0.01373398 0.159965 0.06312495 -0.01166498 0.1582289 0.06312495 -0.010315 0.15589 0.06312495 -0.009845972 0.153231 0.06312495 -0.010315 0.150572 0.06312495 -0.01166498 0.1482329 0.06312495 -0.01373296 0.146498 0.06312495 -0.01627099 0.145574 0.06610697 -0.02030998 0.148573 0.06610697 -0.01855498 0.147934 0.06610697 -0.02174097 0.149774 0.06610697 -0.02267599 0.151391 0.06610697 -0.023 0.153231 0.06610697 -0.02267497 0.155071 0.06610697 -0.02174097 0.156688 0.06610697 -0.02030998 0.157889 0.06610697 -0.01855498 0.158528 0.06610697 -0.01668697 0.158528 0.06610697 -0.01493197 0.157889 0.06610697 -0.01350098 0.156688 0.06610697 -0.01256698 0.155071 0.06610697 -0.01224195 0.153231 0.06610697 -0.01256698 0.151391 0.06610697 -0.01350098 0.149774 0.06610697 -0.01493197 0.148573 0.06610697 -0.01668697 0.147934 0.067492 -0.01947098 0.150027 0.068587 -0.01869899 0.151364 0.068587 -0.01799499 0.151107 0.067492 -0.01826298 0.149588 0.067492 -0.020455 0.150853 0.068587 -0.01927298 0.151845 0.067492 -0.021097 0.151966 0.068587 -0.019647 0.152494 0.067492 -0.02131998 0.153231 0.068587 -0.01977699 0.153231 0.067492 -0.021097 0.154496 0.068587 -0.019647 0.153969 0.067492 -0.020455 0.155609 0.068587 -0.01927298 0.154617 0.067492 -0.01947098 0.156435 0.068587 -0.01869899 0.155099 0.067492 -0.01826298 0.156874 0.068587 -0.01799499 0.155355 0.067492 -0.01697897 0.156874 0.068587 -0.01724696 0.155355 0.067492 -0.01577097 0.156435 0.068587 -0.01654297 0.155099 0.067492 -0.01478695 0.155609 0.068587 -0.01596897 0.154617 0.067492 -0.01414495 0.154496 0.068587 -0.01559495 0.153969 0.067492 -0.01392197 0.153231 0.068587 -0.01546496 0.153231 0.067492 -0.01414495 0.151966 0.068587 -0.01559495 0.152494 0.067492 -0.01478695 0.150853 0.068587 -0.01596897 0.151845 0.067492 -0.01577097 0.150027 0.068587 -0.01654297 0.151364 0.067492 -0.01697897 0.149588 0.068587 -0.01724696 0.151107 0.06972199 -0.01799798 0.1525779 0.06972199 -0.01775199 0.1524879 0.06972199 -0.01837497 0.153231 0.06972199 -0.01832997 0.1534889 0.06972199 -0.01819896 0.153716 0.06972199 -0.01799798 0.1538839 0.06972199 -0.01775199 0.1539739 0.06972199 -0.01724398 0.1538839 0.06972199 -0.01704299 0.153716 0.06972199 -0.01691198 0.1534889 0.06972199 -0.01691198 0.1529729 0.06972199 -0.01704299 0.152746 0.06972199 -0.01724398 0.1525779 0.06078195 0.04094898 0.199953 0.06077998 0.05725795 0.1551049 0.056997 0.01445895 0.1573809 0.05763196 0.009807944 0.163214 0.056979 0.009468972 0.170531 0.06081098 -0.003037989 0.227101 0.060826 0.03931695 0.202795 0.05700296 0.004352986 0.17706 0.05758196 -0.003301978 0.1780329 0.05695396 -0.008030951 0.183619 0.06080096 -0.05376994 0.219135 0.06080996 -0.006071984 0.2276239 0.05699199 -0.01613795 0.185495 0.05759495 -0.02261894 0.181577 0.05706 -0.03047299 0.183692 0.06080394 -0.08772796 0.18046 0.06079494 -0.05664098 0.217378 0.05709999 -0.03777998 0.179991 0.057603 -0.03973597 0.171788 0.05702894 -0.04670697 0.168201 0.06076699 -0.088508 0.1295869 0.06080394 -0.08882695 0.177432 0.05697298 -0.04893296 0.160203 0.05761498 -0.04661798 0.153231 0.05697995 -0.04901099 0.146238 0.06081396 -0.05658197 0.08875596 0.06074899 -0.08682996 0.125671 0.05698698 -0.04622495 0.1383849 0.05760395 -0.03974795 0.1346639 0.05703896 -0.03746098 0.127085 0.06077897 -0.05340999 0.087457 0.05699998 -0.03008395 0.123346 0.05757498 -0.02257996 0.125108 0.05701297 -0.01609998 0.120737 0.06077098 -0.006587982 0.07926797 0.06078296 0.03858095 0.103664 0.06077796 -0.002749979 0.07985395 0.05699598 -0.007963955 0.122376 0.05756294 -0.003407955 0.1286129 0.05702596 0.004551947 0.129232 0.060808 0.05762195 0.151665 0.06076496 0.04069596 0.106452 0.05704694 0.01003295 0.13539 0.05760395 0.009514987 0.1433539 0.05701696 0.01469099 0.149105 0.07238799 -0.01869899 0.151364 0.07238799 -0.01927298 0.151845 0.07238799 -0.01799499 0.155355 0.07238799 -0.01724696 0.155355 0.07238799 -0.01559495 0.153969 0.07238799 -0.01546496 0.153231 0.07238799 -0.01654297 0.151364 0.07238799 -0.01724696 0.151107 0.07352298 -0.01799798 0.1525779 0.07352298 -0.01775199 0.1524879 0.07352298 -0.01819896 0.152746 0.07352298 -0.01832997 0.1529729 0.07352298 -0.01837497 0.153231 0.07352298 -0.01775199 0.1539739 0.07352298 -0.01748996 0.1539739 0.07352298 -0.01724398 0.1538839 0.07352298 -0.01691198 0.1534889 0.07352298 -0.01686698 0.153231 0.07352298 -0.01691198 0.1529729 0.07352298 -0.01704299 0.152746 0.07352298 -0.01724398 0.1525779 0.07352298 -0.01748996 0.1524879</float_array>
          <technique_common>
            <accessor source="#Coche_001-mesh-positions-array" count="287" stride="3">
              <param name="X" type="float"/>
              <param name="Y" type="float"/>
              <param name="Z" type="float"/>
            </accessor>
          </technique_common>
        </source>
        <source id="Coche_001-mesh-normals">
          <float_array id="Coche_001-mesh-normals-array" count="1284">0.9961277 0.01525723 0.08658534 0.9960144 0.03022754 0.08391439 0.9959986 0.03069818 0.08393138 0.9960066 0.05737793 0.06840133 0.9961198 0.06752717 0.05644023 0.9961259 0.06722813 0.05668765 0.9960129 0.07709312 0.04488968 0.9959971 0.07746446 0.04459929 0.9960069 0.08791863 0.01551723 0.9961188 0.08801925 3.52984e-5 0.9961268 0.08792871 -4.86057e-5 0.9960147 0.08789724 -0.01513248 0.9959984 0.08799719 -0.01561176 0.9960097 0.07731556 -0.04457741 0.9961227 0.06771862 -0.05615824 0.9961289 0.06738036 -0.0564565 0.9960172 0.05758303 -0.06807267 0.9959973 0.0573256 -0.06858086 0.9960078 0.03055351 -0.083875 0.9961211 0.01499134 -0.08670669 0.9961274 0.01527076 -0.08658504 0.9960139 2.88792e-4 -0.08919757 0.995998 -1.49259e-4 -0.08937501 0.9960079 -0.03047919 -0.08390033 0.9961206 -0.043711 -0.07637518 0.9961287 -0.04395747 -0.076128 0.9960153 -0.05711829 -0.06849163 0.9959998 -0.05755722 -0.06835067 0.9960096 -0.07727175 -0.04465562 0.9961215 -0.08261436 -0.03027957 0.9961296 -0.0825833 -0.0301007 0.9960173 -0.08774662 -0.01581597 0.9959993 -0.08803158 -0.01536166 0.9960096 -0.08789545 0.01547437 0.9961211 -0.08277291 0.02985727 0.9961293 -0.08265066 0.02992266 0.9960172 -0.07739013 0.04427832 0.9959987 -0.07732003 0.04481393 0.9960069 -0.05739104 0.06838482 0.9961202 -0.04389578 0.07627433 0.9961269 -0.04399865 0.07612729 0.9960126 -0.030752 0.08374476 0.9959995 -0.03045821 0.08400851 0.996008 -3.30793e-5 0.08926439 0.9961215 0.01527059 0.0866543 0.9933352 0.04348933 0.1067425 0.9400765 0.1704816 0.2952834 0.9969937 0.03553557 0.06885379 0.9400504 0.2612631 0.2191959 0.9933453 0.1014254 0.05457174 0.9400573 0.3204463 0.1166471 0.9970687 0.06948214 0.03203928 0.9400578 0.3410153 1.96332e-6 0.9934006 0.1118773 -0.02527332 0.9400531 0.3204578 -0.1166496 0.9970301 0.07366937 -0.02244353 0.9400447 0.2612618 -0.2192226 0.9933521 0.07110619 -0.0905295 0.940072 0.1704987 -0.2952877 0.996736 0.04618173 -0.06621742 0.9400765 0.0592032 -0.3357849 0.9932977 -0.002827048 -0.1155495 0.9400766 -0.0591911 -0.3357864 0.9971343 -0.005630493 -0.07544344 0.9400874 -0.170406 -0.2952924 0.9934133 -0.07843035 -0.08353918 0.9400743 -0.2611811 -0.2191911 0.997066 -0.05431646 -0.05393546 0.9400675 -0.3204259 -0.1166217 0.9933896 -0.1138713 -0.01451611 0.9400705 -0.3409802 -1.81095e-6 0.9969822 -0.07740104 -0.005960941 0.9400662 -0.3204281 0.1166251 0.9933327 -0.09768873 0.06121486 0.9400662 -0.2611841 0.2192225 0.9968819 -0.06443953 0.04554331 0.9400761 -0.1704388 0.2953093 0.9933199 -0.03575497 0.1097138 0.9400736 -0.05919325 0.3357946 0.9970352 -0.01743584 0.07494634 0.9400766 0.05919998 0.335785 0.8519765 0.2617853 0.4534364 0.8519665 0.4011118 0.3365447 0.851994 0.4919785 0.1790625 0.8520121 0.5235222 1.14935e-5 0.8520075 0.4919642 -0.179038 0.8519749 0.4010894 -0.3365502 0.8519729 0.26179 -0.4534404 0.8519749 0.09089571 -0.5156326 0.8521627 -0.09087574 -0.5153257 0.8519895 -0.2617355 -0.4534409 0.8520282 -0.4010006 -0.3365211 0.8520318 -0.4919289 -0.1790186 0.8520386 -0.5234791 -1.15457e-5 0.8520368 -0.4919204 0.1790186 0.8520365 -0.4010012 0.3364994 0.8520023 -0.2617287 0.4534206 0.8521677 -0.09088397 0.5153157 0.8521655 0.09090876 0.5153151 0.4672451 -0.1535142 -0.8706983 0.5315839 -0.4234874 -0.7335373 0.4672915 -0.4420168 -0.7656761 0.5315783 -0.6488614 -0.5444296 0.4672499 -0.677304 -0.5682754 0.5315724 -0.7959415 -0.2896687 0.4672565 -0.8308167 -0.3023495 0.5315692 -0.847015 2.27776e-7 0.4672598 -0.8841202 -2.73352e-7 0.5315762 -0.7959458 0.2896499 0.4672555 -0.83082 0.3023416 0.5315564 -0.6488751 0.5444346 0.4672616 -0.6772899 0.5682826 0.5315601 -0.4235126 0.7335401 0.4672847 -0.4420512 0.7656604 0.5315682 -0.1470885 0.8341464 0.4672226 -0.1534994 0.8707129 0.5315397 0.1471238 0.8341584 0.4672474 0.1535452 0.8706916 0.5315506 0.4234766 0.7335678 0.4672863 0.4419925 0.7656933 0.5315809 0.6488172 0.5444797 0.4672505 0.6772696 0.5683158 0.5315724 0.7959417 0.2896685 0.4672577 0.8308157 0.3023499 0.5315696 0.8470146 -6.39711e-7 0.4672613 0.8841194 -1.92359e-7 0.5315757 0.7959463 -0.2896494 0.4672547 0.8308206 -0.3023412 0.5315601 0.6488244 -0.5444913 0.467266 0.67725 -0.5683264 0.5315652 0.4234881 -0.7335504 0.4672815 0.4420338 -0.7656723 0.531569 0.1471257 -0.8341395 0.4672227 0.1535313 -0.8707073 0.5315572 -0.1471005 -0.8341515 0.6126001 -0.3952051 -0.6844955 0.6126357 -0.6054735 -0.5080151 0.6125612 -0.7427528 -0.2703465 0.612547 -0.7904343 2.10213e-5 0.6125766 -0.7427556 0.2703039 0.6126292 -0.6055311 0.5079542 0.6126298 -0.3951435 0.6845045 0.6125916 -0.1371939 0.7784019 0.6125954 0.1371949 0.7783986 0.6125882 0.3951671 0.6845281 0.6126223 0.6054799 0.5080238 0.6126069 0.7427284 0.2703098 0.6125727 0.7904142 3.76778e-6 0.6125765 0.7427562 -0.2703025 0.6126288 0.6054595 -0.5080403 0.6125934 0.3952121 -0.6844974 0.6125926 0.1372914 -0.778384 0.6125954 -0.1372829 -0.7783833 0.6969993 -0.1245405 -0.7061741 0.6969631 -0.3586019 -0.6210049 0.6969894 -0.5492685 -0.4609882 0.6970231 -0.6737371 -0.2454325 0.6970357 -0.7170365 1.55327e-4 0.6970087 -0.6737706 0.2453814 0.6969952 -0.5493006 0.460941 0.6970169 -0.3585307 0.6209858 0.6970227 -0.1245576 0.7061479 0.697014 0.1245148 0.7061641 0.6969898 0.3586047 0.6209734 0.6969946 0.5493301 0.4609068 0.6970106 0.6737629 0.2453973 0.6970296 0.7170423 3.49157e-5 0.6970088 0.6737709 -0.2453805 0.6969779 0.5492963 -0.4609722 0.6969732 0.3585718 -0.621011 0.6970217 0.1245633 -0.7061479 0.7920951 -0.1058727 -0.6011458 0.8033243 -0.07496356 -0.5908051 0.8155621 -0.2892623 -0.5011845 0.7921012 -0.3051401 -0.5286448 0.8113825 -0.3753236 -0.4480969 0.7921441 -0.5735391 -0.2087118 0.8005575 -0.5831213 -0.1381212 0.7984517 -0.602059 -8.70424e-5 0.7921515 -0.6103246 8.8434e-6 0.7989027 -0.5660665 0.2032813 0.7921051 -0.5736161 0.2086485 0.8041164 -0.4758412 0.3563311 0.7920536 -0.4677191 0.392288 0.8049942 -0.2698619 0.5283549 0.7920137 -0.3051861 0.5287494 0.8040748 -0.135183 0.5789554 0.7920282 -0.1059107 0.6012273 0.8049368 0.1327292 0.578325 0.7920649 0.1058499 0.6011899 0.7985058 0.300961 0.5213551 0.7920507 0.3052114 0.5286793 0.7983836 0.4610651 0.3873017 0.792015 0.4677768 0.3922972 0.8040967 0.5466382 0.233699 0.7920523 0.5736743 0.2086885 0.8049318 0.5925843 -0.03047597 0.7921292 0.6103534 2.9574e-5 0.7986466 0.5665332 -0.2029877 0.7921167 0.5736044 -0.2086366 0.7985101 0.4611455 -0.386945 0.7920761 0.467681 -0.3922882 0.8041751 0.3251219 -0.4975925 0.7920578 0.3051824 -0.5286854 0.8049943 0.073022 -0.5887716 0.7920293 0.1059092 -0.6012262 0.7905676 -0.4652407 -0.3981885 0.7754852 -0.6278275 0.06674844 0.7721568 -0.625966 0.1092728 0.7724772 -0.5499966 0.3174631 0.7725337 -0.2170048 0.5967416 0.950636 0.1829717 0.2506247 0.8421862 0.4128072 0.3468613 0.7724983 0.5499835 0.3174344 0.7723821 0.6255006 -0.1103402 0.7751729 0.4369534 -0.4562661 0.772554 0.4081608 -0.4863798 0.7755032 -0.1757009 -0.6064025 1 2.85385e-4 -3.17832e-5 0.9960122 -0.07641237 -0.04605531 0.9928196 -0.0124399 0.1189728 0.9970013 -0.07108676 0.03057986 0.9934493 0.05374938 -0.1008444 0.9040358 0.2090505 -0.3728501 0.994973 -0.09950071 0.01133906 0.9917321 -0.09586942 0.08530253 0.9967514 -0.07751011 -0.02188205 0.9933598 0.1088201 -0.03734272 0.8688005 0.4685468 -0.1601552 0.9973811 -0.006751716 -0.07201004 0.9921966 -0.1244982 0.006801784 0.9969106 -0.04225051 -0.06621378 0.9920173 0.1222943 0.03075778 0.882884 0.4398927 0.1643484 0.9970808 0.04968744 -0.0579763 0.9901823 -0.09973442 -0.09793961 0.9967183 0.01216691 -0.08002865 0.9925158 0.06901264 0.1007459 0.8783472 0.2338915 0.4168947 0.9973118 0.07023489 -0.02088981 0.992909 -0.03328198 -0.1141231 0.9969784 0.05577689 -0.05406641 0.9931659 -0.01637589 0.1155572 0.9430732 0.2203449 0.2491209 0.9853912 0.1541274 0.0724498 0.9926296 0.05314069 -0.1089155 0.996955 0.07788407 -0.003857076 0.9924626 -0.08684241 0.08646762 0.8646154 -0.3921232 0.314133 0.9953153 -0.01284927 0.09582507 0.9918047 0.1188274 -0.04694408 0.996748 0.0647363 0.04798668 0.9923366 -0.1233203 0.007754743 0.9136868 -0.4062964 0.009994804 0.9970211 -0.008016109 0.07671165 0.9916958 0.1219881 0.04072594 0.9967597 0.0189017 0.0781852 0.9920904 -0.1016156 -0.07369452 0.9028602 -0.332436 -0.2726351 0.9971666 -0.06297206 0.04115009 0.9912651 0.06324714 0.1157298 0.9968034 -0.03727787 0.07066464 0.9927291 -0.02866286 -0.1169083 0.8730174 -0.07673406 -0.4816146 0.04257774 0.8397492 -0.5413025 0.04256373 0.8397462 -0.5413082 0.04255944 0.8397454 -0.54131 0.3062207 0.1883596 -0.9331398 0.3265082 -0.1668729 -0.9303473 0.3256528 -0.1675556 -0.9305242 0.3047107 -0.501329 -0.8098277 0.2926579 -0.5171529 -0.8043037 0.0422368 -0.9746461 -0.2197297 0.04224419 -0.9746454 -0.2197313 0.04224663 -0.9746452 -0.2197319 0.0414561 0.3020482 -0.9523909 0.04145479 0.3020485 -0.9523908 0.04145437 0.3020486 -0.9523908 0.3121891 -0.4972772 -0.8094773 0.3273048 -0.7372901 -0.5909949 0.324455 -0.7398537 -0.5893602 0.304881 -0.9011051 -0.3083133 0.2945463 -0.9085972 -0.2961314 0.04419213 -0.8922093 0.449455 0.04421436 -0.8922107 0.4494498 0.04422163 -0.8922112 0.4494481 0.04377412 -0.3925541 -0.9186866 0.04378461 -0.3925504 -0.9186877 0.04378771 -0.3925493 -0.9186881 0.3156212 -0.9090866 -0.271928 0.3279643 -0.9446808 0.004196822 0.3278325 -0.9447272 0.004053354 0.3148003 -0.9070108 0.2797002 0.3133696 -0.9068369 0.2818623 0.04218274 -0.3846737 0.9220883 0.04220825 -0.3846791 0.9220849 0.04221659 -0.3846809 0.9220838 0.04323536 -0.890262 -0.453392 0.1594997 -0.9744035 -0.1584225 0.2084348 -0.9772792 -0.03847646 0.3240072 -0.7469574 0.5805808 0.326104 -0.7467101 0.5797244 0.3070678 -0.4649746 0.8303662 0.2984293 -0.4560045 0.838451 0.04368162 0.2897518 0.9561045 0.04368853 0.2897502 0.9561048 0.0436908 0.2897496 0.9561047 0.04398149 -0.9725769 0.2283855 0.04396229 -0.9725757 0.2283941 0.04395657 -0.9725754 0.2283968 0.3111187 -0.4666588 0.8279098 0.3278118 -0.1359072 0.9349164 0.3249075 -0.1341922 0.9361771 0.3017025 0.2127845 0.9293538 0.2883371 0.2306228 0.9293411 0.04356384 0.8369494 0.5455438 0.04354864 0.8369518 0.5455412 0.04354357 0.8369527 0.5455403 0.04454684 -0.5953523 0.8022289 0.04453593 -0.5953479 0.8022328 0.04453271 -0.5953466 0.8022339 0.307057 0.1493942 0.9398922 0.3262822 0.4502429 0.8311566 0.3282307 0.4482923 0.8314437 0.3142417 0.7031847 0.6377958 0.3102763 0.7080688 0.6343243 0.04400557 0.9920609 -0.1178084 0.04397553 0.9920614 -0.1178151 0.04396605 0.9920616 -0.1178173 0.04269808 0.04928874 0.9978716 0.04269176 0.0492919 0.9978716 0.04268985 0.04929286 0.9978716 0.3139458 0.7589402 0.5704805 0.326601 0.8849893 0.331852 0.3274518 0.884375 0.3326503 0.3162765 0.9461009 0.06972986 0.3179246 0.9453651 0.0721721 0.04276394 0.6794342 -0.7324892 0.04276722 0.679435 -0.7324884 0.04276829 0.6794351 -0.732488 0.0436204 0.6829013 0.7292071 0.04363018 0.6828981 0.7292096 0.04363328 0.6828972 0.7292103 0.3041913 0.9520152 0.03368771 0.3256292 0.894187 -0.3072381 0.32637 0.8940166 -0.3069478 0.3086599 0.7287827 -0.6112322 0.3011196 0.7238672 -0.6207603 0.04389172 0.05562418 -0.9974867 0.0438475 0.05561429 -0.9974891 0.04383313 0.05561107 -0.9974899 0.04254388 0.9912016 0.125337 0.04251617 0.9912045 0.1253249 0.0425077 0.9912052 0.1253212 0.3056238 0.7504814 -0.5859794 0.3271171 0.4643517 -0.8230261 0.3254874 0.4636228 -0.8240824 0.301625 0.1132345 -0.9466786 0.2860959 0.09346199 -0.9536321 0.04280871 -0.6031603 -0.7964704 0.04280668 -0.6031609 -0.7964701 0.04280602 -0.603161 -0.7964701 0.9959794 0.05813169 0.06815981 0.9959767 0.08838933 0.01475793 0.9959807 0.07719892 -0.04541826 0.9959794 0.02993172 -0.08443421 0.9959784 -0.03134745 -0.08393108 0.9959787 -0.07798635 -0.04409945 0.9959821 -0.08809775 0.01608258 0.9959805 -0.0570144 0.06908077 0.9959813 7.11066e-4 0.0895583 0.7724918 -0.2173418 -0.5966735 1 0 0 0.8938536 -0.05748558 0.4446586 0.8170153 -0.3970761 0.4181107 0.8493462 -0.5255934 0.04860645 0.8743091 -0.3930911 -0.2847157 0.859753 -0.1306603 -0.4937133 0.9211195 0.1914674 -0.3389383 0.8938852 0.4130173 -0.1743159 0.8948457 0.4264491 0.1318804 0.8616767 0.289106 0.4170504 0.04258328 0.8397504 -0.5413002 0.3007007 0.1751459 -0.9374983 0.04223352 -0.9746464 -0.2197289 0.04145663 0.302048 -0.9523909 0.3104635 -0.5012633 -0.8076804 0.04418241 -0.8922086 0.4494572 0.04377007 -0.3925555 -0.9186862 0.3149612 -0.90977 -0.2704035 0.04217159 -0.3846714 0.9220898 0.04323482 -0.8902622 -0.4533919 0.04367858 0.2897526 0.9561044 0.04398894 -0.9725773 0.2283821 0.3078218 -0.4599804 0.8328648 0.04357057 0.8369483 0.5455449 0.04455107 -0.595354 0.8022276 0.3018827 0.1623203 0.9394248 0.0440182 0.9920606 -0.1178054 0.04270058 0.04928749 0.9978715 0.3136367 0.7594788 0.5699334 0.04276251 0.679434 -0.7324896 0.04361641 0.6829026 0.7292062 0.2988185 0.954083 0.02080893 0.04391092 0.05562847 -0.9974856 0.04255485 0.9912006 0.1253418 0.2993854 0.7422723 -0.5995 0.04280954 -0.6031602 -0.7964706 0.7724348 -0.4078574 -0.4868234 0.9115386 -0.3147884 -0.2645859 0.7739593 -0.4214172 -0.4726462 0.7725608 0 0.6349408 0.7772788 0.1098463 0.619493 0.7740898 0.01943844 0.6327776 0.7724792 0.6254294 0.1100637 0.8839501 0.4675814 1.0479e-4 0.774012 0.6266215 0.09083473 0.7725038 0.2172489 -0.5966915 0.7773257 0.1097686 -0.619448 0.7740437 0.198437 -0.6012313 0.9156458 -0.3481547 -0.2009505 0.9524813 0.2999632 -0.05293077 0.7721244 -0.4076741 -0.4874687 0.772561 0 0.6349405 0.7722257 0.2175977 0.5969244 0.7727275 0.6253384 0.1088314 0.7722288 0.2181898 -0.5967043 0.7725586 0 -0.6349435</float_array>
          <technique_common>
            <accessor source="#Coche_001-mesh-normals-array" count="428" stride="3">
              <param name="X" type="float"/>
              <param name="Y" type="float"/>
              <param name="Z" type="float"/>
            </accessor>
          </technique_common>
        </source>
        <source id="Coche_001-mesh-map-0">
          <float_array id="Coche_001-mesh-map-0-array" count="2778">0.455163 1.103477 0.458485 1.089509 0.463365 1.101699 0.477365 1.089013 0.468753 1.102013 0.46906 1.087102 0.46906 1.087102 0.465768 1.101008 0.461003 1.088881 0.392778 1.105305 0.384399 1.118133 0.38471 1.103057 0.38471 1.103057 0.381401 1.117217 0.37637 1.104861 0.390832 1.11762 0.399402 1.104659 0.399094 1.119608 0.399094 1.119608 0.402579 1.106094 0.407379 1.117945 0.422167 1.105464 0.413614 1.11845 0.413925 1.103357 0.413925 1.103357 0.410587 1.117395 0.405554 1.105106 0.419741 1.11825 0.428481 1.105285 0.428002 1.120348 0.428002 1.120348 0.431518 1.106464 0.436455 1.118827 0.450431 1.106518 0.441976 1.11932 0.442282 1.104485 0.442282 1.104485 0.438962 1.118373 0.434065 1.106184 0.447307 1.11994 0.455899 1.106963 0.455589 1.121989 0.455589 1.121989 0.459001 1.108193 0.463868 1.120129 0.476795 1.107278 0.468328 1.120338 0.468643 1.105078 0.468643 1.105078 0.465314 1.119149 0.460449 1.106928 0.447056 1.101342 0.455475 1.088356 0.455163 1.103477 0.486054 0.391713 0.465844 0.426989 0.452682 0.403252 0.452682 0.403252 0.445738 0.443359 0.425054 0.425581 0.425054 0.425581 0.432334 0.465693 0.406789 0.456208 0.406789 0.456208 0.427262 0.490977 0.399966 0.490414 0.399966 0.490414 0.431143 0.516585 0.405231 0.524867 0.405231 0.524867 0.443618 0.539312 0.422361 0.556226 0.422361 0.556226 0.463032 0.556497 0.44904 0.579815 0.44904 0.579815 0.487156 0.565952 0.481771 0.592577 0.481771 0.592577 0.513032 0.566342 0.517025 0.593304 0.517025 0.593304 0.537526 0.55789 0.550832 0.58163 0.550832 0.58163 0.557628 0.541663 0.578456 0.559302 0.578456 0.559302 0.571031 0.519469 0.59657 0.529241 0.59657 0.529241 0.575962 0.494042 0.603256 0.494605 0.603256 0.494605 0.57208 0.468575 0.597856 0.459862 0.597856 0.459862 0.559605 0.445849 0.581143 0.428941 0.581143 0.428941 0.540191 0.428665 0.554463 0.405493 0.554463 0.405493 0.516067 0.419208 0.521163 0.392578 0.521163 0.392578 0.490192 0.418675 0.486054 0.391713 0.490192 0.418675 0.501684 0.492509 0.465844 0.426989 0.465844 0.426989 0.501684 0.492509 0.445738 0.443359 0.445738 0.443359 0.501684 0.492509 0.432334 0.465693 0.432334 0.465693 0.501684 0.492509 0.427262 0.490977 0.427262 0.490977 0.501684 0.492509 0.431143 0.516585 0.431143 0.516585 0.501684 0.492509 0.443618 0.539312 0.443618 0.539312 0.501684 0.492509 0.463032 0.556497 0.463032 0.556497 0.501684 0.492509 0.487156 0.565952 0.487156 0.565952 0.501684 0.492509 0.513032 0.566342 0.513032 0.566342 0.501684 0.492509 0.537526 0.55789 0.537526 0.55789 0.501684 0.492509 0.557628 0.541663 0.557628 0.541663 0.501684 0.492509 0.571031 0.519469 0.571031 0.519469 0.501684 0.492509 0.575962 0.494042 0.575962 0.494042 0.501684 0.492509 0.57208 0.468575 0.57208 0.468575 0.501684 0.492509 0.559605 0.445849 0.559605 0.445849 0.501684 0.492509 0.540191 0.428665 0.540191 0.428665 0.501684 0.492509 0.516067 0.419208 0.516067 0.419208 0.501684 0.492509 0.490192 0.418675 0.542136 0.418571 0.543396 0.438795 0.532706 0.43491 0.438471 0.471096 0.448567 0.495398 0.433749 0.495093 0.433749 0.495093 0.45146 0.514425 0.437497 0.519279 0.437497 0.519279 0.460735 0.531391 0.449227 0.540652 0.449227 0.540652 0.475324 0.544086 0.467681 0.556794 0.467681 0.556794 0.493355 0.551089 0.490465 0.565626 0.490465 0.565626 0.512698 0.551567 0.514958 0.566159 0.514958 0.566159 0.53096 0.545261 0.538138 0.55826 0.538138 0.55826 0.546012 0.53315 0.557173 0.542948 0.557173 0.542948 0.556081 0.516664 0.56985 0.521995 0.56985 0.521995 0.559754 0.49769 0.574573 0.497996 0.574573 0.497996 0.556773 0.478554 0.570825 0.47381 0.570825 0.47381 0.547499 0.461584 0.559009 0.452325 0.559009 0.452325 0.53291 0.448892 0.540641 0.436295 0.738054 0.344349 0.735644 0.344885 0.735916 0.34352 0.517857 0.427462 0.495623 0.44152 0.493364 0.42693 0.57428 0.400025 0.562288 0.416374 0.556551 0.406476 0.556551 0.406476 0.55089 0.425937 0.542136 0.418571 0.462312 0.459936 0.46843 0.482724 0.452242 0.476424 0.452242 0.476424 0.465806 0.495753 0.448567 0.495398 0.448567 0.495398 0.467817 0.508925 0.45146 0.514425 0.45146 0.514425 0.474236 0.52053 0.460735 0.531391 0.460735 0.531391 0.484285 0.529396 0.475324 0.544086 0.475324 0.544086 0.4967 0.534176 0.493355 0.551089 0.493355 0.551089 0.510013 0.534404 0.512698 0.551567 0.512698 0.551567 0.522599 0.530111 0.53096 0.545261 0.53096 0.545261 0.533003 0.521741 0.546012 0.53315 0.546012 0.53315 0.539891 0.510365 0.556081 0.516664 0.556081 0.516664 0.542517 0.497335 0.559754 0.49769 0.559754 0.49769 0.540507 0.484164 0.556773 0.478554 0.556773 0.478554 0.533996 0.472448 0.547499 0.461584 0.547499 0.461584 0.524036 0.463692 0.53291 0.448892 0.53291 0.448892 0.511621 0.458914 0.514966 0.441999 0.514966 0.441999 0.498309 0.458681 0.495623 0.44152 0.495623 0.44152 0.485632 0.462866 0.477363 0.447829 0.477363 0.447829 0.475231 0.471236 0.462312 0.459936 0.484192 0.478974 0.479488 0.486953 0.46843 0.482724 0.732315 0.349104 0.732138 0.349952 0.731031 0.34993 0.477605 0.495997 0.47903 0.505188 0.467817 0.508925 0.47903 0.505188 0.48342 0.513139 0.474236 0.52053 0.48342 0.513139 0.490338 0.51924 0.484285 0.529396 0.490338 0.51924 0.499066 0.522612 0.4967 0.534176 0.499066 0.522612 0.508249 0.522697 0.510013 0.534404 0.508249 0.522697 0.51696 0.5197 0.522599 0.530111 0.51696 0.5197 0.524042 0.514004 0.533003 0.521741 0.524042 0.514004 0.528834 0.506134 0.539891 0.510365 0.528834 0.506134 0.530719 0.497092 0.542517 0.497335 0.530719 0.497092 0.529292 0.487899 0.540507 0.484164 0.736989 0.349192 0.736568 0.348436 0.73743 0.347742 0.524811 0.479839 0.517986 0.473846 0.524036 0.463692 0.517986 0.473846 0.50926 0.470476 0.511621 0.458914 0.735109 0.347557 0.734247 0.347549 0.734081 0.34645 0.500073 0.470392 0.491276 0.473278 0.485632 0.462866 0.733421 0.34782 0.732756 0.348355 0.731915 0.347629 0.490464 0.484502 0.496178 0.489566 0.494323 0.4927 0.67826 0.368282 0.678783 0.368473 0.678731 0.368736 0.678261 0.369193 0.678781 0.368998 0.678907 0.369227 0.48984 0.507974 0.495817 0.503166 0.498684 0.505601 0.733737 0.351467 0.734116 0.350854 0.734444 0.350984 0.734302 0.35168 0.734444 0.350984 0.734785 0.350983 0.734897 0.351697 0.734785 0.350983 0.735109 0.350876 0.51299 0.512503 0.509266 0.505838 0.512144 0.50352 0.735916 0.351134 0.735379 0.350659 0.735554 0.350365 0.521171 0.503184 0.513998 0.500389 0.514791 0.496763 0.736337 0.350039 0.735628 0.350024 0.73557 0.349684 0.680739 0.36828 0.680219 0.368475 0.680086 0.368237 0.735955 0.348929 0.735405 0.349372 0.735144 0.349154 0.735523 0.348541 0.735144 0.349154 0.734817 0.349024 0.734958 0.348328 0.734817 0.349024 0.734475 0.349025 0.679267 0.367437 0.679365 0.367985 0.679117 0.368072 0.678838 0.367596 0.679117 0.368072 0.678912 0.368244 0.732756 0.348355 0.733345 0.348874 0.733034 0.349381 0.479488 0.486953 0.487151 0.489905 0.48597 0.496169 0.732138 0.349952 0.732923 0.349969 0.73301 0.350563 0.732272 0.350815 0.73301 0.350563 0.733286 0.351077 0.732684 0.351561 0.733286 0.351077 0.733737 0.351467 0.490338 0.51924 0.494644 0.512132 0.500662 0.514401 0.499066 0.522612 0.500662 0.514401 0.507006 0.514583 0.735014 0.352458 0.734897 0.351697 0.735459 0.351502 0.735831 0.352177 0.735459 0.351502 0.735916 0.351134 0.524042 0.514004 0.517859 0.508586 0.521171 0.503184 0.736946 0.350904 0.736227 0.350627 0.736337 0.350039 0.530719 0.497092 0.522353 0.496919 0.521424 0.490585 0.736989 0.349192 0.73625 0.349445 0.735955 0.348929 0.736568 0.348436 0.735955 0.348929 0.735523 0.348541 0.735928 0.347874 0.735523 0.348541 0.734958 0.348328 0.735109 0.347557 0.734958 0.348328 0.734363 0.348311 0.734247 0.347549 0.734363 0.348311 0.733802 0.348506 0.733421 0.34782 0.733802 0.348506 0.733345 0.348874 0.73369 0.350324 0.734356 0.350216 0.733847 0.350625 0.733847 0.350625 0.734442 0.350301 0.734116 0.350854 0.498684 0.505601 0.504086 0.500164 0.502174 0.506988 0.734785 0.350983 0.734791 0.350311 0.735109 0.350876 0.735379 0.350659 0.734956 0.350011 0.735554 0.350365 0.735554 0.350365 0.734976 0.350011 0.735628 0.350024 0.514791 0.496763 0.507655 0.496616 0.514179 0.493134 0.735405 0.349372 0.734811 0.349696 0.735144 0.349154 0.509636 0.487489 0.504235 0.492924 0.506152 0.486102 0.679628 0.367979 0.6795 0.368474 0.679365 0.367985 0.734151 0.349132 0.734365 0.349781 0.733881 0.349349 0.679766 0.368736 0.679751 0.368736 0.6795 0.368999 0.79375 0.498533 0.622686 0.511006 0.603256 0.494605 0.603256 0.494605 0.604751 0.532396 0.59657 0.529241 0.59657 0.529241 0.60319 0.559954 0.578456 0.559302 0.645278 0.557672 0.786697 0.672374 0.788307 0.683928 0.788307 0.683928 0.650026 0.582659 0.645278 0.557672 0.578456 0.559302 0.554121 0.587672 0.550832 0.58163 0.550832 0.58163 0.535632 0.608338 0.517025 0.593304 0.481169 0.665015 0.517427 0.84482 0.512566 0.852965 0.512566 0.852965 0.468486 0.686943 0.481169 0.665015 0.517025 0.593304 0.480342 0.599802 0.481771 0.592577 0.481771 0.592577 0.450893 0.607302 0.44904 0.579815 0.437632 0.618931 0.349004 0.778807 0.339256 0.782447 0.339256 0.782447 0.411773 0.63148 0.437632 0.618931 0.44904 0.579815 0.416286 0.561078 0.422361 0.556226 0.422361 0.556226 0.390412 0.546891 0.405231 0.524867 0.380784 0.596579 0.21031 0.663322 0.200852 0.659854 0.200852 0.659854 0.357788 0.58757 0.380784 0.596579 0.405231 0.524867 0.391723 0.490244 0.399966 0.490414 0.399966 0.490414 0.383018 0.464255 0.406789 0.456208 0.375822 0.405684 0.204819 0.346265 0.1985 0.33547 0.1985 0.33547 0.363618 0.383674 0.375822 0.405684 0.406789 0.456208 0.419331 0.420486 0.425054 0.425581 0.425054 0.425581 0.428595 0.391948 0.452682 0.403252 0.431494 0.386954 0.338329 0.228736 0.339942 0.219525 0.339942 0.219525 0.435997 0.361591 0.431494 0.386954 0.452682 0.403252 0.485052 0.385291 0.486054 0.391713 0.486054 0.391713 0.509557 0.369298 0.521163 0.392578 0.503046 0.351044 0.495592 0.170018 0.503183 0.160351 0.503183 0.160351 0.518876 0.331296 0.503046 0.351044 0.521163 0.392578 0.557552 0.400437 0.554463 0.405493 0.554463 0.405493 0.587638 0.403616 0.581143 0.428941 0.620259 0.448499 0.756994 0.328156 0.768508 0.328537 0.768508 0.328537 0.647026 0.446918 0.620259 0.448499 0.581143 0.428941 0.605306 0.457316 0.597856 0.459862 0.597856 0.459862 0.624194 0.47932 0.603256 0.494605 0.603256 0.494605 0.786202 0.492191 0.79375 0.498533 0.689424 0.384663 0.700563 0.383038 0.700954 0.386824 0.700954 0.386824 0.703016 0.383203 0.703016 0.387266 0.500155 0.812246 0.527169 0.767203 0.522457 0.807861 0.522457 0.807861 0.632817 0.748791 0.644872 0.7866 0.689306 0.38949 0.700373 0.387894 0.700744 0.391702 0.475947 0.85951 0.497767 0.820631 0.497272 0.863856 0.484862 0.987759 0.521913 0.930201 0.514432 0.982875 0.514432 0.982875 0.660507 0.91017 0.674872 0.959588 0.71666 0.403346 0.70525 0.403706 0.705281 0.399872 0.517708 1.095833 0.484394 1.142359 0.491442 1.086758 0.491442 1.086758 0.450392 1.139524 0.463541 1.088174 0.463541 1.088174 0.3102 1.144883 0.301295 1.094071 0.645565 1.038189 0.528253 1.040929 0.529458 1.000072 0.522992 1.16542 0.484394 1.209567 0.493356 1.154145 0.493356 1.154145 0.449464 1.206429 0.46361 1.155234 0.46361 1.155234 0.309744 1.209099 0.301549 1.158296 0.120868 1.205167 0.130787 1.048074 0.183582 1.053575 0.183582 1.053575 0.140161 1.014422 0.195078 1.027216 0.195078 1.027216 0.145143 0.979681 0.195424 0.996504 0.195424 0.996504 0.149984 0.841401 0.201153 0.836057 0.678986 1.07206 0.521407 1.063976 0.526339 1.011166 0.526339 1.011166 0.486749 1.054728 0.499405 0.9998 0.499405 0.9998 0.455271 1.049955 0.471674 0.999512 0.70181 0.392979 0.690336 0.396608 0.689832 0.392927 -0.249155 1.229115 -0.095501 1.255324 -0.106809 1.307157 -0.106809 1.307157 -0.06417697 1.267779 -0.08205699 1.320897 -0.08205699 1.320897 -0.03221797 1.27683 -0.05468696 1.324873 0.66425 0.41728 0.675919 0.415059 0.67595 0.418781 0.06288099 0.539122 0.08292096 0.691224 0.03081297 0.695734 0.03081297 0.695734 0.08030295 0.727963 0.02414 0.725145 0.669054 0.373815 0.673252 0.376338 0.669455 0.375896 0.669455 0.375896 0.675037 0.386355 0.67149 0.38751 0.747279 0.364692 0.76178 0.362778 0.762228 0.367691 0.701034 0.38192 0.703104 0.378272 0.703104 0.382343 0.703104 0.382343 0.70565 0.378143 0.705249 0.381892 0.744365 0.40145 0.75468 0.395803 0.755844 0.399347 0.455163 1.103477 0.455475 1.088356 0.458485 1.089509 0.477365 1.089013 0.471904 1.100949 0.468753 1.102013 0.46906 1.087102 0.468753 1.102013 0.465768 1.101008 0.392778 1.105305 0.387358 1.117315 0.384399 1.118133 0.38471 1.103057 0.384399 1.118133 0.381401 1.117217 0.390832 1.11762 0.396285 1.105706 0.399402 1.104659 0.399094 1.119608 0.399402 1.104659 0.402579 1.106094 0.422167 1.105464 0.416792 1.117267 0.413614 1.11845 0.413925 1.103357 0.413614 1.11845 0.410587 1.117395 0.419741 1.11825 0.425482 1.106093 0.428481 1.105285 0.428002 1.120348 0.428481 1.105285 0.431518 1.106464 0.450431 1.106518 0.445006 1.118571 0.441976 1.11932 0.442282 1.104485 0.441976 1.11932 0.438962 1.118373 0.470448 0.966248 0.474516 0.956921 0.476859 0.956118 0.455589 1.121989 0.455899 1.106963 0.459001 1.108193 0.476795 1.107278 0.471428 1.119166 0.468328 1.120338 0.468643 1.105078 0.468328 1.120338 0.465314 1.119149 0.447056 1.101342 0.452392 1.089433 0.455475 1.088356 0.486054 0.391713 0.490192 0.418675 0.465844 0.426989 0.452682 0.403252 0.465844 0.426989 0.445738 0.443359 0.425054 0.425581 0.445738 0.443359 0.432334 0.465693 0.406789 0.456208 0.432334 0.465693 0.427262 0.490977 0.399966 0.490414 0.427262 0.490977 0.431143 0.516585 0.405231 0.524867 0.431143 0.516585 0.443618 0.539312 0.422361 0.556226 0.443618 0.539312 0.463032 0.556497 0.44904 0.579815 0.463032 0.556497 0.487156 0.565952 0.481771 0.592577 0.487156 0.565952 0.513032 0.566342 0.517025 0.593304 0.513032 0.566342 0.537526 0.55789 0.550832 0.58163 0.537526 0.55789 0.557628 0.541663 0.578456 0.559302 0.557628 0.541663 0.571031 0.519469 0.59657 0.529241 0.571031 0.519469 0.575962 0.494042 0.603256 0.494605 0.575962 0.494042 0.57208 0.468575 0.597856 0.459862 0.57208 0.468575 0.559605 0.445849 0.581143 0.428941 0.559605 0.445849 0.540191 0.428665 0.554463 0.405493 0.540191 0.428665 0.516067 0.419208 0.521163 0.392578 0.516067 0.419208 0.490192 0.418675 0.490192 0.418675 0.501684 0.492509 0.501684 0.492509 0.465844 0.426989 0.501684 0.492509 0.501684 0.492509 0.445738 0.443359 0.501684 0.492509 0.501684 0.492509 0.432334 0.465693 0.501684 0.492509 0.501684 0.492509 0.427262 0.490977 0.501684 0.492509 0.501684 0.492509 0.431143 0.516585 0.501684 0.492509 0.501684 0.492509 0.443618 0.539312 0.501684 0.492509 0.501684 0.492509 0.463032 0.556497 0.501684 0.492509 0.501684 0.492509 0.487156 0.565952 0.501684 0.492509 0.501684 0.492509 0.513032 0.566342 0.501684 0.492509 0.501684 0.492509 0.537526 0.55789 0.501684 0.492509 0.501684 0.492509 0.557628 0.541663 0.501684 0.492509 0.501684 0.492509 0.571031 0.519469 0.501684 0.492509 0.501684 0.492509 0.575962 0.494042 0.501684 0.492509 0.501684 0.492509 0.57208 0.468575 0.501684 0.492509 0.501684 0.492509 0.559605 0.445849 0.501684 0.492509 0.501684 0.492509 0.540191 0.428665 0.501684 0.492509 0.501684 0.492509 0.516067 0.419208 0.501684 0.492509 0.501684 0.492509 0.542136 0.418571 0.55089 0.425937 0.543396 0.438795 0.438471 0.471096 0.452242 0.476424 0.448567 0.495398 0.433749 0.495093 0.448567 0.495398 0.45146 0.514425 0.437497 0.519279 0.45146 0.514425 0.460735 0.531391 0.449227 0.540652 0.460735 0.531391 0.475324 0.544086 0.467681 0.556794 0.475324 0.544086 0.493355 0.551089 0.490465 0.565626 0.493355 0.551089 0.512698 0.551567 0.514958 0.566159 0.512698 0.551567 0.53096 0.545261 0.538138 0.55826 0.53096 0.545261 0.546012 0.53315 0.557173 0.542948 0.546012 0.53315 0.556081 0.516664 0.56985 0.521995 0.556081 0.516664 0.559754 0.49769 0.574573 0.497996 0.559754 0.49769 0.556773 0.478554 0.570825 0.47381 0.556773 0.478554 0.547499 0.461584 0.559009 0.452325 0.547499 0.461584 0.53291 0.448892 0.540641 0.436295 0.53291 0.448892 0.514966 0.441999 0.517857 0.427462 0.514966 0.441999 0.495623 0.44152 0.57428 0.400025 0.576251 0.411225 0.562288 0.416374 0.556551 0.406476 0.562288 0.416374 0.55089 0.425937 0.462312 0.459936 0.475231 0.471236 0.46843 0.482724 0.452242 0.476424 0.46843 0.482724 0.465806 0.495753 0.448567 0.495398 0.465806 0.495753 0.467817 0.508925 0.45146 0.514425 0.467817 0.508925 0.474236 0.52053 0.460735 0.531391 0.474236 0.52053 0.484285 0.529396 0.475324 0.544086 0.484285 0.529396 0.4967 0.534176 0.493355 0.551089 0.4967 0.534176 0.510013 0.534404 0.512698 0.551567 0.510013 0.534404 0.522599 0.530111 0.53096 0.545261 0.522599 0.530111 0.533003 0.521741 0.546012 0.53315 0.533003 0.521741 0.539891 0.510365 0.556081 0.516664 0.539891 0.510365 0.542517 0.497335 0.559754 0.49769 0.542517 0.497335 0.540507 0.484164 0.556773 0.478554 0.540507 0.484164 0.533996 0.472448 0.547499 0.461584 0.533996 0.472448 0.524036 0.463692 0.53291 0.448892 0.524036 0.463692 0.511621 0.458914 0.514966 0.441999 0.511621 0.458914 0.498309 0.458681 0.495623 0.44152 0.498309 0.458681 0.485632 0.462866 0.477363 0.447829 0.485632 0.462866 0.475231 0.471236 0.46843 0.482724 0.475231 0.471236 0.484192 0.478974 0.465806 0.495753 0.46843 0.482724 0.479488 0.486953 0.467817 0.508925 0.465806 0.495753 0.477605 0.495997 0.474236 0.52053 0.467817 0.508925 0.47903 0.505188 0.484285 0.529396 0.474236 0.52053 0.48342 0.513139 0.4967 0.534176 0.484285 0.529396 0.490338 0.51924 0.510013 0.534404 0.4967 0.534176 0.499066 0.522612 0.522599 0.530111 0.510013 0.534404 0.508249 0.522697 0.533003 0.521741 0.522599 0.530111 0.51696 0.5197 0.539891 0.510365 0.533003 0.521741 0.524042 0.514004 0.542517 0.497335 0.539891 0.510365 0.528834 0.506134 0.540507 0.484164 0.542517 0.497335 0.530719 0.497092 0.533996 0.472448 0.540507 0.484164 0.529292 0.487899 0.524036 0.463692 0.533996 0.472448 0.524811 0.479839 0.73533 0.346472 0.736496 0.346921 0.735928 0.347874 0.498309 0.458681 0.511621 0.458914 0.50926 0.470476 0.732891 0.346843 0.734081 0.34645 0.734247 0.347549 0.475231 0.471236 0.485632 0.462866 0.491276 0.473278 0.733707 0.349643 0.733034 0.349381 0.733345 0.348874 0.733633 0.349983 0.732923 0.349969 0.733034 0.349381 0.494143 0.499953 0.486898 0.502503 0.48597 0.496169 0.733847 0.350625 0.733286 0.351077 0.73301 0.350563 0.734116 0.350854 0.733737 0.351467 0.733286 0.351077 0.502174 0.506988 0.500662 0.514401 0.494644 0.512132 0.505811 0.506977 0.507006 0.514583 0.500662 0.514401 0.509266 0.505838 0.51299 0.512503 0.507006 0.514583 0.512144 0.50352 0.517859 0.508586 0.51299 0.512503 0.735554 0.350365 0.736227 0.350627 0.735916 0.351134 0.735628 0.350024 0.736337 0.350039 0.736227 0.350627 0.73557 0.349684 0.73625 0.349445 0.736337 0.350039 0.512415 0.489809 0.518282 0.485092 0.521424 0.490585 0.509636 0.487489 0.513677 0.480957 0.518282 0.485092 0.734817 0.349024 0.734958 0.348328 0.735523 0.348541 0.502512 0.486111 0.501315 0.478505 0.507659 0.478687 0.499055 0.487251 0.495333 0.480587 0.501315 0.478505 0.733881 0.349349 0.733345 0.348874 0.733802 0.348506 0.733034 0.349381 0.732315 0.349104 0.732756 0.348355 0.48597 0.496169 0.477605 0.495997 0.479488 0.486953 0.486898 0.502503 0.47903 0.505188 0.477605 0.495997 0.48984 0.507974 0.48342 0.513139 0.47903 0.505188 0.494644 0.512132 0.490338 0.51924 0.48342 0.513139 0.500662 0.514401 0.499066 0.522612 0.490338 0.51924 0.507006 0.514583 0.508249 0.522697 0.499066 0.522612 0.51299 0.512503 0.51696 0.5197 0.508249 0.522697 0.517859 0.508586 0.524042 0.514004 0.51696 0.5197 0.521171 0.503184 0.528834 0.506134 0.524042 0.514004 0.522353 0.496919 0.530719 0.497092 0.528834 0.506134 0.521424 0.490585 0.529292 0.487899 0.530719 0.497092 0.518282 0.485092 0.524811 0.479839 0.529292 0.487899 0.513677 0.480957 0.517986 0.473846 0.524811 0.479839 0.507659 0.478687 0.50926 0.470476 0.517986 0.473846 0.734363 0.348311 0.734247 0.347549 0.735109 0.347557 0.495333 0.480587 0.491276 0.473278 0.500073 0.470392 0.490464 0.484502 0.484192 0.478974 0.491276 0.473278 0.678912 0.368244 0.679292 0.368569 0.679249 0.368736 0.678907 0.369227 0.679292 0.368904 0.679359 0.368968 0.735554 0.350365 0.734956 0.350011 0.734976 0.350011 0.680268 0.368736 0.679766 0.368736 0.679752 0.368736 0.734817 0.349024 0.734637 0.349664 0.734637 0.349663 0.6795 0.368999 0.6795 0.368998 0.679766 0.368736 0.79375 0.498533 0.78464 0.505809 0.622686 0.511006 0.603256 0.494605 0.622686 0.511006 0.604751 0.532396 0.59657 0.529241 0.604751 0.532396 0.60319 0.559954 0.645278 0.557672 0.670012 0.558324 0.786697 0.672374 0.721485 0.685558 0.712669 0.685517 0.583203 0.584289 0.578456 0.559302 0.583203 0.584289 0.554121 0.587672 0.550832 0.58163 0.554121 0.587672 0.535632 0.608338 0.481169 0.665015 0.499776 0.68005 0.517427 0.84482 0.548421 0.781254 0.541159 0.774707 0.504341 0.615231 0.517025 0.593304 0.504341 0.615231 0.480342 0.599802 0.481771 0.592577 0.480342 0.599802 0.450893 0.607302 0.437632 0.618931 0.439484 0.646417 0.349004 0.778807 0.350665 0.743331 0.349319 0.732779 0.423181 0.592364 0.44904 0.579815 0.423181 0.592364 0.416286 0.561078 0.422361 0.556226 0.416286 0.561078 0.390412 0.546891 0.380784 0.596579 0.365965 0.618603 0.21031 0.663322 0.225299 0.588142 0.230882 0.579584 0.382235 0.515858 0.405231 0.524867 0.382235 0.515858 0.391723 0.490244 0.399966 0.490414 0.391723 0.490244 0.383018 0.464255 0.375822 0.405684 0.352052 0.41373 0.204819 0.346265 0.229466 0.385994 0.242352 0.381852 0.394584 0.434198 0.406789 0.456208 0.394584 0.434198 0.419331 0.420486 0.425054 0.425581 0.419331 0.420486 0.428595 0.391948 0.431494 0.386954 0.407407 0.37565 0.338329 0.228736 0.36113 0.235823 0.371987 0.2403129 0.457185 0.377889 0.452682 0.403252 0.457185 0.377889 0.485052 0.385291 0.486054 0.391713 0.485052 0.385291 0.509557 0.369298 0.503046 0.351044 0.486926 0.330629 0.495592 0.170018 0.560282 0.20594 0.565902 0.216295 0.540696 0.376483 0.521163 0.392578 0.540696 0.376483 0.557552 0.400437 0.554463 0.405493 0.557552 0.400437 0.587638 0.403616 0.620259 0.448499 0.626753 0.423173 0.756994 0.328156 0.768508 0.328537 0.765431 0.339708 0.647026 0.446918 0.581143 0.428941 0.607911 0.42736 0.605306 0.457316 0.597856 0.459862 0.605306 0.457316 0.624194 0.47932 0.603256 0.494605 0.624194 0.47932 0.786202 0.492191 0.689424 0.384663 0.690607 0.381136 0.700563 0.383038 0.700954 0.386824 0.700563 0.383038 0.703016 0.383203 0.500155 0.812246 0.500155 0.768958 0.527169 0.767203 0.522457 0.807861 0.527169 0.767203 0.632817 0.748791 0.689306 0.38949 0.690501 0.385967 0.700373 0.387894 0.475947 0.85951 0.471992 0.81894 0.497767 0.820631 0.484862 0.987759 0.486662 0.931669 0.521913 0.930201 0.514432 0.982875 0.521913 0.930201 0.660507 0.91017 0.71666 0.403346 0.715087 0.406728 0.70525 0.403706 0.517708 1.095833 0.516191 1.148846 0.484394 1.142359 0.491442 1.086758 0.484394 1.142359 0.450392 1.139524 0.463541 1.088174 0.450392 1.139524 0.3102 1.144883 0.672672 1.218 0.648969 1.263738 0.520335 1.218417 0.522992 1.16542 0.520335 1.218417 0.484394 1.209567 0.493356 1.154145 0.484394 1.209567 0.449464 1.206429 0.46361 1.155234 0.449464 1.206429 0.309744 1.209099 0.120868 1.205167 0.07661199 1.178938 0.130787 1.048074 0.183582 1.053575 0.130787 1.048074 0.140161 1.014422 0.195078 1.027216 0.140161 1.014422 0.145143 0.979681 0.195424 0.996504 0.145143 0.979681 0.149984 0.841401 0.678986 1.07206 0.653319 1.116623 0.521407 1.063976 0.526339 1.011166 0.521407 1.063976 0.486749 1.054728 0.499405 0.9998 0.486749 1.054728 0.455271 1.049955 0.70181 0.392979 0.7007 0.396649 0.690336 0.396608 -0.249155 1.229115 -0.2184309 1.187787 -0.095501 1.255324 -0.106809 1.307157 -0.095501 1.255324 -0.06417697 1.267779 -0.08205699 1.320897 -0.06417697 1.267779 -0.03221797 1.27683 0.66425 0.41728 0.665802 0.413774 0.675919 0.415059 0.06288099 0.539122 0.111483 0.556392 0.08292096 0.691224 0.03081297 0.695734 0.08292096 0.691224 0.08030295 0.727963 0.669054 0.373815 0.673117 0.373935 0.673252 0.376338 0.669455 0.375896 0.673252 0.376338 0.675037 0.386355 0.747279 0.364692 0.748871 0.360121 0.76178 0.362778 0.701034 0.38192 0.700611 0.378143 0.703104 0.378272 0.703104 0.382343 0.703104 0.378272 0.70565 0.378143 0.705249 0.381892 0.70565 0.378143 0.715564 0.376245 0.678783 0.368473 0.679233 0.368736 0.678731 0.368736 0.679883 0.369401 0.679708 0.368904 0.680087 0.369229 0.680219 0.368475 0.679701 0.368561 0.680086 0.368237 0.679365 0.367985 0.679371 0.368503 0.679117 0.368072 0.67924 0.368736 0.679233 0.368736 0.6795 0.368475 0.679634 0.368497 0.679701 0.368561 0.679292 0.368904 0.678783 0.368473 0.679249 0.368736 0.679233 0.368736 0.678731 0.368736 0.679233 0.368736 0.67924 0.368736 0.679883 0.369401 0.679629 0.36897 0.679708 0.368904 0.680087 0.369229 0.679708 0.368904 0.679751 0.368736 0.680219 0.368475 0.679752 0.368736 0.679701 0.368561 0.680086 0.368237 0.679701 0.368561 0.679634 0.368497 0.679365 0.367985 0.6795 0.368474 0.679371 0.368503 0.679117 0.368072 0.679371 0.368503 0.679292 0.368569</float_array>
          <technique_common>
            <accessor source="#Coche_001-mesh-map-0-array" count="1389" stride="2">
              <param name="S" type="float"/>
              <param name="T" type="float"/>
            </accessor>
          </technique_common>
        </source>
        <vertices id="Coche_001-mesh-vertices">
          <input semantic="POSITION" source="#Coche_001-mesh-positions"/>
        </vertices>
        <triangles material="Material_001-material" count="463">
          <input semantic="VERTEX" source="#Coche_001-mesh-vertices" offset="0"/>
          <input semantic="NORMAL" source="#Coche_001-mesh-normals" offset="1"/>
          <input semantic="TEXCOORD" source="#Coche_001-mesh-map-0" offset="2" set="0"/>
          <p>9 0 0 11 1 1 10 2 2 13 3 3 15 4 4 14 5 5 14 5 6 18 6 7 17 7 8 19 8 9 21 9 10 20 10 11 20 10 12 24 11 13 23 12 14 25 13 15 27 14 16 26 15 17 26 15 18 30 16 19 29 17 20 31 18 21 33 19 22 32 20 23 32 20 24 36 21 25 35 22 26 37 23 27 39 24 28 38 25 29 38 25 30 42 26 31 41 27 32 43 28 33 45 29 34 44 30 35 44 30 36 48 31 37 47 32 38 49 33 39 51 34 40 50 35 41 50 35 42 54 36 43 53 37 44 55 38 45 57 39 46 56 40 47 56 40 48 60 41 49 59 42 50 61 43 51 12 44 52 9 0 53 63 45 54 65 46 55 64 47 56 64 47 57 68 48 58 67 49 59 67 49 60 70 50 61 69 51 62 69 51 63 72 52 64 71 53 65 71 53 66 74 54 67 73 55 68 73 55 69 76 56 70 75 57 71 75 57 72 78 58 73 77 59 74 77 59 75 80 60 76 79 61 77 79 61 78 82 62 79 81 63 80 81 63 81 84 64 82 83 65 83 83 65 84 86 66 85 85 67 86 85 67 87 88 68 88 87 69 89 87 69 90 90 70 91 89 71 92 89 71 93 92 72 94 91 73 95 91 73 96 94 74 97 93 75 98 93 75 99 96 76 100 95 77 101 95 77 102 98 78 103 97 79 104 97 79 105 66 80 106 63 45 107 66 80 108 99 81 109 65 46 110 65 46 111 101 82 112 68 48 113 68 48 114 102 83 115 70 50 116 70 50 117 103 84 118 72 52 119 72 52 120 104 85 121 74 54 122 74 54 123 105 86 124 76 56 125 76 56 126 106 87 127 78 58 128 78 58 129 107 88 130 80 60 131 80 60 132 108 89 133 82 62 134 82 62 135 109 90 136 84 64 137 84 64 138 110 91 139 86 66 140 86 66 141 111 92 142 88 68 143 88 68 144 112 93 145 90 70 146 90 70 147 113 94 148 92 72 149 92 72 150 114 95 151 94 74 152 94 74 153 115 96 154 96 76 155 96 76 156 116 97 157 98 78 158 98 78 159 100 98 160 66 80 161 100 99 162 117 100 163 99 101 164 99 101 165 119 102 166 101 103 167 101 103 168 120 104 169 102 105 170 102 105 171 121 106 172 103 107 173 103 107 174 122 108 175 104 109 176 104 109 177 123 110 178 105 111 179 105 111 180 124 112 181 106 113 182 106 113 183 125 114 184 107 115 185 107 115 186 126 116 187 108 117 188 108 117 189 127 118 190 109 119 191 109 119 192 128 120 193 110 121 194 110 121 195 129 122 196 111 123 197 111 123 198 130 124 199 112 125 200 112 125 201 131 126 202 113 127 203 113 127 204 132 128 205 114 129 206 114 129 207 133 130 208 115 131 209 115 131 210 134 132 211 116 133 212 116 133 213 118 134 214 100 99 215 118 134 216 135 135 217 117 100 218 117 100 219 137 136 220 119 102 221 119 102 222 138 137 223 120 104 224 120 104 225 139 138 226 121 106 227 121 106 228 140 139 229 122 108 230 122 108 231 141 140 232 123 110 233 123 110 234 142 141 235 124 112 236 124 112 237 143 142 238 125 114 239 125 114 240 144 143 241 126 116 242 126 116 243 145 144 244 127 118 245 127 118 246 146 145 247 128 120 248 128 120 249 147 146 250 129 122 251 129 122 252 148 147 253 130 124 254 130 124 255 149 148 256 131 126 257 131 126 258 150 149 259 132 128 260 132 128 261 151 150 262 133 130 263 133 130 264 152 151 265 134 132 266 134 132 267 136 152 268 118 134 269 154 153 270 153 154 271 135 135 272 153 154 273 155 155 274 137 136 275 155 155 276 156 156 277 138 137 278 156 156 279 157 157 280 139 138 281 157 157 282 158 158 283 140 139 284 158 158 285 159 159 286 141 140 287 159 159 288 160 160 289 142 141 290 160 160 291 161 161 292 143 142 293 161 161 294 162 162 295 144 143 296 162 162 297 163 163 298 145 144 299 163 163 300 164 164 301 146 145 302 164 164 303 165 165 304 147 146 305 165 165 306 166 166 307 148 147 308 166 166 309 167 167 310 149 148 311 167 167 312 168 168 313 150 149 314 168 168 315 169 169 316 151 150 317 169 169 318 170 170 319 152 151 320 170 170 321 154 153 322 136 152 323 174 171 324 173 172 325 172 173 326 171 174 327 172 173 328 176 175 329 177 176 330 178 177 331 180 178 332 179 179 333 180 178 334 182 180 335 181 181 336 182 180 337 184 182 338 183 183 339 184 182 340 186 184 341 185 185 342 186 184 343 188 186 344 187 187 345 188 186 346 190 188 347 189 189 348 190 188 349 192 190 350 191 191 351 192 190 352 194 192 353 193 193 354 194 192 355 196 194 356 195 195 357 196 194 358 198 196 359 197 197 360 198 196 361 200 198 362 199 199 363 200 198 364 202 200 365 201 201 366 202 200 367 204 202 368 203 203 369 204 202 370 206 204 371 205 205 372 206 204 373 173 172 374 154 153 375 174 171 376 171 174 377 153 154 378 171 174 379 175 206 380 155 155 381 175 206 382 177 176 383 156 156 384 177 176 385 179 179 386 157 157 387 179 179 388 181 181 389 158 158 390 181 181 391 183 183 392 159 159 393 183 183 394 185 185 395 160 160 396 185 185 397 187 187 398 161 161 399 187 187 400 189 189 401 162 162 402 189 189 403 191 191 404 163 163 405 191 191 406 193 193 407 164 164 408 193 193 409 195 195 410 165 165 411 195 195 412 197 197 413 166 166 414 197 197 415 199 199 416 167 167 417 199 199 418 201 201 419 168 168 420 201 201 421 203 203 422 169 169 423 203 203 424 205 205 425 170 170 426 205 205 427 174 171 428 178 177 429 209 207 430 180 178 431 180 178 432 210 208 433 182 180 434 182 180 435 211 209 436 184 182 437 186 184 438 213 210 439 188 186 440 190 188 441 214 211 442 192 190 443 192 190 444 215 212 445 194 192 446 194 192 447 216 213 448 196 194 449 198 196 450 217 214 451 200 198 452 200 198 453 218 215 454 202 200 455 202 200 456 219 216 457 204 202 458 206 204 459 208 217 460 173 172 461 215 212 462 214 211 463 212 218 464 6 219 465 222 220 466 89 71 467 89 71 468 223 221 469 87 69 470 87 69 471 224 222 472 85 67 473 85 67 474 220 223 475 5 224 476 5 224 477 227 225 478 85 67 479 85 67 480 228 226 481 83 65 482 83 65 483 229 227 484 81 63 485 81 63 486 225 228 487 4 229 488 4 229 489 232 230 490 81 63 491 81 63 492 233 231 493 79 61 494 79 61 495 234 232 496 77 59 497 77 59 498 230 233 499 3 234 500 3 234 501 237 235 502 77 59 503 77 59 504 238 236 505 75 57 506 75 57 507 239 237 508 73 55 509 73 55 510 235 238 511 2 239 512 2 239 513 242 240 514 73 55 515 73 55 516 243 241 517 71 53 518 71 53 519 244 242 520 69 51 521 69 51 522 240 243 523 1 244 524 1 244 525 247 245 526 69 51 527 69 51 528 248 246 529 67 49 530 67 49 531 249 247 532 64 47 533 64 47 534 245 248 535 0 249 536 0 249 537 251 250 538 64 47 539 64 47 540 252 251 541 63 45 542 63 45 543 253 252 544 97 79 545 97 79 546 254 253 547 8 254 548 8 254 549 257 255 550 97 79 551 97 79 552 258 256 553 95 77 554 95 77 555 259 257 556 93 75 557 93 75 558 255 258 559 7 259 560 7 259 561 262 260 562 93 75 563 93 75 564 263 261 565 91 73 566 91 73 567 264 262 568 89 71 569 89 71 570 260 263 571 6 219 572 250 264 573 11 265 574 251 266 575 251 267 576 12 268 577 252 269 578 252 269 579 62 270 580 253 271 581 253 272 582 61 273 583 254 274 584 246 275 585 18 276 586 247 277 587 247 278 588 15 279 589 248 280 590 248 280 591 16 281 592 249 282 593 249 283 594 13 284 595 245 285 596 241 286 597 24 287 598 242 288 599 242 289 600 21 290 601 243 291 602 243 291 603 22 292 604 244 293 605 244 294 606 19 295 607 240 296 608 236 297 609 30 298 610 237 299 611 237 299 612 27 300 613 238 301 614 238 301 615 28 302 616 239 303 617 239 304 618 25 305 619 235 306 620 231 307 621 36 308 622 232 309 623 232 310 624 33 311 625 233 312 626 233 312 627 34 313 628 234 314 629 234 315 630 31 316 631 230 317 632 226 318 633 42 319 634 227 320 635 227 321 636 39 322 637 228 323 638 228 323 639 40 324 640 229 325 641 229 326 642 37 327 643 225 328 644 221 329 645 48 330 646 222 331 647 222 332 648 45 333 649 223 334 650 223 334 651 46 335 652 224 336 653 224 337 654 43 338 655 220 339 656 261 340 657 54 341 658 262 342 659 262 343 660 51 344 661 263 345 662 263 345 663 52 346 664 264 347 665 264 348 666 49 349 667 260 350 668 256 351 669 60 352 670 257 353 671 257 354 672 57 355 673 258 356 674 258 356 675 58 357 676 259 358 677 259 359 678 55 360 679 255 361 680 9 0 681 12 44 682 11 1 683 13 3 684 16 362 685 15 4 686 14 5 687 15 4 688 18 6 689 19 8 690 22 363 691 21 9 692 20 10 693 21 9 694 24 11 695 25 13 696 28 364 697 27 14 698 26 15 699 27 14 700 30 16 701 31 18 702 34 365 703 33 19 704 32 20 705 33 19 706 36 21 707 37 23 708 40 366 709 39 24 710 38 25 711 39 24 712 42 26 713 43 28 714 46 367 715 45 29 716 44 30 717 45 29 718 48 31 719 49 33 720 52 368 721 51 34 722 50 35 723 51 34 724 54 36 725 55 38 726 58 369 727 57 39 728 56 40 729 57 39 730 60 41 731 61 43 732 62 370 733 12 44 734 63 45 735 66 80 736 65 46 737 64 47 738 65 46 739 68 48 740 67 49 741 68 48 742 70 50 743 69 51 744 70 50 745 72 52 746 71 53 747 72 52 748 74 54 749 73 55 750 74 54 751 76 56 752 75 57 753 76 56 754 78 58 755 77 59 756 78 58 757 80 60 758 79 61 759 80 60 760 82 62 761 81 63 762 82 62 763 84 64 764 83 65 765 84 64 766 86 66 767 85 67 768 86 66 769 88 68 770 87 69 771 88 68 772 90 70 773 89 71 774 90 70 775 92 72 776 91 73 777 92 72 778 94 74 779 93 75 780 94 74 781 96 76 782 95 77 783 96 76 784 98 78 785 97 79 786 98 78 787 66 80 788 66 80 789 100 98 790 99 81 791 65 46 792 99 81 793 101 82 794 68 48 795 101 82 796 102 83 797 70 50 798 102 83 799 103 84 800 72 52 801 103 84 802 104 85 803 74 54 804 104 85 805 105 86 806 76 56 807 105 86 808 106 87 809 78 58 810 106 87 811 107 88 812 80 60 813 107 88 814 108 89 815 82 62 816 108 89 817 109 90 818 84 64 819 109 90 820 110 91 821 86 66 822 110 91 823 111 92 824 88 68 825 111 92 826 112 93 827 90 70 828 112 93 829 113 94 830 92 72 831 113 94 832 114 95 833 94 74 834 114 95 835 115 96 836 96 76 837 115 96 838 116 97 839 98 78 840 116 97 841 100 98 842 100 99 843 118 134 844 117 100 845 99 101 846 117 100 847 119 102 848 101 103 849 119 102 850 120 104 851 102 105 852 120 104 853 121 106 854 103 107 855 121 106 856 122 108 857 104 109 858 122 108 859 123 110 860 105 111 861 123 110 862 124 112 863 106 113 864 124 112 865 125 114 866 107 115 867 125 114 868 126 116 869 108 117 870 126 116 871 127 118 872 109 119 873 127 118 874 128 120 875 110 121 876 128 120 877 129 122 878 111 123 879 129 122 880 130 124 881 112 125 882 130 124 883 131 126 884 113 127 885 131 126 886 132 128 887 114 129 888 132 128 889 133 130 890 115 131 891 133 130 892 134 132 893 116 133 894 134 132 895 118 134 896 118 134 897 136 152 898 135 135 899 117 100 900 135 135 901 137 136 902 119 102 903 137 136 904 138 137 905 120 104 906 138 137 907 139 138 908 121 106 909 139 138 910 140 139 911 122 108 912 140 139 913 141 140 914 123 110 915 141 140 916 142 141 917 124 112 918 142 141 919 143 142 920 125 114 921 143 142 922 144 143 923 126 116 924 144 143 925 145 144 926 127 118 927 145 144 928 146 145 929 128 120 930 146 145 931 147 146 932 129 122 933 147 146 934 148 147 935 130 124 936 148 147 937 149 148 938 131 126 939 149 148 940 150 149 941 132 128 942 150 149 943 151 150 944 133 130 945 151 150 946 152 151 947 134 132 948 152 151 949 136 152 950 135 135 951 136 152 952 154 153 953 137 136 954 135 135 955 153 154 956 138 137 957 137 136 958 155 155 959 139 138 960 138 137 961 156 156 962 140 139 963 139 138 964 157 157 965 141 140 966 140 139 967 158 158 968 142 141 969 141 140 970 159 159 971 143 142 972 142 141 973 160 160 974 144 143 975 143 142 976 161 161 977 145 144 978 144 143 979 162 162 980 146 145 981 145 144 982 163 163 983 147 146 984 146 145 985 164 164 986 148 147 987 147 146 988 165 165 989 149 148 990 148 147 991 166 166 992 150 149 993 149 148 994 167 167 995 151 150 996 150 149 997 168 168 998 152 151 999 151 150 1000 169 169 1001 136 152 1002 152 151 1003 170 170 1004 172 173 1005 171 174 1006 174 171 1007 176 175 1008 175 206 1009 171 174 1010 178 177 1011 177 176 1012 175 206 1013 180 178 1014 179 179 1015 177 176 1016 182 180 1017 181 181 1018 179 179 1019 184 182 1020 183 183 1021 181 181 1022 186 184 1023 185 185 1024 183 183 1025 188 186 1026 187 187 1027 185 185 1028 190 188 1029 189 189 1030 187 187 1031 192 190 1032 191 191 1033 189 189 1034 194 192 1035 193 193 1036 191 191 1037 196 194 1038 195 195 1039 193 193 1040 198 196 1041 197 197 1042 195 195 1043 200 198 1044 199 199 1045 197 197 1046 202 200 1047 201 201 1048 199 199 1049 204 202 1050 203 203 1051 201 201 1052 206 204 1053 205 205 1054 203 203 1055 173 172 1056 174 171 1057 205 205 1058 171 174 1059 153 154 1060 154 153 1061 175 206 1062 155 155 1063 153 154 1064 177 176 1065 156 156 1066 155 155 1067 179 179 1068 157 157 1069 156 156 1070 181 181 1071 158 158 1072 157 157 1073 183 183 1074 159 159 1075 158 158 1076 185 185 1077 160 160 1078 159 159 1079 187 187 1080 161 161 1081 160 160 1082 189 189 1083 162 162 1084 161 161 1085 191 191 1086 163 163 1087 162 162 1088 193 193 1089 164 164 1090 163 163 1091 195 195 1092 165 165 1093 164 164 1094 197 197 1095 166 166 1096 165 165 1097 199 199 1098 167 167 1099 166 166 1100 201 201 1101 168 168 1102 167 167 1103 203 203 1104 169 169 1105 168 168 1106 205 205 1107 170 170 1108 169 169 1109 174 171 1110 154 153 1111 170 170 1112 173 172 1113 208 217 1114 207 371 1115 180 178 1116 209 207 1117 210 208 1118 192 190 1119 214 211 1120 215 212 1121 194 192 1122 215 212 1123 216 213 1124 202 200 1125 218 215 1126 219 216 1127 212 218 1128 211 372 1129 215 212 1130 6 219 1131 221 373 1132 222 220 1133 89 71 1134 222 220 1135 223 221 1136 87 69 1137 223 221 1138 224 222 1139 85 67 1140 224 222 1141 220 223 1142 5 224 1143 226 374 1144 227 225 1145 85 67 1146 227 225 1147 228 226 1148 83 65 1149 228 226 1150 229 227 1151 81 63 1152 229 227 1153 225 228 1154 4 229 1155 231 375 1156 232 230 1157 81 63 1158 232 230 1159 233 231 1160 79 61 1161 233 231 1162 234 232 1163 77 59 1164 234 232 1165 230 233 1166 3 234 1167 236 376 1168 237 235 1169 77 59 1170 237 235 1171 238 236 1172 75 57 1173 238 236 1174 239 237 1175 73 55 1176 239 237 1177 235 238 1178 2 239 1179 241 377 1180 242 240 1181 73 55 1182 242 240 1183 243 241 1184 71 53 1185 243 241 1186 244 242 1187 69 51 1188 244 242 1189 240 243 1190 1 244 1191 246 378 1192 247 245 1193 69 51 1194 247 245 1195 248 246 1196 67 49 1197 248 246 1198 249 247 1199 64 47 1200 249 247 1201 245 248 1202 0 249 1203 250 379 1204 251 250 1205 64 47 1206 251 250 1207 252 251 1208 63 45 1209 252 251 1210 253 252 1211 97 79 1212 253 252 1213 254 253 1214 8 254 1215 256 380 1216 257 255 1217 97 79 1218 257 255 1219 258 256 1220 95 77 1221 258 256 1222 259 257 1223 93 75 1224 259 257 1225 255 258 1226 7 259 1227 261 381 1228 262 260 1229 93 75 1230 262 260 1231 263 261 1232 91 73 1233 263 261 1234 264 262 1235 89 71 1236 264 262 1237 260 263 1238 250 264 1239 10 382 1240 11 265 1241 251 267 1242 11 383 1243 12 268 1244 252 269 1245 12 268 1246 62 270 1247 253 272 1248 62 384 1249 61 273 1250 246 275 1251 17 385 1252 18 276 1253 247 278 1254 18 386 1255 15 279 1256 248 280 1257 15 279 1258 16 281 1259 249 283 1260 16 387 1261 13 284 1262 241 286 1263 23 388 1264 24 287 1265 242 289 1266 24 389 1267 21 290 1268 243 291 1269 21 290 1270 22 292 1271 244 294 1272 22 390 1273 19 295 1274 236 297 1275 29 391 1276 30 298 1277 237 299 1278 30 298 1279 27 300 1280 238 301 1281 27 300 1282 28 302 1283 239 304 1284 28 392 1285 25 305 1286 231 307 1287 35 393 1288 36 308 1289 232 310 1290 36 394 1291 33 311 1292 233 312 1293 33 311 1294 34 313 1295 234 315 1296 34 395 1297 31 316 1298 226 318 1299 41 396 1300 42 319 1301 227 321 1302 42 397 1303 39 322 1304 228 323 1305 39 322 1306 40 324 1307 229 326 1308 40 398 1309 37 327 1310 221 329 1311 47 399 1312 48 330 1313 222 332 1314 48 400 1315 45 333 1316 223 334 1317 45 333 1318 46 335 1319 224 337 1320 46 401 1321 43 338 1322 261 340 1323 53 402 1324 54 341 1325 262 343 1326 54 403 1327 51 344 1328 263 345 1329 51 344 1330 52 346 1331 264 348 1332 52 404 1333 49 349 1334 256 351 1335 59 405 1336 60 352 1337 257 354 1338 60 406 1339 57 355 1340 258 356 1341 57 355 1342 58 357 1343 259 359 1344 58 407 1345 55 360 1346 265 408 1347 275 409 1348 266 410 1349 267 411 1350 279 412 1351 268 413 1352 269 414 1353 282 415 1354 270 416 1355 271 417 1356 286 418 1357 272 419 1358 276 420 1359 275 409 1360 284 372 1361 283 421 1362 282 415 1363 277 372 1364 265 408 1365 273 422 1366 275 409 1367 266 410 1368 275 409 1369 276 420 1370 267 411 1371 278 423 1372 279 412 1373 268 413 1374 279 412 1375 280 424 1376 269 414 1377 281 425 1378 282 415 1379 270 416 1380 282 415 1381 283 421 1382 271 417 1383 285 426 1384 286 418 1385 272 419 1386 286 418 1387 274 427 1388</p>
        </triangles>
      </mesh>
    </geometry>
    <geometry id="Coche-mesh" name="Coche">
      <mesh>
        <source id="Coche-mesh-positions">
          <float_array id="Coche-mesh-positions-array" count="1362">0.065746 -0.05616694 0.08646798 0.065746 -0.031008 0.07731097 0.065746 -0.07667696 0.103678 0.065746 -0.09006297 0.126864 0.065746 -0.09471297 0.153231 0.065746 -0.09006297 0.179598 0.065746 -0.07667696 0.202785 0.065746 -0.05616694 0.219994 0.065746 -0.031008 0.229151 0.065746 -0.004233956 0.229151 0.065746 0.02092498 0.219994 0.065746 0.04143399 0.202785 0.065746 0.05946999 0.153231 0.065746 0.05482095 0.126864 0.065746 0.04143399 0.103678 0.065746 0.02092498 0.08646798 0.065746 -0.004233956 0.07731097 0.06185996 -0.05616694 0.08646798 0.06185996 -0.031008 0.07731097 0.06185996 -0.07667696 0.103678 0.06185996 -0.09006297 0.126864 0.06185996 -0.09006297 0.179598 0.06185996 -0.07667696 0.202785 0.06185996 -0.05616694 0.219994 0.06185996 -0.031008 0.229151 0.06185996 -0.004233956 0.229151 0.06185996 0.02092498 0.219994 0.06185996 0.04143399 0.202785 0.06185996 0.05482095 0.179598 0.06185996 0.05946999 0.153231 0.06185996 0.05482095 0.126864 0.06185996 0.04143399 0.103678 0.06185996 0.02092498 0.08646798 0.06185996 -0.004233956 0.07731097 0.04727798 -0.03083497 0.07829397 0.04715394 -0.05255597 0.08770996 0.04718697 -0.05679899 0.089666 0.04725199 -0.07567095 0.104517 0.04712694 -0.08604496 0.125327 0.04714399 -0.08811897 0.130373 0.04730099 -0.093961 0.153233 0.04717695 -0.08841097 0.176605 0.04717695 -0.08687096 0.180823 0.04726099 -0.075764 0.202018 0.04716897 -0.05685096 0.216491 0.04717397 -0.05288696 0.218868 0.04729199 -0.03086096 0.228321 0.04718196 -0.00682199 0.227055 0.04718196 -0.002528965 0.226301 0.04726999 0.02038097 0.219052 0.04719597 0.03835499 0.202838 0.04715698 0.04084497 0.199061 0.04725599 0.05364894 0.179172 0.04715597 0.05660998 0.1557199 0.04717999 0.05693799 0.151028 0.04728096 0.053918 0.127196 0.04714 0.04060196 0.1073549 0.047158 0.03768795 0.103608 0.04730194 0.02055799 0.087103 0.04715299 -0.002258956 0.08059698 0.04714697 -0.007295966 0.07978898 0.068587 -0.01869899 0.151364 0.068587 -0.01799499 0.151107 0.067492 -0.020455 0.150853 0.068587 -0.01927298 0.151845 0.068587 -0.019647 0.152494 0.068587 -0.019647 0.153969 0.068587 -0.01927298 0.154617 0.068587 -0.01869899 0.155099 0.068587 -0.01559495 0.152494 0.06972199 -0.01799798 0.1525779 0.06972199 -0.01832997 0.1529729 0.06972199 -0.01837497 0.153231 0.06972199 -0.01832997 0.1534889 0.06972199 -0.01819896 0.153716 0.06972199 -0.01799798 0.1538839 0.06972199 -0.01775199 0.1539739 0.06972199 -0.01724398 0.1538839 0.06972199 -0.01704299 0.153716 0.06972199 -0.01691198 0.1534889 0.06972199 -0.01691198 0.1529729 0.06972199 -0.01704299 0.152746 0.06972199 -0.01724398 0.1525779 0.06170797 0.05326098 0.17903 0.06078195 0.04094898 0.199953 0.06077998 0.05725795 0.1551049 0.06172496 0.02018398 0.218712 0.06081098 -0.003037989 0.227101 0.060826 0.03931695 0.202795 0.06174796 -0.03079396 0.2279379 0.06080096 -0.05376994 0.219135 0.06080996 -0.006071984 0.2276239 0.06171298 -0.075437 0.201745 0.06080394 -0.08772796 0.18046 0.06079494 -0.05664098 0.217378 0.06175798 -0.09359198 0.153231 0.06076699 -0.088508 0.1295869 0.06080394 -0.08882695 0.177432 0.06170499 -0.07535296 0.104789 0.06081396 -0.05658197 0.08875596 0.06074899 -0.08682996 0.125671 0.06077897 -0.05340999 0.087457 0.06173396 -0.03076797 0.07866996 0.06077098 -0.006587982 0.07926797 0.06175994 0.02037799 0.08741497 0.06078296 0.03858095 0.103664 0.06077796 -0.002749979 0.07985395 0.06173598 0.05354398 0.127329 0.060808 0.05762195 0.151665 0.06076496 0.04069596 0.106452 -0.07141298 -0.044761 -6.84e-4 -0.07141298 -0.095766 0.01788097 -0.04177296 -0.101797 0.007434964 -0.04177296 -0.04685497 -0.01256299 -0.07141298 -0.137347 0.05277097 -0.04177296 -0.146587 0.045017 -0.07141196 -0.164486 0.09977799 -0.04177296 -0.175821 0.09565299 -0.07141196 -0.173912 0.153233 -0.04177296 -0.185974 0.153233 -0.07141196 -0.164486 0.206687 -0.04177296 -0.175821 0.210813 -0.07141298 -0.137347 0.253695 -0.04177296 -0.146587 0.261448 -0.07141298 -0.095766 0.288585 -0.04177296 -0.101797 0.299031 -0.07141298 -0.04475998 0.307149 -0.04177296 -0.04685497 0.319028 -0.07141298 0.00951898 0.307149 -0.04177296 0.01161295 0.319028 -0.07141298 0.060525 0.288585 -0.04177296 0.06655597 0.299031 -0.07141298 0.102105 0.253695 -0.04177296 0.111345 0.261448 -0.07141298 0.129245 0.206687 -0.04177296 0.140579 0.210813 -0.07141298 0.13867 0.153233 -0.04177296 0.150732 0.153233 -0.07141298 0.129245 0.09977799 -0.04177296 0.140579 0.09565299 -0.07141298 0.102105 0.05277097 -0.04177296 0.111345 0.04501795 -0.07141298 0.060525 0.01788097 -0.04177296 0.06655597 0.007434964 -0.07141298 0.00951898 -6.84e-4 -0.04177296 0.01161396 -0.01256299 -0.012133 -0.10361 0.004294991 -0.012133 -0.04748398 -0.01613295 -0.012133 -0.1493639 0.04268699 -0.012133 -0.179228 0.09441298 -0.012133 -0.189599 0.153233 -0.012133 -0.1792269 0.212053 -0.012133 -0.1493639 0.263778 -0.012133 -0.10361 0.30217 -0.012133 -0.04748398 0.322598 -0.012133 0.01224297 0.322598 -0.012133 0.06836897 0.30217 -0.01213395 0.114123 0.263778 -0.01213395 0.143986 0.212053 -0.01213395 0.154358 0.153233 -0.01213395 0.143986 0.09441298 -0.01213395 0.114123 0.04268699 -0.012133 0.06836897 0.004294991 -0.012133 0.01224297 -0.01613295 0.01750695 -0.10361 0.004294991 0.01750695 -0.04748398 -0.01613295 0.01750695 -0.1493639 0.04268699 0.01750695 -0.1792269 0.09441298 0.01750695 -0.189599 0.153233 0.01750695 -0.1792269 0.212053 0.01750695 -0.1493639 0.263778 0.01750695 -0.10361 0.30217 0.01750695 -0.04748398 0.322598 0.01750695 0.01224297 0.322598 0.017506 0.06836897 0.30217 0.017506 0.114122 0.263778 0.017506 0.143986 0.212053 0.017506 0.154358 0.153233 0.017506 0.143986 0.09441298 0.017506 0.114123 0.04268699 0.017506 0.06836897 0.004294991 0.01750695 0.01224297 -0.01613295 0.04714697 -0.101797 0.007434964 0.04714697 -0.04685497 -0.01256299 0.04714697 -0.146586 0.045017 0.04714697 -0.175821 0.09565299 0.04714697 -0.185973 0.153233 0.04714697 -0.1758199 0.210813 0.04714697 -0.146586 0.261448 0.04714697 -0.101797 0.299031 0.04714697 -0.04685497 0.319028 0.04714596 0.01161396 0.319028 0.04714596 0.06655597 0.299031 0.04714596 0.111345 0.261448 0.04714596 0.1405799 0.210813 0.04714596 0.1507329 0.153233 0.04714596 0.1405799 0.09565299 0.04714596 0.111345 0.04501795 0.04714596 0.06655597 0.007434964 0.04714596 0.01161396 -0.01256299 0.07678699 -0.095263 0.01875096 0.07678699 -0.044586 3.06e-4 0.07678699 -0.1365759 0.05341696 0.07678699 -0.163542 0.100122 0.07678699 -0.1729069 0.153233 0.07678699 -0.163542 0.206344 0.07678699 -0.1365759 0.253049 0.07678699 -0.095263 0.287714 0.07678699 -0.044586 0.30616 0.07678598 0.009344995 0.30616 0.07678598 0.06002295 0.287714 0.07678598 0.101336 0.253049 0.07678598 0.128301 0.206344 0.07678598 0.137666 0.153233 0.07678598 0.128301 0.100122 0.07678598 0.101336 0.05341696 0.07678598 0.06002295 0.01875096 0.07678598 0.009344995 3.06e-4 0.09268999 -0.07768499 0.04919797 0.09268999 -0.03848099 0.03492897 0.09268999 -0.109644 0.07601499 0.09268999 -0.130504 0.112146 0.09268999 -0.137749 0.153233 0.09268999 -0.130504 0.194319 0.09268999 -0.109644 0.23045 0.09268999 -0.07768499 0.257267 0.09268999 -0.03848099 0.271536 0.09268999 0.003239989 0.271536 0.09268999 0.04244399 0.257267 0.09268897 0.074404 0.23045 0.09268897 0.09526395 0.194319 0.09268897 0.102508 0.153233 0.09268897 0.09526395 0.112146 0.09268897 0.074404 0.076016 0.09268999 0.04244399 0.04919797 0.09268999 0.003239989 0.03492897 0.09218597 -0.06686598 0.067936 0.09218597 -0.03472399 0.05623698 0.09218698 -0.09306895 0.08992296 0.09218698 -0.110172 0.119545 0.09218698 -0.116111 0.153231 0.09218698 -0.110172 0.186917 0.09218698 -0.09306895 0.21654 0.09218597 -0.06686598 0.2385269 0.09218597 -0.03472399 0.250225 0.09218597 -5.18e-4 0.250225 0.09218597 0.03162395 0.238526 0.09218597 0.05782699 0.21654 0.09218597 0.07492995 0.186917 0.09218597 0.08086997 0.153231 0.09218597 0.07492995 0.119545 0.09218597 0.05782699 0.08992296 0.09218597 0.03162395 0.067936 0.09218597 -5.18e-4 0.05623698 0.09206998 -0.03437495 0.05821698 0.09206998 -0.06586098 0.06967699 0.08916497 -0.06168395 0.07691198 0.08916497 -0.03292399 0.06644397 0.09206998 -0.09152895 0.09121495 0.08916497 -0.08512896 0.09658497 0.09206998 -0.108282 0.1202329 0.08916497 -0.100432 0.12309 0.09206998 -0.114101 0.153231 0.08916497 -0.105747 0.153231 0.09206998 -0.108282 0.186229 0.08916497 -0.100432 0.183372 0.09206998 -0.09152895 0.215247 0.08916497 -0.08512896 0.209877 0.09206998 -0.06586098 0.2367849 0.08916497 -0.06168395 0.22955 0.09206998 -0.03437495 0.248245 0.08916497 -0.03292399 0.240018 0.09206998 -8.67e-4 0.248245 0.08916497 -0.002317965 0.240018 0.09206998 0.03061896 0.2367849 0.08916497 0.02644199 0.22955 0.09206998 0.05628699 0.215247 0.08916497 0.049887 0.209877 0.09206998 0.07304 0.186229 0.08916497 0.06518995 0.183372 0.09206998 0.07885897 0.153231 0.08916497 0.07050496 0.153231 0.09206998 0.07304 0.1202329 0.08916497 0.06518995 0.12309 0.09206998 0.05628699 0.09121495 0.08916497 0.049887 0.09658497 0.09206998 0.03061896 0.06967699 0.08916497 0.02644199 0.07691198 0.09206998 -8.67e-4 0.05821698 0.08916497 -0.002317965 0.06644397 0.06954699 -0.05616694 0.08646798 0.06954699 -0.031008 0.07731097 0.06954699 -0.07667696 0.103678 0.06954699 -0.09006297 0.126864 0.06954699 -0.09471297 0.153231 0.06954699 -0.09006297 0.179598 0.06954699 -0.07667696 0.202785 0.06954699 -0.05616694 0.219994 0.06954699 -0.031008 0.229151 0.06954699 -0.004233956 0.229151 0.06954699 0.02092498 0.219994 0.06954699 0.041435 0.202785 0.06954699 0.05482095 0.179598 0.06954699 0.05947095 0.153231 0.06954699 0.05482095 0.126864 0.06954699 0.04143399 0.103678 0.06954699 0.02092498 0.08646798 0.06954699 -0.004233956 0.07731097 0.06566095 -0.09006297 0.126864 0.06566095 -0.09471297 0.153231 0.06566095 -0.09006297 0.179598 0.06566095 0.05482095 0.179598 0.06566095 0.05946999 0.153231 0.07352298 -0.01799798 0.1525779 0.07352298 -0.01775199 0.1524879 0.07352298 -0.01819896 0.152746 0.07352298 -0.01837497 0.153231 0.07352298 -0.01832997 0.1534889 0.07352298 -0.01775199 0.1539739 0.07352298 -0.01748996 0.1539739 0.07352298 -0.01724398 0.1538839 0.07352298 -0.01691198 0.1534889 0.07352298 -0.01686698 0.153231 0.07352298 -0.01704299 0.152746 0.07352298 -0.01724398 0.1525779 0.07352298 -0.01748996 0.1524879 0.06555896 -0.09359198 0.153231 0.06460499 -0.08882695 0.177432 0.091475 -0.06627196 0.06896495 0.091475 -0.03451699 0.05740696 0.091475 -0.09215897 0.09068697 0.091475 -0.109055 0.119952 0.091475 -0.114923 0.153231 0.091475 -0.109055 0.18651 0.091475 -0.09215897 0.215776 0.091475 -0.06627196 0.237497 0.091475 -0.03451699 0.249055 0.091475 -7.25e-4 0.249055 0.09147399 0.03102999 0.237497 0.09147399 0.05691695 0.215776 0.09147399 0.07381296 0.18651 0.09147399 0.07968097 0.153231 0.09147399 0.07381296 0.119952 0.09147399 0.05691695 0.09068697 0.09147399 0.03102999 0.06896495 0.091475 -7.25e-4 0.05740696 -0.092691 -0.03979998 0.02744698 -0.092691 -0.08148396 0.04261898 -0.092691 -0.115464 0.071132 -0.092691 -0.1376439 0.109548 -0.092691 -0.145346 0.153233 -0.092691 -0.1376439 0.1969169 -0.092691 -0.115464 0.235333 -0.092691 -0.08148396 0.263846 -0.092691 -0.03979998 0.279018 -0.09269195 0.004557967 0.279018 -0.09269195 0.04624199 0.263846 -0.09269195 0.08022296 0.235333 -0.09269195 0.102402 0.1969169 -0.09269195 0.110105 0.153233 -0.09269195 0.102402 0.109548 -0.09269195 0.08022296 0.071132 -0.09269195 0.04624199 0.04261898 -0.09269195 0.00455898 0.02744698 -0.09187096 -0.03507399 0.05425196 -0.09187096 -0.06787496 0.06619095 -0.09187096 -0.09461396 0.08862799 -0.09187096 -0.112067 0.118857 -0.09187096 -0.118128 0.153233 -0.09187096 -0.112067 0.187608 -0.09187096 -0.09461396 0.217838 -0.09187096 -0.06787496 0.240275 -0.09187096 -0.03507399 0.252213 -0.09187197 -1.68e-4 0.252213 -0.09187197 0.03263294 0.240275 -0.09187197 0.05937194 0.217838 -0.09187197 0.07682496 0.187608 -0.09187197 0.08288699 0.153233 -0.09187197 0.07682496 0.118857 -0.09187197 0.05937194 0.08862799 -0.09187197 0.03263294 0.06619095 -0.09187197 -1.68e-4 0.05425196 -0.09135097 -0.06639295 0.06875699 -0.09135097 -0.03455895 0.05717098 -0.092691 -0.03436797 0.05825495 -0.092691 -0.06584298 0.06970995 -0.09135097 -0.09234398 0.09053295 -0.092691 -0.09150099 0.09123998 -0.09135097 -0.109282 0.119871 -0.092691 -0.108248 0.120247 -0.09135097 -0.115164 0.153233 -0.092691 -0.114064 0.153233 -0.09135097 -0.109282 0.186595 -0.092691 -0.108248 0.186218 -0.09135097 -0.09234297 0.215932 -0.092691 -0.09150099 0.215225 -0.09135097 -0.06639295 0.237708 -0.092691 -0.06584197 0.236755 -0.09135097 -0.03455895 0.249294 -0.092691 -0.03436797 0.248211 -0.09135097 -6.83e-4 0.249294 -0.09269195 -8.74e-4 0.248211 -0.09135198 0.03115099 0.237708 -0.09269195 0.03060096 0.236755 -0.09135198 0.05710196 0.215932 -0.09269195 0.05625897 0.215225 -0.09135198 0.07403999 0.186595 -0.09269195 0.07300597 0.186218 -0.09135198 0.07992297 0.153233 -0.09269195 0.07882195 0.153233 -0.09135198 0.07403999 0.119871 -0.09269195 0.07300597 0.120247 -0.09135198 0.05710196 0.09053295 -0.09269195 0.05625897 0.09123998 -0.09135198 0.03115099 0.06875699 -0.09269195 0.03060096 0.06970995 -0.09135097 -6.83e-4 0.05717098 -0.09269195 -8.74e-4 0.05825495 -0.09269195 -0.032902 0.066567 -0.092691 -0.06162196 0.07701998 -0.092691 -0.08503496 0.09666597 -0.092691 -0.100316 0.123134 -0.092691 -0.105623 0.153233 -0.092691 -0.100316 0.183331 -0.092691 -0.08503496 0.209799 -0.092691 -0.06162196 0.229445 -0.092691 -0.032902 0.239898 -0.09269195 -0.002338945 0.239898 -0.09269195 0.02638 0.229445 -0.09269195 0.049793 0.209799 -0.09269195 0.06507396 0.183331 -0.09269195 0.07038098 0.153233 -0.09269195 0.06507396 0.123134 -0.09269195 0.049793 0.09666597 -0.09269195 0.02638 0.077021 -0.09269195 -0.002338945 0.066567 -0.09034699 -0.03247296 0.06900298 -0.09034699 -0.060386 0.079162 -0.09034699 -0.08313995 0.09825599 -0.09034699 -0.097992 0.12398 -0.09034699 -0.10315 0.153233 -0.09034699 -0.097992 0.182485 -0.09034699 -0.08313995 0.20821 -0.09034699 -0.060386 0.227303 -0.09034699 -0.03247296 0.2374629 -0.09034699 -0.002768993 0.2374629 -0.09034699 0.02514398 0.227303 -0.09034699 0.04789799 0.20821 -0.09034699 0.06274998 0.182485 -0.09034699 0.067909 0.153233 -0.09034699 0.06274998 0.12398 -0.09034699 0.04789799 0.09825599 -0.09034699 0.02514398 0.079162 -0.09034699 -0.002768993 0.06900298</float_array>
          <technique_common>
            <accessor source="#Coche-mesh-positions-array" count="454" stride="3">
              <param name="X" type="float"/>
              <param name="Y" type="float"/>
              <param name="Z" type="float"/>
            </accessor>
          </technique_common>
        </source>
        <source id="Coche-mesh-normals">
          <float_array id="Coche-mesh-normals-array" count="1725">0 0.1736459 0.9848082 0 0.4999992 0.8660259 0 0.4999988 0.8660261 0 0.7660498 0.6427814 0 0.7660494 0.6427817 0 0.8660329 0.499987 0 0.866033 0.4999869 0 0.9848028 -0.1736766 7.72234e-6 0.9367765 -0.3499283 0 0.939712 -0.3419672 0 0.939691 -0.3420248 0 0.7660465 -0.6427852 0 0.7660468 -0.6427848 0 0.4999867 -0.8660331 0 0.4999871 -0.8660329 0 0.1736456 -0.9848082 0 0.1736461 -0.9848082 0 -0.1736461 -0.9848082 0 -0.1736456 -0.9848082 0 -0.499997 -0.8660272 0 -0.4999967 -0.8660273 0 -0.7660441 -0.6427881 0 -0.7605677 -0.6492587 0 -0.9848091 0.1736409 0 -0.9396909 0.3420249 0 -0.9396911 0.3420245 0 -0.7660466 0.6427852 0 -0.766047 0.6427848 0 -0.5000094 0.8660201 0 -0.5000098 0.8660198 0 -0.1736459 0.9848082 0 -0.1736463 0.9848082 0 0.1736463 0.9848082 0.8112783 -0.5065674 -0.2919199 0.7947405 -0.5259341 -0.302954 0.7892924 -0.5374866 -0.29686 0.7726253 -0.2179586 -0.5962753 0.7719745 -0.2176352 -0.5972357 0.7725079 -0.2177446 -0.5965057 0.9364765 -0.3405595 -0.08385193 0.7725894 -0.4081764 0.4863106 0.8136726 -0.291063 0.5032091 0.7741462 -0.3920995 0.4969463 1 0 7.53384e-6 1 0 0 0.9664268 -0.2225421 0.1284306 0.8657757 -0.4457496 -0.227464 0.9946184 -0.08861792 -0.05367577 0.9944882 -0.09210538 -0.0500999 0.9944874 -0.09211474 -0.05009692 0.8666099 -0.4916797 -0.08507913 0.8639647 -0.495903 -0.08743679 0.8266705 -0.2173193 -0.5190264 0.9946768 -0.03353101 -0.09743678 0.9945201 -0.03830248 -0.09727591 0.8026741 -0.3826705 -0.4574688 0.7945679 -0.3902845 -0.4651235 0.841094 0.1652649 -0.5150229 0.9947034 0.03716337 -0.09583371 0.9945344 0.0332188 -0.0989843 0.829806 7.68277e-4 -0.5580515 0.823993 0 -0.5666002 0.8373903 0.4586563 -0.2973416 0.9946666 0.0903837 -0.04968971 0.9944995 0.08938878 -0.05459403 0.8539474 0.3352503 -0.3979715 0.8473086 0.3411231 -0.4070666 0.8226606 0.389146 0.4144817 0.9948089 0.06312769 0.07981389 0.9946137 0.06835007 0.07792228 0.8978707 0.3807089 0.2211086 0.8773761 0.4491177 0.1688328 0.9944747 0.002658605 0.1049436 0.8709744 0.1672126 0.4619995 0.8660187 0.1710111 0.4698586 0.876408 0.02048063 0.4811337 0.9946463 -0.002341091 0.1033119 0.8632996 -0.3110647 0.3974326 0.9946478 -0.0682767 0.07755035 0.9944617 -0.06548291 0.08220696 0.8708589 -0.1687694 0.4616512 0.8669452 -0.1704611 0.4683472 0.8307531 -0.5434729 0.1203605 0.9946732 -0.1018777 0.01568984 0.9944968 -0.1026484 0.02096277 0.884229 -0.404918 0.2327669 0.8797478 -0.4117395 0.2377279 -0.01514613 0.1839215 0.9828243 0.01763939 0.3730775 0.9276325 0.03987479 0.3600446 0.9320826 0.01782476 -0.05003225 0.9985886 -0.01517015 0.1844509 0.9827247 0.01796507 0.6289621 0.7772284 -0.01726907 0.7837928 0.6207823 -0.01741057 0.7831882 0.621541 0.01538497 0.8823809 0.4702844 0.03823405 0.8749787 0.4826495 0.01849412 0.9719012 0.2346618 -0.01434081 0.999889 -0.004056572 -0.01420557 0.9998924 -0.003688335 -0.01419836 0.9998923 -0.003734469 0.01930665 0.9785939 -0.2048937 0.04155349 0.9806244 -0.19144 0.01821213 0.8790408 -0.4763985 -0.01758313 0.7558284 -0.6545338 -0.01774513 0.7561748 -0.6541292 0.01688551 0.6295201 -0.7768007 0.04008024 0.640093 -0.7672513 0.01930946 0.3818922 -0.9240052 -0.01539075 0.1625708 -0.9865769 -0.0152933 0.1631318 -0.9864858 0.01944154 -0.02500283 -0.9994984 0.04232227 -0.01108282 -0.9990426 0.01996797 -0.3146238 -0.9490064 -0.01549994 -0.5084988 -0.8609233 -0.0155639 -0.5081403 -0.8611337 0.01963138 -0.6488273 -0.7606825 0.04258745 -0.6377766 -0.7690432 0.01734846 -0.8480805 -0.5295835 -0.01696288 -0.9440762 -0.3292909 -0.01704943 -0.9439032 -0.3297818 0.01655596 -0.9881939 -0.1523114 0.03936529 -0.9853166 -0.1661375 0.0193594 -0.9900792 0.1391713 -0.0157988 -0.9315226 0.3633401 -0.01601338 -0.9317479 0.3627527 0.01792043 -0.8450225 0.5344306 0.04049289 -0.851788 0.5223196 0.01919144 -0.684231 0.7290128 -0.01379698 -0.4878489 0.8728191 -0.01379328 -0.4884101 0.8725053 0.01861453 -0.2993354 0.9539664 0.04051756 -0.312035 0.9492062 0 0.9367382 -0.3500308 0 -0.8660258 -0.4999995 0 -0.9848091 0.173641 0.9379258 -0.3416761 -0.05960488 0.7724427 -0.5500864 0.3173916 0.9092644 -0.3601747 0.2085962 0.7723265 -0.4074248 0.4873569 0.9750851 -0.07622063 0.2083255 0.7726324 0.5498195 -0.3173922 0.9197464 0.3399632 -0.1961929 0.9626001 0.234735 -0.1352798 1 -4.30802e-4 2.35482e-5 0.8469815 -0.4737209 -0.2412697 0.9383512 -0.2824692 0.1992693 0.8059154 -0.2289519 -0.5459684 0.8254183 0.1719859 -0.5376853 0.8156974 0.4851886 -0.3150078 0.9579361 0.268058 0.1024858 0.9430748 0.2204059 0.2490608 0.8689631 0.49005 0.0689516 0.7974882 0.4132884 0.4395514 0.8622269 0.02182424 0.5060521 0.8511934 -0.3233525 0.4134164 0.8122265 -0.5694833 0.1263999 0.0414111 -0.06309992 0.9971478 0.04258632 0.6179433 0.7850685 0.04190146 0.9680809 0.2471108 0.01928502 0.9785919 -0.2049048 0.04329085 0.8848472 -0.4638658 0.04350835 0.393817 -0.9181587 0.04464381 -0.301527 -0.952412 0.04147583 -0.8401851 -0.5407114 0.04386562 -0.9910883 0.1257767 0.04246443 -0.6930365 0.7196508 -0.5979455 -0.1391934 -0.7893583 -0.2478978 -0.4843936 -0.8389931 -0.5979459 -0.4007671 -0.6941517 -0.247892 -0.7421316 -0.6227281 -0.597954 -0.6140121 -0.515209 -0.2479032 -0.9103627 -0.3313364 -0.597945 -0.753199 -0.2741404 -0.2478919 -0.9687877 5.58745e-7 -0.5979468 -0.8015358 8.92232e-7 -0.2478941 -0.910362 0.3313453 -0.5979469 -0.7531994 0.2741354 -0.2478861 -0.7421371 0.6227238 -0.5979476 -0.6140155 0.5152123 -0.2478851 -0.4843899 0.8389991 -0.5979507 -0.4007612 0.694151 -0.2478896 -0.1682264 0.9540706 -0.5979502 -0.1391809 0.789357 -0.2478902 0.1682236 0.954071 -0.5979414 0.1391807 0.7893636 -0.2478873 0.4843906 0.838998 -0.5979418 0.4007678 0.6941547 -0.2478975 0.7421359 0.6227208 -0.597938 0.6140168 0.515222 -0.2478948 0.9103614 0.3313463 -0.5979376 0.7532048 0.2741407 -0.2479025 0.968785 -2.61156e-6 -0.5979371 0.8015431 7.08947e-7 -0.2478927 0.9103639 -0.331341 -0.5979328 0.7532078 -0.2741432 -0.2479053 0.7421324 -0.6227219 -0.5979351 0.614019 -0.5152226 -0.247897 0.4843979 -0.8389909 -0.5979388 0.4007752 -0.6941531 -0.2478893 0.1682343 -0.9540693 -0.5979408 0.1391884 -0.7893627 -0.24789 -0.1682316 -0.9540696 -0.06041836 -0.499087 -0.864443 -0.06040692 -0.7646455 -0.6416139 -0.06040215 -0.9379784 -0.3413915 -0.06040847 -0.9981738 6.79551e-6 -0.06040287 -0.9379767 0.341396 -0.06040614 -0.7646464 0.6416129 -0.06040626 -0.4990852 0.864445 -0.06040692 -0.1733282 0.9830099 -0.06040996 0.1733308 0.9830093 -0.06040561 0.4990862 0.8644444 -0.06040954 0.764648 0.6416106 -0.06041991 0.9379757 0.341396 -0.06042462 0.9981728 -1.31636e-6 -0.06042045 0.9379773 -0.3413912 -0.06043046 0.7646465 -0.6416104 -0.06042182 0.4990854 -0.8644438 -0.06040894 0.1733309 -0.9830093 -0.06040674 -0.1733291 -0.9830098 0.06041997 -0.4990836 -0.864445 0.0604164 -0.7646478 -0.6416103 0.0604189 -0.9379771 -0.3413922 0.0604251 -0.9981728 1.58838e-6 0.06041812 -0.9379757 0.3413962 0.06041806 -0.7646485 0.6416091 0.0604068 -0.4990857 0.8644446 0.0604074 -0.1733288 0.9830098 0.06040894 0.1733282 0.9830098 0.06040591 0.4990904 0.864442 0.06041753 0.7646427 0.6416162 0.06040507 0.9379751 0.3414002 0.0604065 0.998174 1.41351e-6 0.06040632 0.9379763 -0.3413966 0.06042861 0.7646499 -0.6416066 0.06041824 0.4990872 -0.864443 0.06040877 0.1733299 -0.9830095 0.06040894 -0.1733308 -0.9830093 0.2612165 -0.4826418 -0.8359562 0.261223 -0.7394412 -0.620475 0.2611995 -0.9070734 -0.3301402 0.2612047 -0.9652835 3.68969e-6 0.261205 -0.9070686 0.3301494 0.2612171 -0.7394488 0.6204685 0.261213 -0.4826424 0.835957 0.2611989 -0.1676173 0.9506207 0.2612013 0.1676225 0.9506191 0.2612061 0.4826392 0.835961 0.2611954 0.7394512 0.6204749 0.2611998 0.9070691 0.3301519 0.2612041 0.9652837 1.2793e-6 0.2611985 0.9070697 -0.3301515 0.2612127 0.7394495 -0.6204696 0.2612142 0.4826446 -0.8359554 0.2612138 0.1676256 -0.9506151 0.2612105 -0.1676224 -0.9506165 0.6844699 -0.3645232 -0.6313667 0.6844759 -0.5584717 -0.4686173 0.6844735 -0.6850703 -0.2493488 0.6844648 -0.729046 4.17659e-6 0.6844631 -0.6850789 0.2493537 0.6844687 -0.5584747 0.4686241 0.6844789 -0.3645202 0.6313587 0.6844696 -0.1265944 0.717966 0.6844586 0.1266084 0.7179741 0.6844682 0.3645232 0.6313685 0.6844633 0.5584838 0.4686211 0.6844705 0.6850734 0.2493485 0.6844727 0.7290385 3.58142e-7 0.6844705 0.6850737 -0.2493473 0.6844619 0.558485 -0.4686219 0.6844568 0.3645272 -0.6313785 0.684467 0.1266024 -0.7179671 0.6844769 -0.1265909 -0.7179597 0.9748488 -0.1114341 -0.1930087 0.9748449 -0.1707369 -0.1432697 0.9748458 -0.2094387 -0.07623225 0.9748454 -0.222882 4.4542e-7 0.9748463 -0.2094376 0.07622849 0.9748451 -0.1707389 0.1432666 0.974848 -0.1114324 0.193014 0.9748499 -0.03870165 0.2194763 0.9748479 0.03870397 0.2194848 0.9748467 0.1114472 0.1930117 0.9748444 0.1707435 0.1432662 0.9748445 0.2094451 0.07622957 0.974846 0.2228802 2.24913e-6 0.9748443 0.2094453 -0.07623213 0.9748449 0.1707477 -0.1432572 0.9748466 0.1114428 -0.1930148 0.9748464 0.03870224 -0.2194921 0.9748488 -0.03869652 -0.2194825 0.96798 0.04360139 0.2472116 0.9679793 0.1255168 0.217398 0.9679175 0.1924901 0.1615036 0.9679448 0.2360127 0.0859124 0.9679089 0.2513016 -1.71153e-6 0.967945 0.2360145 -0.08590424 0.9679177 0.1924792 -0.1615147 0.968015 0.1254511 -0.2172762 0.9679808 0.0435993 -0.2472091 0.9679802 -0.04359626 -0.2472125 0.9679099 -0.1256423 -0.217634 0.9679184 -0.1924764 -0.1615147 0.9679444 -0.236015 -0.08591073 0.9679514 -0.2511375 -8.39661e-7 0.9679441 -0.2360157 0.08591133 0.9679159 -0.1924802 0.1615247 0.9679103 -0.1256447 0.2176308 0.9679804 -0.04360246 0.24721 0.9445228 0.05703395 0.3234562 0.7867287 0.3086528 0.5345948 0.9445254 0.1642177 0.2844369 0.7867292 0.4728781 0.3967916 0.9445275 0.2515924 0.2111138 0.7867253 0.5800735 0.2111357 0.9445199 0.3086456 0.1123393 0.7867263 0.6173021 -1.97014e-6 0.9445227 0.3284462 3.09061e-6 0.786723 0.5800771 -0.2111341 0.9445204 0.3086444 -0.112338 0.7867223 0.4728829 -0.3967995 0.9445283 0.2515962 -0.211106 0.7867302 0.3086501 -0.5345941 0.9445248 0.1642219 -0.2844365 0.7867308 0.1071919 -0.6079183 0.9445224 0.05703765 -0.3234567 0.7867307 -0.1071926 -0.6079183 0.9445232 -0.05703377 -0.323455 0.7867264 -0.3086515 -0.5345988 0.9445253 -0.164218 -0.2844376 0.7867232 -0.472886 -0.396794 0.9445276 -0.251592 -0.2111138 0.7867255 -0.5800732 -0.2111356 0.9445199 -0.3086456 -0.1123393 0.7867264 -0.6173019 2.02984e-6 0.9445226 -0.3284463 -3.00071e-6 0.7867266 -0.5800707 0.211138 0.9445205 -0.3086442 0.112338 0.7867344 -0.4728745 0.3967859 0.9445281 -0.2515962 0.2111065 0.7867308 -0.3086503 0.5345932 0.9445253 -0.164222 0.2844346 0.7867311 -0.1071918 0.6079179 0.9445223 -0.05703759 0.323457 0.7867304 0.1071927 0.6079187 0.4902336 0.4357945 0.7548207 0.4902213 0.6676884 0.5602458 0.3420624 0.9011945 0.2661612 0.2664484 0.9638403 0.004154384 0.4902347 0.8190309 -0.2980913 0.4902072 0.667685 -0.5602622 0.4902244 0.4357978 -0.7548246 0.4902419 0.1513547 -0.8583443 0.490244 -0.151344 -0.8583448 0.4902339 -0.4357832 -0.754827 0.4722455 -0.6799591 -0.5609276 0.2605341 -0.9072407 -0.3302065 0.3421363 -0.9378497 -0.05814421 0.4902349 -0.8190227 0.2981134 0.490244 -0.6676796 0.5602366 0.4902351 -0.4358031 0.7548149 0.4902418 -0.1513547 0.8583443 0.490244 0.1513441 0.8583448 0 1 -4.00964e-7 0 -0.9425647 -0.3340237 -1.03647e-4 -0.9847966 -0.1737116 0.9999997 -7.93664e-4 1.85053e-4 0.9999998 -1.44061e-4 7.43688e-4 1 0 -1.54278e-4 1 0 -9.69137e-6 0.9999999 -5.10315e-4 1.32844e-4 0.9957591 0.09060162 0.01597857 0.9957112 0.09059733 0.01874482 0.994524 0.1033477 0.01554125 0.8385735 0.5366309 -0.09392452 0.8335605 0.5440329 -0.09594345 0.8101754 -0.1017438 -0.5772904 0.8101754 -0.101849 -0.5772717 0.810093 -0.2931555 -0.5077493 0.8100922 -0.2931475 -0.5077552 0.8100582 -0.4491522 -0.3769194 0.810059 -0.4491909 -0.3768716 0.8100258 -0.5510538 -0.2004948 0.8099308 -0.5511789 -0.2005349 0.8100581 -0.5863498 6.31462e-6 0.8100584 -0.5863494 4.18443e-6 0.8100225 -0.5510584 0.2004954 0.8102235 -0.5507805 0.2004458 0.8100665 -0.4491736 0.3768759 0.8100653 -0.4491714 0.3768813 0.8100941 -0.2931475 0.5077521 0.8100928 -0.2931423 0.5077574 0.8101766 -0.1018499 0.57727 0.810177 -0.1017472 0.5772874 0.8101739 0.1018493 0.5772737 0.8101691 0.1017472 0.5772986 0.8099904 0.2932388 0.5078648 0.810047 0.2931986 0.5077977 0.8101527 0.449032 0.3768592 0.8101561 0.4490328 0.3768512 0.8097472 0.5513835 0.2007131 0.8097448 0.5514011 0.2006745 0.8100888 0.5863074 0 0.810089 0.5863071 0 0.8101586 0.5508794 -0.2004376 0.8101027 0.5509466 -0.2004783 0.8100888 0.4491078 -0.3769063 0.8100296 0.4492121 -0.3769094 0.8099175 0.2932852 -0.5079544 0.8099234 0.2932801 -0.507948 0.8101758 0.1018645 -0.5772684 0.8101804 0.1017604 -0.5772803 0.8580992 0.08913439 0.5056885 0.8580955 0.2567502 0.4446924 0.8577884 0.393772 0.3303679 0.8579068 0.4828243 0.1757181 0.8577497 0.5140676 -6.52454e-6 0.8579089 0.4828267 -0.1757009 0.8577869 0.3937571 -0.3303892 0.8579473 0.2568609 -0.4449145 0.8579162 0.08919697 -0.505988 0.8581019 -0.08912152 -0.5056864 0.8577805 -0.2570121 -0.4451489 0.857784 -0.393765 -0.3303872 0.8579043 -0.4828298 -0.1757142 0.8579382 -0.5137529 -4.6776e-7 0.8579075 -0.4828236 0.1757157 0.8577864 -0.3937602 0.3303872 0.8577783 -0.2570064 0.4451565 0.8580964 -0.08913636 0.5056928 -0.9429849 -0.05780804 -0.327777 -0.9429849 -0.1664189 -0.2882432 -0.9429864 -0.2549663 -0.2139366 -0.9429805 -0.3127745 -0.1138415 -0.9429846 -0.3328363 4.43451e-6 -0.9429814 -0.3127749 0.113833 -0.9429893 -0.2549556 0.2139369 -0.9429868 -0.1664158 0.2882392 -0.9429835 -0.05780524 0.3277817 -0.9429821 0.05778574 0.3277888 -0.9429848 0.166419 0.2882435 -0.9429823 0.2549729 0.2139467 -0.9429836 0.3127676 0.1138352 -0.9429814 0.3328455 2.13326e-6 -0.9429833 0.3127669 -0.1138394 -0.9429804 0.2549774 -0.21395 -0.9429824 0.1664205 -0.2882505 -0.942982 0.0577926 -0.3277881 -0.9955874 0.04692083 0.08126705 -0.9955891 0.01628553 0.09239763 -0.9955878 0.07188206 0.06031507 -0.9955889 0.08816593 0.03208911 -0.9955891 0.09382092 -8.53066e-7 -0.9955881 0.08817446 -0.0320903 -0.9955911 0.07185381 -0.06029576 -0.9955894 0.04690867 -0.08124876 -0.9955894 0.01627701 -0.09239488 -0.9955761 -0.0163241 -0.09253036 -0.995589 -0.04691582 -0.08125048 -0.9955894 -0.07186824 -0.06030666 -0.995588 -0.08817446 -0.03209203 -0.9955893 -0.09381961 7.03921e-7 -0.9955888 -0.08816528 0.03209149 -0.9955878 -0.07188141 0.06031578 -0.9955874 -0.04692149 0.08126747 -0.9955762 -0.0163353 0.0925275 -0.6346072 -0.3864219 -0.6692921 -0.6347308 -0.1341797 -0.7609945 -0.6347332 -0.1341666 -0.760995 -0.6345764 -0.5920411 -0.4967899 -0.6346049 -0.3864054 -0.6693038 -0.6345785 -0.7262465 -0.2643412 -0.6345753 -0.5920577 -0.4967714 -0.6344965 -0.7729259 5.07216e-6 -0.6345763 -0.7262581 -0.2643144 -0.6346948 -0.7261749 0.2642588 -0.6344978 -0.7729248 2.15734e-6 -0.6343171 -0.5922099 0.4969199 -0.6346894 -0.7261581 0.2643176 -0.6347726 -0.3863312 0.6691875 -0.6343186 -0.5921885 0.4969435 -0.6344007 -0.1342295 0.761261 -0.6347741 -0.3863891 0.6691527 -0.6346713 0.1341894 0.7610425 -0.6343905 -0.1342371 0.7612681 -0.6345973 0.3864201 0.6693025 -0.6345966 0.1342005 0.7611028 -0.6345702 0.5920439 0.4967945 -0.6346042 0.3863988 0.6693083 -0.6346978 0.7261684 0.2642693 -0.6345721 0.5920584 0.4967748 -0.6344386 0.7729732 -4.59198e-6 -0.6347029 0.7261428 0.2643274 -0.6345814 0.7262401 -0.2643516 -0.6348311 0.772651 1.01127e-5 -0.6345704 0.5920433 -0.4967949 -0.6345782 0.7262544 -0.2643201 -0.6346044 0.3864213 -0.669295 -0.6345715 0.5920611 -0.4967724 -0.6344554 0.134204 -0.7612199 -0.634602 0.386407 -0.6693056 -0.6344575 0.1341928 -0.76122 -0.9849494 0.08641731 0.1496892 -0.9849576 0.03000396 0.1701718 -0.984952 0.132397 0.1110894 -0.9849558 0.1623873 0.05909883 -0.984957 0.1727993 -8.50954e-7 -0.9849526 0.1624016 -0.05911087 -0.9849652 0.1323361 -0.1110445 -0.9849579 0.08639913 -0.1496441 -0.9849569 0.02998852 -0.1701782 -0.984903 -0.0300548 -0.1704782 -0.9849578 -0.08640885 -0.1496382 -0.9849578 -0.1323743 -0.1110644 -0.9849523 -0.1624008 -0.05911707 -0.9849572 -0.1727985 3.37048e-7 -0.9849556 -0.1623867 0.05910253 -0.9849514 -0.132399 0.1110914 -0.9849482 -0.08642351 0.1496938 -0.9849032 -0.03008562 0.1704722 -1 -1.56e-5 -2.69074e-6 -0.9426589 0.166864 0.2890515 -0.9425454 0.05808544 0.3289898 -1 0 0 -0.9425641 0.2558199 0.2147772 -1 0 -2.09059e-7 -0.9426653 0.3136134 0.1141448 -1 0 1.49422e-7 -0.9426585 0.3337589 -1.51365e-6 -0.9426641 0.3136154 -0.1141481 -0.9426604 0.2556756 -0.2145261 -0.9426599 0.1668704 -0.2890445 -1 -1.50154e-5 -2.50869e-6 -0.9426441 0.0579462 -0.3287315 -1 -1.61936e-5 2.54293e-6 -0.9426177 -0.05799615 -0.3287982 -1 0 8.36264e-7 -0.9426266 -0.1669236 -0.2891221 -1 0 -5.97696e-7 -0.9426278 -0.2557479 -0.2145831 -1 0 -2.09066e-7 -0.9426318 -0.3137025 -0.1141759 -1 0 3.58485e-7 -0.9425963 -0.3339345 -4.6845e-6 -1 0 -1.4942e-7 -0.9426307 -0.3137029 0.1141842 -0.942648 -0.2556941 0.2145587 -1 0 8.36146e-7 -0.9426 -0.1669679 0.2891834 -1 -1.50162e-5 -2.35707e-6 -0.9426475 -0.05797153 0.3287174 -1 -2.34235e-5 -1.07477e-4 -0.7257073 0.1194691 0.6775516 -0.7257922 0.3439667 0.5957456 -0.7255358 0.5271674 0.4423711 -0.725809 0.6464123 0.235271 -0.7257843 0.6879224 1.19679e-7 -0.7258093 0.6464131 -0.2352682 -0.7255412 0.5271753 -0.4423531 -0.7257837 0.3439732 -0.5957521 -0.7257107 0.1194738 -0.677547 -0.7255905 -0.1194778 -0.6776751 -0.7256398 -0.3440564 -0.5958792 -0.7256431 -0.5270823 -0.4422965 -0.7256575 -0.6465637 -0.2353225 -0.725751 -0.6879575 3.65623e-6 -0.7256653 -0.6465519 0.2353307 -0.7257251 -0.5270205 0.4422359 -0.7255272 -0.3441191 0.5959802 -0.7257273 -0.1194499 0.6775335 0 0.9848027 0.1736772 0 0.9848028 -0.1736768 0.9999998 -2.31877e-4 5.78455e-4</float_array>
          <technique_common>
            <accessor source="#Coche-mesh-normals-array" count="575" stride="3">
              <param name="X" type="float"/>
              <param name="Y" type="float"/>
              <param name="Z" type="float"/>
            </accessor>
          </technique_common>
        </source>
        <source id="Coche-mesh-map-0">
          <float_array id="Coche-mesh-map-0-array" count="4446">-0.100593 0.359579 -0.149915 0.447741 -0.162276 0.440233 -0.162276 0.440233 -0.1934159 0.536445 -0.2069669 0.531332 -0.2069669 0.531332 -0.218424 0.631796 -0.232744 0.629508 -0.238668 0.730794 -0.2105219 0.827952 -0.224533 0.831361 -0.224533 0.831361 -0.177735 0.920932 -0.190945 0.927062 -0.190945 0.927062 -0.127148 1.005892 -0.1389819 1.014326 -0.1389819 1.014326 -0.06084698 1.080791 -0.07198995 1.09009 0.2394919 0.299541 0.164993 0.367269 0.155552 0.356123 0.155552 0.356123 0.09472095 0.436931 0.08353698 0.427599 0.08353698 0.427599 0.03942096 0.518423 0.026618 0.51176 -0.03193598 0.702836 -0.01093 0.80169 -0.02533495 0.803527 -0.02533495 0.803527 0.01298296 0.897328 -6.24e-4 0.902026 -6.24e-4 0.902026 0.05508297 0.986801 0.042418 0.993935 0.042418 0.993935 0.113716 1.067795 0.101743 1.076083 -0.02509999 0.292156 -0.08970099 0.369334 -0.100593 0.359579 0.732923 0.349969 0.733633 0.349983 0.73369 0.350324 0.733881 0.349349 0.734305 0.349997 0.733707 0.349643 0.678731 0.368736 0.67924 0.368736 0.678781 0.368998 0.734444 0.350984 0.734623 0.350345 0.734785 0.350983 0.679752 0.368736 0.679766 0.368736 0.6795 0.368998 0.721485 0.685558 0.769259 0.596513 0.774901 0.598763 0.774901 0.598763 0.78464 0.505809 0.79375 0.498533 0.542942 0.703811 0.614903 0.676323 0.616984 0.679936 0.645162 0.752246 0.712669 0.685517 0.721485 0.685558 0.390042 0.677746 0.464959 0.699979 0.464413 0.703373 0.699662 0.377048 0.706497 0.376626 0.707032 0.377089 0.225299 0.588142 0.279015 0.673017 0.27453 0.676625 0.27453 0.676625 0.349319 0.732779 0.350665 0.743331 0.36113 0.235823 0.287616 0.304136 0.282725 0.299911 0.282725 0.299911 0.242352 0.381852 0.229466 0.385994 0.458345 0.204406 0.371987 0.2403129 0.36113 0.235823 0.560282 0.20594 0.459096 0.209401 0.458345 0.204406 0.729392 0.30898 0.653676 0.242707 0.655736 0.239335 0.655736 0.239335 0.565902 0.216295 0.560282 0.20594 0.79375 0.498533 0.774745 0.39937 0.779472 0.397763 0.779472 0.397763 0.726315 0.32015 0.729392 0.30898 0.216892 0.849048 0.320117 0.832534 0.302753 0.880985 0.678504 0.891436 0.748 0.813039 0.76572 0.864635 0.674872 0.959588 0.746015 0.880376 0.763766 0.931811 0.21549 0.917017 0.317273 0.899324 0.299753 0.947702 0.301295 1.094071 0.2233369 1.163999 0.211497 1.110708 0.756972 1.189506 0.651373 1.193444 0.674085 1.147125 0.301549 1.158296 0.221462 1.227758 0.210183 1.174473 0.753981 1.261637 0.648969 1.263738 0.672672 1.218 0.201153 0.836057 0.136328 0.75195 0.1902559 0.743817 0.725443 0.408828 0.725861 0.398905 0.730014 0.401367 0.306047 0.995386 0.2226099 1.061513 0.213621 1.007704 0.789951 0.393409 0.779987 0.393057 0.782395 0.388875 0.211772 1.148037 0.28002 1.104437 0.282322 1.146393 -0.321837 1.173563 -0.2184309 1.187787 -0.249155 1.229115 0.05393099 0.915242 0.133738 0.985657 0.08233296 1.004008 0.09491199 0.452262 0.111483 0.556392 0.06288099 0.539122 0.681751 0.821361 0.751218 0.741913 0.769615 0.793292 0.21825 0.78319 0.321788 0.765693 0.304817 0.814394 -0.100593 0.359579 -0.08970099 0.369334 -0.149915 0.447741 -0.162276 0.440233 -0.149915 0.447741 -0.1934159 0.536445 0.699246 0.338125 0.700518 0.338605 0.698171 0.347554 -0.224533 0.831361 -0.2105219 0.827952 -0.177735 0.920932 -0.190945 0.927062 -0.177735 0.920932 -0.127148 1.005892 -0.1389819 1.014326 -0.127148 1.005892 -0.06084698 1.080791 0.2394919 0.299541 0.247923 0.311379 0.164993 0.367269 0.155552 0.356123 0.164993 0.367269 0.09472095 0.436931 0.08353698 0.427599 0.09472095 0.436931 0.03942096 0.518423 0.026618 0.51176 0.03942096 0.518423 -1.16e-4 0.608203 -0.03193598 0.702836 -0.01759696 0.703987 -0.01093 0.80169 -0.02533495 0.803527 -0.01093 0.80169 0.01298296 0.897328 -6.24e-4 0.902026 0.01298296 0.897328 0.05508297 0.986801 0.042418 0.993935 0.05508297 0.986801 0.113716 1.067795 -0.02509999 0.292156 -0.01522099 0.302742 -0.08970099 0.369334 0.678781 0.368998 0.67924 0.368736 0.679292 0.368904 0.679117 0.369399 0.679359 0.368968 0.6795 0.368998 0.734444 0.350984 0.734623 0.350344 0.734623 0.350345 0.679635 0.369488 0.6795 0.368999 0.679629 0.36897 0.679882 0.368074 0.679634 0.368497 0.6795 0.368475 0.679629 0.36897 0.6795 0.368999 0.679751 0.368736 0.6795 0.368998 0.679359 0.368968 0.679752 0.368736 0.6795 0.368475 0.679634 0.368497 0.67924 0.368736 0.679292 0.368904 0.67924 0.368736 0.679634 0.368497 0.721485 0.685558 0.719875 0.674004 0.769259 0.596513 0.774901 0.598763 0.769259 0.596513 0.78464 0.505809 0.548421 0.781254 0.553283 0.773108 0.642558 0.747501 0.645162 0.752246 0.642558 0.747501 0.712669 0.685517 0.390042 0.677746 0.397492 0.674788 0.464959 0.699979 0.464413 0.703373 0.464959 0.699979 0.537245 0.698885 0.225299 0.588142 0.234757 0.59161 0.279015 0.673017 0.27453 0.676625 0.279015 0.673017 0.349319 0.732779 0.229466 0.385994 0.235785 0.39679 0.215019 0.486601 0.36113 0.235823 0.359516 0.245034 0.287616 0.304136 0.282725 0.299911 0.287616 0.304136 0.242352 0.381852 0.458345 0.204406 0.459096 0.209401 0.371987 0.2403129 0.560282 0.20594 0.550875 0.213851 0.459096 0.209401 0.729392 0.30898 0.717878 0.308598 0.653676 0.242707 0.655736 0.239335 0.653676 0.242707 0.565902 0.216295 0.79375 0.498533 0.786202 0.492191 0.774745 0.39937 0.779472 0.397763 0.774745 0.39937 0.726315 0.32015 0.216892 0.849048 0.237567 0.79867 0.320117 0.832534 0.678504 0.891436 0.663869 0.84204 0.748 0.813039 0.674872 0.959588 0.660507 0.91017 0.746015 0.880376 0.21549 0.917017 0.236205 0.865988 0.317273 0.899324 0.746948 0.39094 0.747784 0.395709 0.739631 0.397503 0.756972 1.189506 0.730534 1.237173 0.651373 1.193444 0.301549 1.158296 0.309744 1.209099 0.221462 1.227758 0.753981 1.261637 0.726688 1.308862 0.648969 1.263738 0.201153 0.836057 0.149984 0.841401 0.136328 0.75195 0.07215595 1.284658 0.02669298 1.254709 0.07661199 1.178938 0.306047 0.995386 0.311965 1.04643 0.2226099 1.061513 0.789951 0.393409 0.78718 0.397717 0.779987 0.393057 0.211772 1.148037 0.211441 1.108382 0.28002 1.104437 -0.321837 1.173563 -0.287396 1.131313 -0.2184309 1.187787 0.05393099 0.915242 0.103316 0.900282 0.133738 0.985657 0.09491199 0.452262 0.145501 0.472858 0.111483 0.556392 0.681751 0.821361 0.66666 0.772022 0.751218 0.741913 0.21825 0.78319 0.238467 0.732532 0.321788 0.765693 0.686345 0.631082 0.638774 0.657134 0.638805 0.63099 0.638805 0.63099 0.591234 0.657073 0.591265 0.630959 0.591265 0.630959 0.543693 0.657073 0.543693 0.630959 0.543693 0.630959 0.496169 0.657073 0.496169 0.630959 0.496169 0.630959 0.448644 0.657073 0.448644 0.630959 0.448644 0.630959 0.401104 0.657073 0.401073 0.630959 0.401073 0.630959 0.353563 0.657134 0.353532 0.63099 0.353532 0.63099 0.306022 0.657195 0.305992 0.631082 0.305992 0.631082 0.258482 0.657288 0.258451 0.631175 0.258451 0.631175 0.210973 0.657443 0.210943 0.63136 0.210943 0.63136 0.163494 0.657658 0.163617 0.631576 0.163617 0.631576 0.115984 0.657843 0.116971 0.631791 0.116971 0.631791 0.06835198 0.655963 0.07183498 0.629541 0.920502 0.629541 0.876353 0.657843 0.875336 0.631823 0.875336 0.631823 0.828843 0.657658 0.82872 0.631607 0.82872 0.631607 0.781365 0.657443 0.781396 0.63136 0.781396 0.63136 0.733856 0.657288 0.733886 0.631175 0.733886 0.631175 0.686315 0.657195 0.686345 0.631082 0.686315 0.657195 0.638744 0.681552 0.638774 0.657134 0.638774 0.657134 0.591234 0.681521 0.591234 0.657073 0.591234 0.657073 0.543693 0.681521 0.543693 0.657073 0.543693 0.657073 0.496169 0.681521 0.496169 0.657073 0.496169 0.657073 0.448644 0.681521 0.448644 0.657073 0.448644 0.657073 0.401104 0.681521 0.401104 0.657073 0.401104 0.657073 0.353594 0.681552 0.353563 0.657134 0.353563 0.657134 0.306054 0.681613 0.306022 0.657195 0.306022 0.657195 0.258513 0.681675 0.258482 0.657288 0.258482 0.657288 0.210943 0.681798 0.210973 0.657443 0.210973 0.657443 0.163247 0.681922 0.163494 0.657658 0.163494 0.657658 0.115214 0.682014 0.115984 0.657843 0.115984 0.657843 0.06665599 0.681367 0.06835198 0.655963 0.923986 0.655993 0.877124 0.682014 0.876353 0.657843 0.876353 0.657843 0.829091 0.681922 0.828843 0.657658 0.828843 0.657658 0.781396 0.681798 0.781365 0.657443 0.781365 0.657443 0.733824 0.681675 0.733856 0.657288 0.733856 0.657288 0.686284 0.681614 0.686315 0.657195 0.686284 0.681614 0.638744 0.705785 0.638744 0.681552 0.638744 0.681552 0.591203 0.705754 0.591234 0.681521 0.591234 0.681521 0.543693 0.705754 0.543693 0.681521 0.543693 0.681521 0.496169 0.705754 0.496169 0.681521 0.496169 0.681521 0.448644 0.705754 0.448644 0.681521 0.448644 0.681521 0.401134 0.705754 0.401104 0.681521 0.401104 0.681521 0.353594 0.705785 0.353594 0.681552 0.353594 0.681552 0.306084 0.705846 0.306054 0.681613 0.306054 0.681613 0.258544 0.705877 0.258513 0.681675 0.258513 0.681675 0.211004 0.705939 0.210943 0.681798 0.210943 0.681798 0.163309 0.706001 0.163247 0.681922 0.163247 0.681922 0.115244 0.705939 0.115214 0.682014 0.115214 0.682014 0.06665599 0.706894 0.06665599 0.681367 0.925682 0.681398 0.877093 0.705969 0.877124 0.682014 0.877124 0.682014 0.829029 0.706001 0.829091 0.681922 0.829091 0.681922 0.781334 0.705939 0.781396 0.681798 0.781396 0.681798 0.733794 0.705877 0.733824 0.681675 0.733824 0.681675 0.686253 0.705846 0.686284 0.681614 0.686253 0.705846 0.638712 0.730203 0.638744 0.705785 0.638744 0.705785 0.591203 0.730172 0.591203 0.705754 0.591203 0.705754 0.543693 0.730172 0.543693 0.705754 0.543693 0.705754 0.496169 0.730172 0.496169 0.705754 0.496169 0.705754 0.448644 0.730172 0.448644 0.705754 0.448644 0.705754 0.401134 0.730172 0.401134 0.705754 0.401134 0.705754 0.353624 0.730202 0.353594 0.705785 0.353594 0.705785 0.306115 0.730233 0.306084 0.705846 0.306084 0.705846 0.258605 0.730264 0.258544 0.705877 0.258544 0.705877 0.211096 0.730264 0.211004 0.705939 0.211004 0.705939 0.163648 0.730264 0.163309 0.706001 0.163309 0.706001 0.1162 0.730048 0.115244 0.705939 0.115244 0.705939 0.06859898 0.732422 0.06665599 0.706894 0.925682 0.706894 0.876138 0.730079 0.877093 0.705969 0.877093 0.705969 0.82869 0.730264 0.829029 0.706001 0.829029 0.706001 0.781211 0.730295 0.781334 0.705939 0.781334 0.705939 0.733732 0.730295 0.733794 0.705877 0.733794 0.705877 0.686222 0.730233 0.686253 0.705846 0.686222 0.730233 0.638682 0.756655 0.638712 0.730203 0.638712 0.730203 0.591203 0.756624 0.591203 0.730172 0.591203 0.730172 0.543693 0.756624 0.543693 0.730172 0.543693 0.730172 0.496169 0.756624 0.496169 0.730172 0.496169 0.730172 0.448644 0.756624 0.448644 0.730172 0.448644 0.730172 0.401134 0.756624 0.401134 0.730172 0.401134 0.730172 0.353624 0.756655 0.353624 0.730202 0.353624 0.730202 0.306115 0.756685 0.306115 0.730233 0.306115 0.730233 0.258636 0.756685 0.258605 0.730264 0.258605 0.730264 0.211158 0.756685 0.211096 0.730264 0.211096 0.730264 0.163864 0.756624 0.163648 0.730264 0.163648 0.730264 0.117372 0.756408 0.1162 0.730048 0.1162 0.730048 0.07254397 0.759152 0.06859898 0.732422 0.923739 0.732453 0.874935 0.756408 0.876138 0.730079 0.876138 0.730079 0.828473 0.756624 0.82869 0.730264 0.82869 0.730264 0.78118 0.756685 0.781211 0.730295 0.781211 0.730295 0.733701 0.756716 0.733732 0.730295 0.733732 0.730295 0.686192 0.756685 0.686222 0.730233 0.592677 0.634347 0.605743 0.624006 0.607432 0.63439 0.607432 0.63439 0.616446 0.620388 0.621412 0.629654 0.621412 0.629654 0.625395 0.61348 0.633098 0.620645 0.633098 0.620645 0.631627 0.604057 0.641239 0.608348 0.641239 0.608348 0.634469 0.593125 0.644948 0.594055 0.644948 0.594055 0.633614 0.581852 0.643833 0.579347 0.643833 0.579347 0.629155 0.571473 0.638012 0.565784 0.638012 0.565784 0.621574 0.563101 0.628107 0.554847 0.628107 0.554847 0.611679 0.557626 0.615192 0.547713 0.615192 0.547713 0.60051 0.555667 0.60066 0.545148 0.60066 0.545148 0.589392 0.557415 0.586073 0.54743 0.586073 0.54743 0.57939 0.562694 0.573027 0.554314 0.573027 0.554314 0.571615 0.570958 0.562909 0.565011 0.556645 0.579079 0.565929 0.592878 0.555457 0.593752 0.555457 0.593752 0.568698 0.603844 0.559057 0.608058 0.559057 0.608058 0.574865 0.613319 0.567112 0.620421 0.567112 0.620421 0.583764 0.620274 0.578739 0.629514 0.578739 0.629514 0.59444 0.623969 0.592677 0.634347 0.595435 0.618145 0.604792 0.618181 0.605743 0.624006 0.604792 0.618181 0.613658 0.615175 0.616446 0.620388 0.613658 0.615175 0.621074 0.609463 0.625395 0.61348 0.621074 0.609463 0.626237 0.601657 0.631627 0.604057 0.626237 0.601657 0.628583 0.592597 0.634469 0.593125 0.628583 0.592597 0.627879 0.583259 0.633614 0.581852 0.627879 0.583259 0.62419 0.574663 0.629155 0.571473 0.62419 0.574663 0.617906 0.567724 0.621574 0.563101 0.617906 0.567724 0.609715 0.5632 0.611679 0.557626 0.609715 0.5632 0.60051 0.56157 0.60051 0.555667 0.60051 0.56157 0.591254 0.563014 0.589392 0.557415 0.591254 0.563014 0.582968 0.567371 0.57939 0.562694 0.582968 0.567371 0.576582 0.574182 0.571615 0.570958 0.572596 0.583108 0.571807 0.592412 0.565929 0.592878 0.571807 0.592412 0.574105 0.60148 0.568698 0.603844 0.574105 0.60148 0.579219 0.609327 0.574865 0.613319 0.579219 0.609327 0.586591 0.615085 0.583764 0.620274 0.586591 0.615085 0.595435 0.618145 0.59444 0.623969 0.400869 0.582359 0.39761 0.590892 0.395534 0.589658 0.395534 0.589658 0.394012 0.598653 0.39173 0.597851 0.39173 0.597851 0.392018 0.60696 0.389612 0.606631 0.389612 0.606631 0.391689 0.615513 0.389304 0.615667 0.389304 0.615667 0.393056 0.623953 0.390681 0.62459 0.390681 0.62459 0.396048 0.631961 0.393879 0.633041 0.393879 0.633041 0.40054 0.639199 0.398649 0.64072 0.398649 0.64072 0.406297 0.645356 0.404919 0.6473 0.427725 0.575786 0.421743 0.582797 0.420211 0.580916 0.420211 0.580916 0.415842 0.588934 0.41394 0.587433 0.41394 0.587433 0.411237 0.596151 0.40917 0.595102 0.40917 0.595102 0.407927 0.604055 0.4055 0.603398 0.4055 0.603398 0.406549 0.612505 0.40401 0.612392 0.40401 0.612392 0.407341 0.621038 0.405079 0.621397 0.405079 0.621397 0.40953 0.629313 0.407258 0.630166 0.407258 0.630166 0.413282 0.636961 0.411247 0.638287 0.411247 0.638287 0.418402 0.643653 0.416839 0.645462 0.407613 0.576263 0.402637 0.584014 0.400869 0.582359 0.402637 0.584014 0.402905 0.594017 0.39761 0.590892 0.39761 0.590892 0.39981 0.600668 0.394012 0.598653 0.394012 0.598653 0.398093 0.607803 0.392018 0.60696 0.392018 0.60696 0.397816 0.615132 0.391689 0.615513 0.391689 0.615513 0.398988 0.62238 0.393056 0.623953 0.393056 0.623953 0.401558 0.629247 0.396048 0.631961 0.396048 0.631961 0.405444 0.635477 0.40054 0.639199 0.40054 0.639199 0.410399 0.640854 0.406297 0.645356 0.428661 0.577986 0.425752 0.587464 0.421743 0.582797 0.421743 0.582797 0.420653 0.592738 0.415842 0.588934 0.415842 0.588934 0.416664 0.598906 0.411237 0.596151 0.411237 0.596151 0.413868 0.605649 0.407927 0.604055 0.407927 0.604055 0.412717 0.612804 0.406549 0.612505 0.406549 0.612505 0.413344 0.620072 0.407341 0.621038 0.407341 0.621038 0.415277 0.627154 0.40953 0.629313 0.40953 0.629313 0.418525 0.633733 0.413282 0.636961 0.413282 0.636961 0.422935 0.639582 0.418402 0.643653 0.408847 0.578319 0.407243 0.588096 0.402637 0.584014 0.398093 0.607803 0.398854 0.615071 0.397816 0.615132 0.416664 0.598906 0.414876 0.605916 0.413868 0.605649 0.413868 0.605649 0.413755 0.612865 0.412717 0.612804 0.679751 0.368736 0.679708 0.368904 0.679629 0.36897 0.679359 0.368968 0.679292 0.368904 0.679701 0.368561 0.679249 0.368736 0.679292 0.368569 0.679371 0.368503 0.6795 0.368474 0.6795 0.368475 0.679233 0.368736 0.431139 0.589513 0.430244 0.596806 0.429946 0.596806 0.429946 0.596806 0.431529 0.603503 0.431139 0.60413 0.400674 0.582143 0.400869 0.582359 0.395534 0.589658 0.395287 0.589504 0.395534 0.589658 0.39173 0.597851 0.391463 0.597759 0.39173 0.597851 0.389612 0.606631 0.389335 0.60659 0.389612 0.606631 0.389304 0.615667 0.389057 0.615677 0.389304 0.615667 0.390681 0.62459 0.390373 0.624672 0.390681 0.62459 0.393879 0.633041 0.393632 0.633174 0.393879 0.633041 0.398649 0.64072 0.398443 0.640915 0.398649 0.64072 0.404919 0.6473 0.427633 0.575519 0.427725 0.575786 0.420211 0.580916 0.420047 0.580679 0.420211 0.580916 0.41394 0.587433 0.413714 0.587248 0.41394 0.587433 0.40917 0.595102 0.408965 0.595009 0.40917 0.595102 0.4055 0.603398 0.405172 0.603315 0.4055 0.603398 0.40401 0.612392 0.40366 0.612372 0.40401 0.612392 0.405079 0.621397 0.404873 0.621428 0.405079 0.621397 0.407258 0.630166 0.406991 0.630269 0.407258 0.630166 0.411247 0.638287 0.411021 0.638462 0.411247 0.638287 0.416839 0.645462 0.40749 0.576006 0.407613 0.576263 0.400869 0.582359 0.595435 0.618145 0.595501 0.617769 0.604734 0.617806 0.604792 0.618181 0.604734 0.617806 0.613482 0.614838 0.613658 0.615175 0.613482 0.614838 0.620795 0.609204 0.621074 0.609463 0.620795 0.609204 0.62588 0.601498 0.626237 0.601657 0.62588 0.601498 0.628204 0.592564 0.628583 0.592597 0.628204 0.592564 0.627511 0.583354 0.627879 0.583259 0.627511 0.583354 0.623863 0.574866 0.62419 0.574663 0.623863 0.574866 0.617671 0.568025 0.617906 0.567724 0.617671 0.568025 0.609589 0.56356 0.609715 0.5632 0.609589 0.56356 0.60051 0.561952 0.60051 0.56157 0.60051 0.561952 0.591375 0.563372 0.591254 0.563014 0.591375 0.563372 0.583206 0.567668 0.582968 0.567371 0.583206 0.567668 0.576895 0.574389 0.572596 0.583108 0.572969 0.583207 0.572188 0.59239 0.571807 0.592412 0.572188 0.59239 0.574453 0.601331 0.574105 0.60148 0.574453 0.601331 0.579493 0.609066 0.579219 0.609327 0.579493 0.609066 0.586774 0.61475 0.586591 0.615085 0.586774 0.61475 0.595501 0.617769 0.723089 0.554772 0.706786 0.5573 0.709726 0.548049 0.733708 0.565318 0.717415 0.562656 0.723089 0.554772 0.740523 0.57863 0.725865 0.571044 0.733708 0.565318 0.742867 0.593402 0.731292 0.581642 0.740523 0.57863 0.740513 0.608184 0.733163 0.593402 0.742867 0.593402 0.733687 0.621495 0.731292 0.605172 0.740513 0.608184 0.723069 0.632032 0.725855 0.61577 0.733687 0.621495 0.709705 0.638754 0.717405 0.624157 0.723069 0.632032 0.694913 0.640995 0.706766 0.629503 0.709705 0.638754 0.680152 0.638518 0.694985 0.631281 0.694913 0.640995 0.666892 0.63159 0.683236 0.629318 0.680152 0.638518 0.656468 0.620889 0.672689 0.623798 0.666892 0.63159 0.649807 0.607598 0.664353 0.615256 0.656468 0.620889 0.656479 0.565894 0.659048 0.58231 0.649807 0.579175 0.666912 0.555193 0.664363 0.571527 0.656479 0.565894 0.680173 0.548265 0.6727 0.562985 0.666912 0.555193 0.694934 0.545808 0.683257 0.557475 0.680173 0.548265 0.709726 0.548049 0.695006 0.555512 0.694934 0.545808 0.713077 0.56868 0.704525 0.564383 0.706786 0.5573 0.719861 0.575433 0.713077 0.56868 0.717415 0.562656 0.72423 0.583955 0.719861 0.575433 0.725865 0.571044 0.725731 0.593402 0.72423 0.583955 0.731292 0.581642 0.72422 0.602859 0.725731 0.593402 0.733163 0.593402 0.719861 0.61138 0.72422 0.602859 0.731292 0.605172 0.713067 0.618124 0.719861 0.61138 0.725855 0.61577 0.704514 0.62242 0.713067 0.618124 0.717405 0.624157 0.695047 0.623849 0.704514 0.62242 0.706766 0.629503 0.6856 0.622276 0.695047 0.623849 0.694985 0.631281 0.67712 0.617846 0.6856 0.622276 0.683236 0.629318 0.670428 0.61101 0.67712 0.617846 0.672689 0.623798 0.666244 0.602447 0.670428 0.61101 0.664353 0.615256 0.670428 0.575772 0.666244 0.584346 0.659048 0.58231 0.67713 0.568947 0.670428 0.575772 0.664363 0.571527 0.685621 0.564516 0.67713 0.568947 0.6727 0.562985 0.695058 0.562944 0.685621 0.564516 0.683257 0.557475 0.704525 0.564383 0.695058 0.562944 0.695006 0.555512 0.529113 0.519071 0.520519 0.515936 0.520601 0.515484 0.536124 0.524941 0.529113 0.519071 0.529349 0.51866 0.540688 0.532867 0.536124 0.524941 0.536473 0.524643 0.542282 0.541867 0.540688 0.532867 0.54113 0.532703 0.540688 0.550868 0.542282 0.541867 0.542744 0.541867 0.536124 0.558794 0.540688 0.550868 0.54113 0.551032 0.529113 0.564674 0.536124 0.558794 0.536473 0.559092 0.520519 0.567799 0.529113 0.564674 0.529349 0.565074 0.511379 0.567799 0.520519 0.567799 0.520601 0.568251 0.502786 0.564674 0.511379 0.567799 0.511297 0.568251 0.495785 0.558793 0.502786 0.564674 0.502549 0.565074 0.49121 0.550868 0.495785 0.558793 0.495425 0.559092 0.489627 0.541867 0.49121 0.550868 0.490768 0.551032 0.49121 0.532867 0.489627 0.541867 0.489154 0.541867 0.495785 0.524941 0.49121 0.532867 0.490768 0.532703 0.502786 0.519071 0.495785 0.524941 0.495425 0.524643 0.511379 0.515936 0.502786 0.519071 0.502549 0.51866 0.520519 0.515936 0.511379 0.515936 0.511297 0.515484 0.713077 0.56868 0.712594 0.569358 0.704268 0.565174 0.719861 0.575433 0.719193 0.575916 0.712594 0.569358 0.72423 0.583955 0.723439 0.584212 0.719193 0.575916 0.725731 0.593402 0.724898 0.593402 0.723439 0.584212 0.72422 0.602859 0.723429 0.602602 0.724898 0.593402 0.719861 0.61138 0.719183 0.610887 0.723429 0.602602 0.713067 0.618124 0.712574 0.617445 0.719183 0.610887 0.704514 0.62242 0.704258 0.621629 0.712574 0.617445 0.695047 0.623849 0.695057 0.623027 0.704258 0.621629 0.6856 0.622276 0.685867 0.621485 0.695057 0.623027 0.67712 0.617846 0.677623 0.617188 0.685867 0.621485 0.670428 0.61101 0.671107 0.610548 0.677623 0.617188 0.666244 0.602447 0.667046 0.602232 0.671107 0.610548 0.670428 0.575772 0.671117 0.576235 0.667046 0.584551 0.67713 0.568947 0.677634 0.569605 0.671117 0.576235 0.685621 0.564516 0.685888 0.565308 0.677634 0.569605 0.695058 0.562944 0.695068 0.563776 0.685888 0.565308 0.704525 0.564383 0.704268 0.565174 0.695068 0.563776 0.529113 0.519071 0.527972 0.521055 0.520128 0.518198 0.536124 0.524941 0.534366 0.526422 0.527972 0.521055 0.540688 0.532867 0.538539 0.533649 0.534366 0.526422 0.542282 0.541867 0.539989 0.541867 0.538539 0.533649 0.540688 0.550868 0.538539 0.550086 0.539989 0.541867 0.536124 0.558794 0.534366 0.557313 0.538539 0.550086 0.529113 0.564674 0.527972 0.562679 0.534366 0.557313 0.520519 0.567799 0.520128 0.565537 0.527972 0.562679 0.511379 0.567799 0.51178 0.565537 0.520128 0.565537 0.502786 0.564674 0.503937 0.562679 0.51178 0.565537 0.495785 0.558793 0.497543 0.557313 0.503937 0.562679 0.49121 0.550868 0.493369 0.550086 0.497543 0.557313 0.489627 0.541867 0.49192 0.541867 0.493369 0.550086 0.49121 0.532867 0.493369 0.533648 0.49192 0.541867 0.495785 0.524941 0.497543 0.526422 0.493369 0.533648 0.502786 0.519071 0.503937 0.521055 0.497543 0.526422 0.511379 0.515936 0.51178 0.518198 0.503937 0.521055 0.520519 0.515936 0.520128 0.518198 0.51178 0.518198 0.527972 0.521055 0.519963 0.519102 0.520128 0.518198 0.534366 0.526422 0.527509 0.521847 0.527972 0.521055 0.538539 0.533649 0.533656 0.527008 0.534366 0.526422 0.539989 0.541867 0.537666 0.533967 0.538539 0.533649 0.538539 0.550086 0.539064 0.541867 0.539989 0.541867 0.534366 0.557313 0.537666 0.549778 0.538539 0.550086 0.527972 0.562679 0.533656 0.556727 0.534366 0.557313 0.520128 0.565537 0.527509 0.561888 0.527972 0.562679 0.51178 0.565537 0.519963 0.564632 0.520128 0.565537 0.503937 0.562679 0.511935 0.564632 0.51178 0.565537 0.497543 0.557313 0.504389 0.561888 0.503937 0.562679 0.493369 0.550086 0.498242 0.556727 0.497543 0.557313 0.49192 0.541867 0.494232 0.549778 0.493369 0.550086 0.493369 0.533648 0.492834 0.541867 0.49192 0.541867 0.497543 0.526422 0.494232 0.533967 0.493369 0.533648 0.503937 0.521055 0.498242 0.527008 0.497543 0.526422 0.51178 0.518198 0.504389 0.521847 0.503937 0.521055 0.520128 0.518198 0.511935 0.519102 0.51178 0.518198 0.686345 0.631082 0.686315 0.657195 0.638774 0.657134 0.638805 0.63099 0.638774 0.657134 0.591234 0.657073 0.591265 0.630959 0.591234 0.657073 0.543693 0.657073 0.543693 0.630959 0.543693 0.657073 0.496169 0.657073 0.496169 0.630959 0.496169 0.657073 0.448644 0.657073 0.448644 0.630959 0.448644 0.657073 0.401104 0.657073 0.401073 0.630959 0.401104 0.657073 0.353563 0.657134 0.353532 0.63099 0.353563 0.657134 0.306022 0.657195 0.305992 0.631082 0.306022 0.657195 0.258482 0.657288 0.258451 0.631175 0.258482 0.657288 0.210973 0.657443 0.210943 0.63136 0.210973 0.657443 0.163494 0.657658 0.163617 0.631576 0.163494 0.657658 0.115984 0.657843 0.116971 0.631791 0.115984 0.657843 0.06835198 0.655963 0.920502 0.629541 0.923986 0.655993 0.876353 0.657843 0.875336 0.631823 0.876353 0.657843 0.828843 0.657658 0.82872 0.631607 0.828843 0.657658 0.781365 0.657443 0.781396 0.63136 0.781365 0.657443 0.733856 0.657288 0.733886 0.631175 0.733856 0.657288 0.686315 0.657195 0.686315 0.657195 0.686284 0.681614 0.638744 0.681552 0.638774 0.657134 0.638744 0.681552 0.591234 0.681521 0.591234 0.657073 0.591234 0.681521 0.543693 0.681521 0.543693 0.657073 0.543693 0.681521 0.496169 0.681521 0.496169 0.657073 0.496169 0.681521 0.448644 0.681521 0.448644 0.657073 0.448644 0.681521 0.401104 0.681521 0.401104 0.657073 0.401104 0.681521 0.353594 0.681552 0.353563 0.657134 0.353594 0.681552 0.306054 0.681613 0.306022 0.657195 0.306054 0.681613 0.258513 0.681675 0.258482 0.657288 0.258513 0.681675 0.210943 0.681798 0.210973 0.657443 0.210943 0.681798 0.163247 0.681922 0.163494 0.657658 0.163247 0.681922 0.115214 0.682014 0.115984 0.657843 0.115214 0.682014 0.06665599 0.681367 0.923986 0.655993 0.925682 0.681398 0.877124 0.682014 0.876353 0.657843 0.877124 0.682014 0.829091 0.681922 0.828843 0.657658 0.829091 0.681922 0.781396 0.681798 0.781365 0.657443 0.781396 0.681798 0.733824 0.681675 0.733856 0.657288 0.733824 0.681675 0.686284 0.681614 0.686284 0.681614 0.686253 0.705846 0.638744 0.705785 0.638744 0.681552 0.638744 0.705785 0.591203 0.705754 0.591234 0.681521 0.591203 0.705754 0.543693 0.705754 0.543693 0.681521 0.543693 0.705754 0.496169 0.705754 0.496169 0.681521 0.496169 0.705754 0.448644 0.705754 0.448644 0.681521 0.448644 0.705754 0.401134 0.705754 0.401104 0.681521 0.401134 0.705754 0.353594 0.705785 0.353594 0.681552 0.353594 0.705785 0.306084 0.705846 0.306054 0.681613 0.306084 0.705846 0.258544 0.705877 0.258513 0.681675 0.258544 0.705877 0.211004 0.705939 0.210943 0.681798 0.211004 0.705939 0.163309 0.706001 0.163247 0.681922 0.163309 0.706001 0.115244 0.705939 0.115214 0.682014 0.115244 0.705939 0.06665599 0.706894 0.925682 0.681398 0.925682 0.706894 0.877093 0.705969 0.877124 0.682014 0.877093 0.705969 0.829029 0.706001 0.829091 0.681922 0.829029 0.706001 0.781334 0.705939 0.781396 0.681798 0.781334 0.705939 0.733794 0.705877 0.733824 0.681675 0.733794 0.705877 0.686253 0.705846 0.686253 0.705846 0.686222 0.730233 0.638712 0.730203 0.638744 0.705785 0.638712 0.730203 0.591203 0.730172 0.591203 0.705754 0.591203 0.730172 0.543693 0.730172 0.543693 0.705754 0.543693 0.730172 0.496169 0.730172 0.496169 0.705754 0.496169 0.730172 0.448644 0.730172 0.448644 0.705754 0.448644 0.730172 0.401134 0.730172 0.401134 0.705754 0.401134 0.730172 0.353624 0.730202 0.353594 0.705785 0.353624 0.730202 0.306115 0.730233 0.306084 0.705846 0.306115 0.730233 0.258605 0.730264 0.258544 0.705877 0.258605 0.730264 0.211096 0.730264 0.211004 0.705939 0.211096 0.730264 0.163648 0.730264 0.163309 0.706001 0.163648 0.730264 0.1162 0.730048 0.115244 0.705939 0.1162 0.730048 0.06859898 0.732422 0.925682 0.706894 0.923739 0.732453 0.876138 0.730079 0.877093 0.705969 0.876138 0.730079 0.82869 0.730264 0.829029 0.706001 0.82869 0.730264 0.781211 0.730295 0.781334 0.705939 0.781211 0.730295 0.733732 0.730295 0.733794 0.705877 0.733732 0.730295 0.686222 0.730233 0.686222 0.730233 0.686192 0.756685 0.638682 0.756655 0.638712 0.730203 0.638682 0.756655 0.591203 0.756624 0.591203 0.730172 0.591203 0.756624 0.543693 0.756624 0.543693 0.730172 0.543693 0.756624 0.496169 0.756624 0.496169 0.730172 0.496169 0.756624 0.448644 0.756624 0.448644 0.730172 0.448644 0.756624 0.401134 0.756624 0.401134 0.730172 0.401134 0.756624 0.353624 0.756655 0.353624 0.730202 0.353624 0.756655 0.306115 0.756685 0.306115 0.730233 0.306115 0.756685 0.258636 0.756685 0.258605 0.730264 0.258636 0.756685 0.211158 0.756685 0.211096 0.730264 0.211158 0.756685 0.163864 0.756624 0.163648 0.730264 0.163864 0.756624 0.117372 0.756408 0.1162 0.730048 0.117372 0.756408 0.07254397 0.759152 0.923739 0.732453 0.919793 0.759152 0.874935 0.756408 0.876138 0.730079 0.874935 0.756408 0.828473 0.756624 0.82869 0.730264 0.828473 0.756624 0.78118 0.756685 0.781211 0.730295 0.78118 0.756685 0.733701 0.756716 0.733732 0.730295 0.733701 0.756716 0.686192 0.756685 0.592677 0.634347 0.59444 0.623969 0.605743 0.624006 0.607432 0.63439 0.605743 0.624006 0.616446 0.620388 0.621412 0.629654 0.616446 0.620388 0.625395 0.61348 0.633098 0.620645 0.625395 0.61348 0.631627 0.604057 0.641239 0.608348 0.631627 0.604057 0.634469 0.593125 0.644948 0.594055 0.634469 0.593125 0.633614 0.581852 0.643833 0.579347 0.633614 0.581852 0.629155 0.571473 0.638012 0.565784 0.629155 0.571473 0.621574 0.563101 0.628107 0.554847 0.621574 0.563101 0.611679 0.557626 0.615192 0.547713 0.611679 0.557626 0.60051 0.555667 0.60066 0.545148 0.60051 0.555667 0.589392 0.557415 0.586073 0.54743 0.589392 0.557415 0.57939 0.562694 0.573027 0.554314 0.57939 0.562694 0.571615 0.570958 0.556645 0.579079 0.566877 0.581575 0.565929 0.592878 0.555457 0.593752 0.565929 0.592878 0.568698 0.603844 0.559057 0.608058 0.568698 0.603844 0.574865 0.613319 0.567112 0.620421 0.574865 0.613319 0.583764 0.620274 0.578739 0.629514 0.583764 0.620274 0.59444 0.623969 0.605743 0.624006 0.59444 0.623969 0.595435 0.618145 0.616446 0.620388 0.605743 0.624006 0.604792 0.618181 0.625395 0.61348 0.616446 0.620388 0.613658 0.615175 0.631627 0.604057 0.625395 0.61348 0.621074 0.609463 0.634469 0.593125 0.631627 0.604057 0.626237 0.601657 0.633614 0.581852 0.634469 0.593125 0.628583 0.592597 0.629155 0.571473 0.633614 0.581852 0.627879 0.583259 0.621574 0.563101 0.629155 0.571473 0.62419 0.574663 0.611679 0.557626 0.621574 0.563101 0.617906 0.567724 0.60051 0.555667 0.611679 0.557626 0.609715 0.5632 0.589392 0.557415 0.60051 0.555667 0.60051 0.56157 0.57939 0.562694 0.589392 0.557415 0.591254 0.563014 0.571615 0.570958 0.57939 0.562694 0.582968 0.567371 0.565929 0.592878 0.566877 0.581575 0.572596 0.583108 0.568698 0.603844 0.565929 0.592878 0.571807 0.592412 0.574865 0.613319 0.568698 0.603844 0.574105 0.60148 0.583764 0.620274 0.574865 0.613319 0.579219 0.609327 0.59444 0.623969 0.583764 0.620274 0.586591 0.615085 0.400869 0.582359 0.402637 0.584014 0.39761 0.590892 0.395534 0.589658 0.39761 0.590892 0.394012 0.598653 0.39173 0.597851 0.394012 0.598653 0.392018 0.60696 0.389612 0.606631 0.392018 0.60696 0.391689 0.615513 0.389304 0.615667 0.391689 0.615513 0.393056 0.623953 0.390681 0.62459 0.393056 0.623953 0.396048 0.631961 0.393879 0.633041 0.396048 0.631961 0.40054 0.639199 0.398649 0.64072 0.40054 0.639199 0.406297 0.645356 0.427725 0.575786 0.428661 0.577986 0.421743 0.582797 0.420211 0.580916 0.421743 0.582797 0.415842 0.588934 0.41394 0.587433 0.415842 0.588934 0.411237 0.596151 0.40917 0.595102 0.411237 0.596151 0.407927 0.604055 0.4055 0.603398 0.407927 0.604055 0.406549 0.612505 0.40401 0.612392 0.406549 0.612505 0.407341 0.621038 0.405079 0.621397 0.407341 0.621038 0.40953 0.629313 0.407258 0.630166 0.40953 0.629313 0.413282 0.636961 0.411247 0.638287 0.413282 0.636961 0.418402 0.643653 0.407613 0.576263 0.408847 0.578319 0.402637 0.584014 0.402637 0.584014 0.407243 0.588096 0.402905 0.594017 0.39761 0.590892 0.402905 0.594017 0.39981 0.600668 0.394012 0.598653 0.39981 0.600668 0.398093 0.607803 0.392018 0.60696 0.398093 0.607803 0.397816 0.615132 0.391689 0.615513 0.397816 0.615132 0.398988 0.62238 0.393056 0.623953 0.398988 0.62238 0.401558 0.629247 0.396048 0.631961 0.401558 0.629247 0.405444 0.635477 0.40054 0.639199 0.405444 0.635477 0.410399 0.640854 0.428661 0.577986 0.431735 0.583249 0.425752 0.587464 0.421743 0.582797 0.425752 0.587464 0.420653 0.592738 0.415842 0.588934 0.420653 0.592738 0.416664 0.598906 0.411237 0.596151 0.416664 0.598906 0.413868 0.605649 0.407927 0.604055 0.413868 0.605649 0.412717 0.612804 0.406549 0.612505 0.412717 0.612804 0.413344 0.620072 0.407341 0.621038 0.413344 0.620072 0.415277 0.627154 0.40953 0.629313 0.415277 0.627154 0.418525 0.633733 0.413282 0.636961 0.418525 0.633733 0.422935 0.639582 0.408847 0.578319 0.412599 0.58311 0.407243 0.588096 0.398093 0.607803 0.399132 0.607947 0.398854 0.615071 0.397816 0.615132 0.398854 0.615071 0.399995 0.622113 0.413868 0.605649 0.414876 0.605916 0.413755 0.612865 0.679701 0.368561 0.679752 0.368736 0.679359 0.368968 0.679371 0.368503 0.6795 0.368474 0.679249 0.368736 0.679233 0.368736 0.679249 0.368736 0.6795 0.368474 0.429946 0.596806 0.430244 0.596806 0.431529 0.603503 0.395534 0.589658 0.395287 0.589504 0.400674 0.582143 0.39173 0.597851 0.391463 0.597759 0.395287 0.589504 0.389612 0.606631 0.389335 0.60659 0.391463 0.597759 0.389304 0.615667 0.389057 0.615677 0.389335 0.60659 0.390681 0.62459 0.390373 0.624672 0.389057 0.615677 0.393879 0.633041 0.393632 0.633174 0.390373 0.624672 0.398649 0.64072 0.398443 0.640915 0.393632 0.633174 0.404919 0.6473 0.404775 0.647546 0.398443 0.640915 0.420211 0.580916 0.420047 0.580679 0.427633 0.575519 0.41394 0.587433 0.413714 0.587248 0.420047 0.580679 0.40917 0.595102 0.408965 0.595009 0.413714 0.587248 0.4055 0.603398 0.405172 0.603315 0.408965 0.595009 0.40401 0.612392 0.40366 0.612372 0.405172 0.603315 0.405079 0.621397 0.404873 0.621428 0.40366 0.612372 0.407258 0.630166 0.406991 0.630269 0.404873 0.621428 0.411247 0.638287 0.411021 0.638462 0.406991 0.630269 0.416839 0.645462 0.416664 0.645688 0.411021 0.638462 0.400869 0.582359 0.400674 0.582143 0.40749 0.576006 0.604734 0.617806 0.604792 0.618181 0.595435 0.618145 0.613482 0.614838 0.613658 0.615175 0.604792 0.618181 0.620795 0.609204 0.621074 0.609463 0.613658 0.615175 0.62588 0.601498 0.626237 0.601657 0.621074 0.609463 0.628204 0.592564 0.628583 0.592597 0.626237 0.601657 0.627511 0.583354 0.627879 0.583259 0.628583 0.592597 0.623863 0.574866 0.62419 0.574663 0.627879 0.583259 0.617671 0.568025 0.617906 0.567724 0.62419 0.574663 0.609589 0.56356 0.609715 0.5632 0.617906 0.567724 0.60051 0.561952 0.60051 0.56157 0.609715 0.5632 0.591375 0.563372 0.591254 0.563014 0.60051 0.56157 0.583206 0.567668 0.582968 0.567371 0.591254 0.563014 0.576895 0.574389 0.576582 0.574182 0.582968 0.567371 0.572188 0.59239 0.571807 0.592412 0.572596 0.583108 0.574453 0.601331 0.574105 0.60148 0.571807 0.592412 0.579493 0.609066 0.579219 0.609327 0.574105 0.60148 0.586774 0.61475 0.586591 0.615085 0.579219 0.609327 0.595501 0.617769 0.595435 0.618145 0.586591 0.615085 0.723089 0.554772 0.717415 0.562656 0.706786 0.5573 0.733708 0.565318 0.725865 0.571044 0.717415 0.562656 0.740523 0.57863 0.731292 0.581642 0.725865 0.571044 0.742867 0.593402 0.733163 0.593402 0.731292 0.581642 0.740513 0.608184 0.731292 0.605172 0.733163 0.593402 0.733687 0.621495 0.725855 0.61577 0.731292 0.605172 0.723069 0.632032 0.717405 0.624157 0.725855 0.61577 0.709705 0.638754 0.706766 0.629503 0.717405 0.624157 0.694913 0.640995 0.694985 0.631281 0.706766 0.629503 0.680152 0.638518 0.683236 0.629318 0.694985 0.631281 0.666892 0.63159 0.672689 0.623798 0.683236 0.629318 0.656468 0.620889 0.664353 0.615256 0.672689 0.623798 0.649807 0.607598 0.659048 0.604473 0.664353 0.615256 0.656479 0.565894 0.664363 0.571527 0.659048 0.58231 0.666912 0.555193 0.6727 0.562985 0.664363 0.571527 0.680173 0.548265 0.683257 0.557475 0.6727 0.562985 0.694934 0.545808 0.695006 0.555512 0.683257 0.557475 0.709726 0.548049 0.706786 0.5573 0.695006 0.555512 0.706786 0.5573 0.717415 0.562656 0.713077 0.56868 0.717415 0.562656 0.725865 0.571044 0.719861 0.575433 0.725865 0.571044 0.731292 0.581642 0.72423 0.583955 0.731292 0.581642 0.733163 0.593402 0.725731 0.593402 0.733163 0.593402 0.731292 0.605172 0.72422 0.602859 0.731292 0.605172 0.725855 0.61577 0.719861 0.61138 0.725855 0.61577 0.717405 0.624157 0.713067 0.618124 0.717405 0.624157 0.706766 0.629503 0.704514 0.62242 0.706766 0.629503 0.694985 0.631281 0.695047 0.623849 0.694985 0.631281 0.683236 0.629318 0.6856 0.622276 0.683236 0.629318 0.672689 0.623798 0.67712 0.617846 0.672689 0.623798 0.664353 0.615256 0.670428 0.61101 0.664353 0.615256 0.659048 0.604473 0.666244 0.602447 0.659048 0.58231 0.664363 0.571527 0.670428 0.575772 0.664363 0.571527 0.6727 0.562985 0.67713 0.568947 0.6727 0.562985 0.683257 0.557475 0.685621 0.564516 0.683257 0.557475 0.695006 0.555512 0.695058 0.562944 0.695006 0.555512 0.706786 0.5573 0.704525 0.564383 0.520601 0.515484 0.529349 0.51866 0.529113 0.519071 0.529349 0.51866 0.536473 0.524643 0.536124 0.524941 0.536473 0.524643 0.54113 0.532703 0.540688 0.532867 0.54113 0.532703 0.542744 0.541867 0.542282 0.541867 0.542744 0.541867 0.54113 0.551032 0.540688 0.550868 0.54113 0.551032 0.536473 0.559092 0.536124 0.558794 0.536473 0.559092 0.529349 0.565074 0.529113 0.564674 0.529349 0.565074 0.520601 0.568251 0.520519 0.567799 0.520601 0.568251 0.511297 0.568251 0.511379 0.567799 0.511297 0.568251 0.502549 0.565074 0.502786 0.564674 0.502549 0.565074 0.495425 0.559092 0.495785 0.558793 0.495425 0.559092 0.490768 0.551032 0.49121 0.550868 0.490768 0.551032 0.489154 0.541867 0.489627 0.541867 0.489154 0.541867 0.490768 0.532703 0.49121 0.532867 0.490768 0.532703 0.495425 0.524643 0.495785 0.524941 0.495425 0.524643 0.502549 0.51866 0.502786 0.519071 0.502549 0.51866 0.511297 0.515484 0.511379 0.515936 0.511297 0.515484 0.520601 0.515484 0.520519 0.515936 0.704268 0.565174 0.704525 0.564383 0.713077 0.56868 0.712594 0.569358 0.713077 0.56868 0.719861 0.575433 0.719193 0.575916 0.719861 0.575433 0.72423 0.583955 0.723439 0.584212 0.72423 0.583955 0.725731 0.593402 0.724898 0.593402 0.725731 0.593402 0.72422 0.602859 0.723429 0.602602 0.72422 0.602859 0.719861 0.61138 0.719183 0.610887 0.719861 0.61138 0.713067 0.618124 0.712574 0.617445 0.713067 0.618124 0.704514 0.62242 0.704258 0.621629 0.704514 0.62242 0.695047 0.623849 0.695057 0.623027 0.695047 0.623849 0.6856 0.622276 0.685867 0.621485 0.6856 0.622276 0.67712 0.617846 0.677623 0.617188 0.67712 0.617846 0.670428 0.61101 0.671107 0.610548 0.670428 0.61101 0.666244 0.602447 0.667046 0.584551 0.666244 0.584346 0.670428 0.575772 0.671117 0.576235 0.670428 0.575772 0.67713 0.568947 0.677634 0.569605 0.67713 0.568947 0.685621 0.564516 0.685888 0.565308 0.685621 0.564516 0.695058 0.562944 0.695068 0.563776 0.695058 0.562944 0.704525 0.564383 0.520128 0.518198 0.520519 0.515936 0.529113 0.519071 0.527972 0.521055 0.529113 0.519071 0.536124 0.524941 0.534366 0.526422 0.536124 0.524941 0.540688 0.532867 0.538539 0.533649 0.540688 0.532867 0.542282 0.541867 0.539989 0.541867 0.542282 0.541867 0.540688 0.550868 0.538539 0.550086 0.540688 0.550868 0.536124 0.558794 0.534366 0.557313 0.536124 0.558794 0.529113 0.564674 0.527972 0.562679 0.529113 0.564674 0.520519 0.567799 0.520128 0.565537 0.520519 0.567799 0.511379 0.567799 0.51178 0.565537 0.511379 0.567799 0.502786 0.564674 0.503937 0.562679 0.502786 0.564674 0.495785 0.558793 0.497543 0.557313 0.495785 0.558793 0.49121 0.550868 0.493369 0.550086 0.49121 0.550868 0.489627 0.541867 0.49192 0.541867 0.489627 0.541867 0.49121 0.532867 0.493369 0.533648 0.49121 0.532867 0.495785 0.524941 0.497543 0.526422 0.495785 0.524941 0.502786 0.519071 0.503937 0.521055 0.502786 0.519071 0.511379 0.515936 0.51178 0.518198 0.511379 0.515936 0.520519 0.515936 0.527972 0.521055 0.527509 0.521847 0.519963 0.519102 0.534366 0.526422 0.533656 0.527008 0.527509 0.521847 0.538539 0.533649 0.537666 0.533967 0.533656 0.527008 0.539989 0.541867 0.539064 0.541867 0.537666 0.533967 0.538539 0.550086 0.537666 0.549778 0.539064 0.541867 0.534366 0.557313 0.533656 0.556727 0.537666 0.549778 0.527972 0.562679 0.527509 0.561888 0.533656 0.556727 0.520128 0.565537 0.519963 0.564632 0.527509 0.561888 0.51178 0.565537 0.511935 0.564632 0.519963 0.564632 0.503937 0.562679 0.504389 0.561888 0.511935 0.564632 0.497543 0.557313 0.498242 0.556727 0.504389 0.561888 0.493369 0.550086 0.494232 0.549778 0.498242 0.556727 0.49192 0.541867 0.492834 0.541867 0.494232 0.549778 0.493369 0.533648 0.494232 0.533967 0.492834 0.541867 0.497543 0.526422 0.498242 0.527008 0.494232 0.533967 0.503937 0.521055 0.504389 0.521847 0.498242 0.527008 0.51178 0.518198 0.511935 0.519102 0.504389 0.521847 0.520128 0.518198 0.519963 0.519102 0.511935 0.519102</float_array>
          <technique_common>
            <accessor source="#Coche-mesh-map-0-array" count="2223" stride="2">
              <param name="S" type="float"/>
              <param name="T" type="float"/>
            </accessor>
          </technique_common>
        </source>
        <vertices id="Coche-mesh-vertices">
          <input semantic="POSITION" source="#Coche-mesh-positions"/>
        </vertices>
        <lines count="2">
          <input semantic="VERTEX" source="#Coche-mesh-vertices" offset="0"/>
          <p>82 70 4 3</p>
        </lines>
        <triangles material="Material_003-material" count="113">
          <input semantic="VERTEX" source="#Coche-mesh-vertices" offset="0"/>
          <input semantic="NORMAL" source="#Coche-mesh-normals" offset="1"/>
          <input semantic="TEXCOORD" source="#Coche-mesh-map-0" offset="2" set="0"/>
          <p>1 0 0 17 1 1 0 2 2 0 2 3 19 3 4 2 4 5 2 4 6 20 5 7 3 6 8 4 7 9 21 8 10 5 9 11 5 10 12 22 11 13 6 12 14 6 12 15 23 13 16 7 14 17 7 14 18 24 15 19 8 16 20 8 16 21 25 17 22 9 18 23 9 18 24 26 19 25 10 20 26 10 20 27 27 21 28 11 22 29 12 23 30 30 24 31 13 25 32 13 25 33 31 26 34 14 27 35 14 27 36 32 28 37 15 29 38 15 29 39 33 30 40 16 31 41 16 31 42 18 32 43 1 0 44 63 33 45 64 34 46 65 35 47 62 36 48 70 37 49 61 38 50 64 34 51 71 39 52 65 35 53 67 40 54 75 41 55 68 42 56 79 43 57 78 44 58 74 45 59 27 46 60 83 47 61 28 48 62 28 49 63 85 50 64 29 51 65 25 52 66 86 53 67 26 54 68 26 54 69 88 55 70 27 56 71 23 57 72 89 58 73 24 59 74 24 59 75 91 60 76 25 61 77 21 62 78 92 63 79 22 64 80 22 64 81 94 65 82 23 66 83 17 67 84 98 68 85 19 69 86 19 69 87 100 70 88 20 71 89 18 72 90 101 73 91 17 74 92 33 75 93 102 76 94 18 72 95 31 77 96 104 78 97 32 79 98 32 79 99 106 80 100 33 81 101 29 82 102 107 83 103 30 84 104 30 84 105 109 85 106 31 86 107 102 87 108 35 88 109 101 89 110 103 90 111 34 91 112 102 87 113 99 92 114 37 93 115 98 94 116 98 94 117 38 95 118 100 96 119 96 97 120 40 98 121 95 99 122 95 100 123 41 101 124 97 102 125 93 103 126 43 104 127 92 105 128 92 105 129 44 106 130 94 107 131 90 108 132 46 109 133 89 110 134 89 110 135 47 111 136 91 112 137 87 113 138 49 114 139 86 115 140 86 115 141 50 116 142 88 117 143 84 118 144 52 119 145 83 120 146 83 120 147 53 121 148 85 122 149 108 123 150 55 124 151 107 125 152 107 125 153 56 126 154 109 127 155 105 128 156 58 129 157 104 130 158 104 130 159 59 131 160 106 132 161 1 0 162 18 32 163 17 1 164 0 2 165 17 1 166 19 3 167 2 4 168 19 3 169 20 5 170 5 10 171 21 133 172 22 11 173 6 12 174 22 11 175 23 13 176 7 14 177 23 13 178 24 15 179 8 16 180 24 15 181 25 17 182 9 18 183 25 17 184 26 19 185 10 20 186 26 19 187 27 21 188 11 22 189 27 21 190 28 134 191 12 23 192 29 135 193 30 24 194 13 25 195 30 24 196 31 26 197 14 27 198 31 26 199 32 28 200 15 29 201 32 28 202 33 30 203 16 31 204 33 30 205 18 32 206 65 35 207 71 39 208 72 136 209 66 137 210 73 138 211 74 45 212 67 40 213 74 139 214 75 41 215 68 42 216 75 41 217 76 140 218 69 141 219 80 142 220 81 143 221 76 140 222 75 41 223 77 144 224 74 45 225 73 138 226 79 43 227 81 143 228 80 142 229 71 39 230 72 136 231 71 39 232 80 142 233 27 46 234 84 145 235 83 47 236 28 48 237 83 47 238 85 146 239 25 52 240 87 147 241 86 53 242 26 54 243 86 53 244 88 55 245 23 57 246 90 148 247 89 58 248 24 59 249 89 58 250 91 60 251 21 62 252 93 149 253 92 63 254 22 64 255 92 63 256 94 65 257 20 150 258 96 151 259 95 152 260 17 67 261 99 153 262 98 68 263 19 69 264 98 68 265 100 70 266 18 72 267 102 76 268 101 73 269 33 75 270 103 154 271 102 76 272 31 77 273 105 155 274 104 78 275 32 79 276 104 78 277 106 80 278 29 82 279 108 156 280 107 83 281 30 84 282 107 83 283 109 85 284 102 87 285 34 91 286 35 88 287 103 90 288 60 157 289 34 91 290 99 92 291 36 158 292 37 93 293 98 94 294 37 93 295 38 95 296 96 97 297 39 159 298 40 98 299 95 99 300 40 98 301 41 160 302 93 103 303 42 161 304 43 104 305 92 105 306 43 104 307 44 106 308 90 108 309 45 162 310 46 109 311 89 110 312 46 109 313 47 111 314 87 113 315 48 163 316 49 114 317 86 115 318 49 114 319 50 116 320 84 118 321 51 164 322 52 119 323 83 120 324 52 119 325 53 121 326 108 123 327 54 165 328 55 124 329 107 125 330 55 124 331 56 126 332 105 128 333 57 166 334 58 129 335 104 130 336 58 129 337 59 131 338</p>
        </triangles>
        <triangles material="Material_002-material" count="628">
          <input semantic="VERTEX" source="#Coche-mesh-vertices" offset="0"/>
          <input semantic="NORMAL" source="#Coche-mesh-normals" offset="1"/>
          <input semantic="TEXCOORD" source="#Coche-mesh-map-0" offset="2" set="0"/>
          <p>110 167 339 112 168 340 111 169 341 111 169 342 115 170 343 114 171 344 114 171 345 117 172 346 116 173 347 116 173 348 119 174 349 118 175 350 118 175 351 121 176 352 120 177 353 120 177 354 123 178 355 122 179 356 122 179 357 125 180 358 124 181 359 124 181 360 127 182 361 126 183 362 126 183 363 129 184 364 128 185 365 128 185 366 131 186 367 130 187 368 130 187 369 133 188 370 132 189 371 132 189 372 135 190 373 134 191 374 134 191 375 137 192 376 136 193 377 136 193 378 139 194 379 138 195 380 138 195 381 141 196 382 140 197 383 140 197 384 143 198 385 142 199 386 142 199 387 145 200 388 144 201 389 144 201 390 113 202 391 110 167 392 113 202 393 146 203 394 112 168 395 112 168 396 148 204 397 115 170 398 115 170 399 149 205 400 117 172 401 117 172 402 150 206 403 119 174 404 119 174 405 151 207 406 121 176 407 121 176 408 152 208 409 123 178 410 123 178 411 153 209 412 125 180 413 125 180 414 154 210 415 127 182 416 127 182 417 155 211 418 129 184 419 129 184 420 156 212 421 131 186 422 131 186 423 157 213 424 133 188 425 133 188 426 158 214 427 135 190 428 135 190 429 159 215 430 137 192 431 137 192 432 160 216 433 139 194 434 139 194 435 161 217 436 141 196 437 141 196 438 162 218 439 143 198 440 143 198 441 163 219 442 145 200 443 145 200 444 147 220 445 113 202 446 147 220 447 164 221 448 146 203 449 146 203 450 166 222 451 148 204 452 148 204 453 167 223 454 149 205 455 149 205 456 168 224 457 150 206 458 150 206 459 169 225 460 151 207 461 151 207 462 170 226 463 152 208 464 152 208 465 171 227 466 153 209 467 153 209 468 172 228 469 154 210 470 154 210 471 173 229 472 155 211 473 155 211 474 174 230 475 156 212 476 156 212 477 175 231 478 157 213 479 157 213 480 176 232 481 158 214 482 158 214 483 177 233 484 159 215 485 159 215 486 178 234 487 160 216 488 160 216 489 179 235 490 161 217 491 161 217 492 180 236 493 162 218 494 162 218 495 181 237 496 163 219 497 163 219 498 165 238 499 147 220 500 165 238 501 182 239 502 164 221 503 164 221 504 184 240 505 166 222 506 166 222 507 185 241 508 167 223 509 167 223 510 186 242 511 168 224 512 168 224 513 187 243 514 169 225 515 169 225 516 188 244 517 170 226 518 170 226 519 189 245 520 171 227 521 171 227 522 190 246 523 172 228 524 172 228 525 191 247 526 173 229 527 173 229 528 192 248 529 174 230 530 174 230 531 193 249 532 175 231 533 175 231 534 194 250 535 176 232 536 176 232 537 195 251 538 177 233 539 177 233 540 196 252 541 178 234 542 178 234 543 197 253 544 179 235 545 179 235 546 198 254 547 180 236 548 180 236 549 199 255 550 181 237 551 181 237 552 183 256 553 165 238 554 183 256 555 200 257 556 182 239 557 182 239 558 202 258 559 184 240 560 184 240 561 203 259 562 185 241 563 185 241 564 204 260 565 186 242 566 186 242 567 205 261 568 187 243 569 187 243 570 206 262 571 188 244 572 188 244 573 207 263 574 189 245 575 189 245 576 208 264 577 190 246 578 190 246 579 209 265 580 191 247 581 191 247 582 210 266 583 192 248 584 192 248 585 211 267 586 193 249 587 193 249 588 212 268 589 194 250 590 194 250 591 213 269 592 195 251 593 195 251 594 214 270 595 196 252 596 196 252 597 215 271 598 197 253 599 197 253 600 216 272 601 198 254 602 198 254 603 217 273 604 199 255 605 199 255 606 201 274 607 183 256 608 201 274 609 218 275 610 200 257 611 200 257 612 220 276 613 202 258 614 202 258 615 221 277 616 203 259 617 203 259 618 222 278 619 204 260 620 204 260 621 223 279 622 205 261 623 205 261 624 224 280 625 206 262 626 206 262 627 225 281 628 207 263 629 207 263 630 226 282 631 208 264 632 208 264 633 227 283 634 209 265 635 209 265 636 228 284 637 210 266 638 210 266 639 229 285 640 211 267 641 211 267 642 230 286 643 212 268 644 212 268 645 231 287 646 213 269 647 213 269 648 232 288 649 214 270 650 214 270 651 233 289 652 215 271 653 215 271 654 234 290 655 216 272 656 216 272 657 235 291 658 217 273 659 217 273 660 219 292 661 201 274 662 237 293 663 236 294 664 218 275 665 236 294 666 238 295 667 220 276 668 238 295 669 239 296 670 221 277 671 239 296 672 240 297 673 222 278 674 240 297 675 241 298 676 223 279 677 241 298 678 242 299 679 224 280 680 242 299 681 243 300 682 225 281 683 243 300 684 244 301 685 226 282 686 244 301 687 245 302 688 227 283 689 245 302 690 246 303 691 228 284 692 246 303 693 247 304 694 229 285 695 247 304 696 248 305 697 230 286 698 248 305 699 249 306 700 231 287 701 249 306 702 250 307 703 232 288 704 250 307 705 251 308 706 233 289 707 251 308 708 252 309 709 234 290 710 252 309 711 253 310 712 235 291 713 253 310 714 237 293 715 219 292 716 254 311 717 256 312 718 255 313 719 255 313 720 259 314 721 258 315 722 258 315 723 261 316 724 260 317 725 260 317 726 263 318 727 262 319 728 262 319 729 265 320 730 264 321 731 264 321 732 267 322 733 266 323 734 266 323 735 269 324 736 268 325 737 268 325 738 271 326 739 270 327 740 270 327 741 273 328 742 272 329 743 272 329 744 275 330 745 274 331 746 274 331 747 277 332 748 276 333 749 276 333 750 279 334 751 278 335 752 278 335 753 281 336 754 280 337 755 280 337 756 283 338 757 282 339 758 282 339 759 285 340 760 284 341 761 284 341 762 287 342 763 286 343 764 286 343 765 289 344 766 288 345 767 288 345 768 257 346 769 254 311 770 257 346 771 290 347 772 256 312 773 256 312 774 292 348 775 259 314 776 259 314 777 293 349 778 261 316 779 261 316 780 294 350 781 263 318 782 263 318 783 295 351 784 265 320 785 265 320 786 296 352 787 267 322 788 267 322 789 297 353 790 269 324 791 269 324 792 298 354 793 271 326 794 271 326 795 299 355 796 273 328 797 273 328 798 300 356 799 275 330 800 275 330 801 301 357 802 277 332 803 277 332 804 302 358 805 279 334 806 279 334 807 303 359 808 281 336 809 281 336 810 304 360 811 283 338 812 283 338 813 305 361 814 285 340 815 285 340 816 306 362 817 287 342 818 287 342 819 307 363 820 289 344 821 289 344 822 291 364 823 257 346 824 293 349 825 309 365 826 294 350 827 301 357 828 311 366 829 302 358 830 302 358 831 312 367 832 303 359 833 320 368 834 319 44 835 318 44 836 317 44 837 316 44 838 322 44 839 313 369 840 314 370 841 325 371 842 324 372 843 323 44 844 315 44 845 308 373 846 326 374 847 309 375 848 309 375 849 327 376 850 310 377 851 329 378 852 254 379 853 255 380 854 328 381 855 255 380 856 258 382 857 330 383 858 258 382 859 260 384 860 331 385 861 260 384 862 262 386 863 332 387 864 262 386 865 264 388 866 333 389 867 264 388 868 266 390 869 334 391 870 266 390 871 268 392 872 335 393 873 268 392 874 270 394 875 336 395 876 270 394 877 272 396 878 337 397 879 272 396 880 274 398 881 338 399 882 274 398 883 276 400 884 339 401 885 276 400 886 278 402 887 340 403 888 278 402 889 280 404 890 341 405 891 280 404 892 282 406 893 342 407 894 282 406 895 284 408 896 343 409 897 284 408 898 286 410 899 344 411 900 286 410 901 288 412 902 345 413 903 288 412 904 254 379 905 237 293 906 329 414 907 328 415 908 236 294 909 328 415 910 330 416 911 238 295 912 330 416 913 331 417 914 239 296 915 331 417 916 332 418 917 240 297 918 332 418 919 333 419 920 241 298 921 333 419 922 334 420 923 242 299 924 334 420 925 335 421 926 243 300 927 335 421 928 336 422 929 244 301 930 336 422 931 337 423 932 245 302 933 337 423 934 338 424 935 246 303 936 338 424 937 339 425 938 247 304 939 339 425 940 340 426 941 248 305 942 340 426 943 341 427 944 249 306 945 341 427 946 342 428 947 250 307 948 342 428 949 343 429 950 251 308 951 343 429 952 344 430 953 252 309 954 344 430 955 345 431 956 253 310 957 345 431 958 329 414 959 111 169 960 346 432 961 110 167 962 114 171 963 347 433 964 111 169 965 116 173 966 348 434 967 114 171 968 118 175 969 349 435 970 116 173 971 120 177 972 350 436 973 118 175 974 122 179 975 351 437 976 120 177 977 124 181 978 352 438 979 122 179 980 126 183 981 353 439 982 124 181 983 128 185 984 354 440 985 126 183 986 130 187 987 355 441 988 128 185 989 132 189 990 356 442 991 130 187 992 134 191 993 357 443 994 132 189 995 136 193 996 358 444 997 134 191 998 138 195 999 359 445 1000 136 193 1001 140 197 1002 360 446 1003 138 195 1004 142 199 1005 361 447 1006 140 197 1007 144 201 1008 362 448 1009 142 199 1010 110 167 1011 363 449 1012 144 201 1013 365 450 1014 364 451 1015 346 432 1016 366 452 1017 365 450 1018 347 433 1019 367 453 1020 366 452 1021 348 434 1022 368 454 1023 367 453 1024 349 435 1025 369 455 1026 368 454 1027 350 436 1028 370 456 1029 369 455 1030 351 437 1031 371 457 1032 370 456 1033 352 438 1034 372 458 1035 371 457 1036 353 439 1037 373 459 1038 372 458 1039 354 440 1040 374 460 1041 373 459 1042 355 441 1043 375 461 1044 374 460 1045 356 442 1046 376 462 1047 375 461 1048 357 443 1049 377 463 1050 376 462 1051 358 444 1052 378 464 1053 377 463 1054 359 445 1055 379 465 1056 378 464 1057 360 446 1058 380 466 1059 379 465 1060 361 447 1061 381 467 1062 380 466 1063 362 448 1064 364 451 1065 381 467 1066 363 449 1067 385 468 1068 384 469 1069 383 470 1070 387 471 1071 385 468 1072 382 472 1073 389 473 1074 387 471 1075 386 474 1076 391 475 1077 389 473 1078 388 476 1079 393 477 1080 391 475 1081 390 478 1082 395 479 1083 393 477 1084 392 480 1085 397 481 1086 395 479 1087 394 482 1088 399 483 1089 397 481 1090 396 484 1091 401 485 1092 399 483 1093 398 486 1094 403 487 1095 401 485 1096 400 488 1097 405 489 1098 403 487 1099 402 490 1100 407 491 1101 405 489 1102 404 492 1103 409 493 1104 407 491 1105 406 494 1106 411 495 1107 409 493 1108 408 496 1109 413 497 1110 411 495 1111 410 498 1112 415 499 1113 413 497 1114 412 500 1115 417 501 1116 415 499 1117 414 502 1118 384 469 1119 417 501 1120 416 503 1121 365 450 1122 382 504 1123 383 505 1124 366 452 1125 386 506 1126 382 504 1127 367 453 1128 388 507 1129 386 506 1130 368 454 1131 390 508 1132 388 507 1133 369 455 1134 392 509 1135 390 508 1136 370 456 1137 394 510 1138 392 509 1139 371 457 1140 396 511 1141 394 510 1142 372 458 1143 398 512 1144 396 511 1145 373 459 1146 400 513 1147 398 512 1148 374 460 1149 402 514 1150 400 513 1151 375 461 1152 404 515 1153 402 514 1154 376 462 1155 406 516 1156 404 515 1157 377 463 1158 408 517 1159 406 516 1160 378 464 1161 410 518 1162 408 517 1163 379 465 1164 412 519 1165 410 518 1166 380 466 1167 414 520 1168 412 519 1169 381 467 1170 416 521 1171 414 520 1172 364 451 1173 383 505 1174 416 521 1175 385 522 1176 419 523 1177 418 524 1178 387 525 1179 420 526 1180 419 523 1181 389 527 1182 421 528 1183 420 526 1184 391 529 1185 422 530 1186 421 528 1187 393 525 1188 423 531 1189 422 530 1190 395 525 1191 424 532 1192 423 531 1193 397 525 1194 425 533 1195 424 532 1196 399 534 1197 426 535 1198 425 533 1199 401 536 1200 427 537 1201 426 535 1202 403 538 1203 428 539 1204 427 537 1205 405 540 1206 429 541 1207 428 539 1208 407 542 1209 430 543 1210 429 541 1211 409 544 1212 431 545 1213 430 543 1214 411 546 1215 432 547 1216 431 545 1217 413 525 1218 433 548 1219 432 547 1220 415 549 1221 434 550 1222 433 548 1223 417 551 1224 435 552 1225 434 550 1226 384 553 1227 418 524 1228 435 552 1229 419 523 1230 436 554 1231 418 524 1232 420 526 1233 437 555 1234 419 523 1235 421 528 1236 438 556 1237 420 526 1238 422 530 1239 439 557 1240 421 528 1241 423 531 1242 440 558 1243 422 530 1244 424 532 1245 441 559 1246 423 531 1247 425 533 1248 442 560 1249 424 532 1250 426 535 1251 443 561 1252 425 533 1253 427 537 1254 444 562 1255 426 535 1256 428 539 1257 445 563 1258 427 537 1259 429 541 1260 446 564 1261 428 539 1262 430 543 1263 447 565 1264 429 541 1265 431 545 1266 448 566 1267 430 543 1268 432 547 1269 449 567 1270 431 545 1271 433 548 1272 450 568 1273 432 547 1274 434 550 1275 451 569 1276 433 548 1277 435 552 1278 452 570 1279 434 550 1280 418 524 1281 453 571 1282 435 552 1283 110 167 1284 113 202 1285 112 168 1286 111 169 1287 112 168 1288 115 170 1289 114 171 1290 115 170 1291 117 172 1292 116 173 1293 117 172 1294 119 174 1295 118 175 1296 119 174 1297 121 176 1298 120 177 1299 121 176 1300 123 178 1301 122 179 1302 123 178 1303 125 180 1304 124 181 1305 125 180 1306 127 182 1307 126 183 1308 127 182 1309 129 184 1310 128 185 1311 129 184 1312 131 186 1313 130 187 1314 131 186 1315 133 188 1316 132 189 1317 133 188 1318 135 190 1319 134 191 1320 135 190 1321 137 192 1322 136 193 1323 137 192 1324 139 194 1325 138 195 1326 139 194 1327 141 196 1328 140 197 1329 141 196 1330 143 198 1331 142 199 1332 143 198 1333 145 200 1334 144 201 1335 145 200 1336 113 202 1337 113 202 1338 147 220 1339 146 203 1340 112 168 1341 146 203 1342 148 204 1343 115 170 1344 148 204 1345 149 205 1346 117 172 1347 149 205 1348 150 206 1349 119 174 1350 150 206 1351 151 207 1352 121 176 1353 151 207 1354 152 208 1355 123 178 1356 152 208 1357 153 209 1358 125 180 1359 153 209 1360 154 210 1361 127 182 1362 154 210 1363 155 211 1364 129 184 1365 155 211 1366 156 212 1367 131 186 1368 156 212 1369 157 213 1370 133 188 1371 157 213 1372 158 214 1373 135 190 1374 158 214 1375 159 215 1376 137 192 1377 159 215 1378 160 216 1379 139 194 1380 160 216 1381 161 217 1382 141 196 1383 161 217 1384 162 218 1385 143 198 1386 162 218 1387 163 219 1388 145 200 1389 163 219 1390 147 220 1391 147 220 1392 165 238 1393 164 221 1394 146 203 1395 164 221 1396 166 222 1397 148 204 1398 166 222 1399 167 223 1400 149 205 1401 167 223 1402 168 224 1403 150 206 1404 168 224 1405 169 225 1406 151 207 1407 169 225 1408 170 226 1409 152 208 1410 170 226 1411 171 227 1412 153 209 1413 171 227 1414 172 228 1415 154 210 1416 172 228 1417 173 229 1418 155 211 1419 173 229 1420 174 230 1421 156 212 1422 174 230 1423 175 231 1424 157 213 1425 175 231 1426 176 232 1427 158 214 1428 176 232 1429 177 233 1430 159 215 1431 177 233 1432 178 234 1433 160 216 1434 178 234 1435 179 235 1436 161 217 1437 179 235 1438 180 236 1439 162 218 1440 180 236 1441 181 237 1442 163 219 1443 181 237 1444 165 238 1445 165 238 1446 183 256 1447 182 239 1448 164 221 1449 182 239 1450 184 240 1451 166 222 1452 184 240 1453 185 241 1454 167 223 1455 185 241 1456 186 242 1457 168 224 1458 186 242 1459 187 243 1460 169 225 1461 187 243 1462 188 244 1463 170 226 1464 188 244 1465 189 245 1466 171 227 1467 189 245 1468 190 246 1469 172 228 1470 190 246 1471 191 247 1472 173 229 1473 191 247 1474 192 248 1475 174 230 1476 192 248 1477 193 249 1478 175 231 1479 193 249 1480 194 250 1481 176 232 1482 194 250 1483 195 251 1484 177 233 1485 195 251 1486 196 252 1487 178 234 1488 196 252 1489 197 253 1490 179 235 1491 197 253 1492 198 254 1493 180 236 1494 198 254 1495 199 255 1496 181 237 1497 199 255 1498 183 256 1499 183 256 1500 201 274 1501 200 257 1502 182 239 1503 200 257 1504 202 258 1505 184 240 1506 202 258 1507 203 259 1508 185 241 1509 203 259 1510 204 260 1511 186 242 1512 204 260 1513 205 261 1514 187 243 1515 205 261 1516 206 262 1517 188 244 1518 206 262 1519 207 263 1520 189 245 1521 207 263 1522 208 264 1523 190 246 1524 208 264 1525 209 265 1526 191 247 1527 209 265 1528 210 266 1529 192 248 1530 210 266 1531 211 267 1532 193 249 1533 211 267 1534 212 268 1535 194 250 1536 212 268 1537 213 269 1538 195 251 1539 213 269 1540 214 270 1541 196 252 1542 214 270 1543 215 271 1544 197 253 1545 215 271 1546 216 272 1547 198 254 1548 216 272 1549 217 273 1550 199 255 1551 217 273 1552 201 274 1553 201 274 1554 219 292 1555 218 275 1556 200 257 1557 218 275 1558 220 276 1559 202 258 1560 220 276 1561 221 277 1562 203 259 1563 221 277 1564 222 278 1565 204 260 1566 222 278 1567 223 279 1568 205 261 1569 223 279 1570 224 280 1571 206 262 1572 224 280 1573 225 281 1574 207 263 1575 225 281 1576 226 282 1577 208 264 1578 226 282 1579 227 283 1580 209 265 1581 227 283 1582 228 284 1583 210 266 1584 228 284 1585 229 285 1586 211 267 1587 229 285 1588 230 286 1589 212 268 1590 230 286 1591 231 287 1592 213 269 1593 231 287 1594 232 288 1595 214 270 1596 232 288 1597 233 289 1598 215 271 1599 233 289 1600 234 290 1601 216 272 1602 234 290 1603 235 291 1604 217 273 1605 235 291 1606 219 292 1607 218 275 1608 219 292 1609 237 293 1610 220 276 1611 218 275 1612 236 294 1613 221 277 1614 220 276 1615 238 295 1616 222 278 1617 221 277 1618 239 296 1619 223 279 1620 222 278 1621 240 297 1622 224 280 1623 223 279 1624 241 298 1625 225 281 1626 224 280 1627 242 299 1628 226 282 1629 225 281 1630 243 300 1631 227 283 1632 226 282 1633 244 301 1634 228 284 1635 227 283 1636 245 302 1637 229 285 1638 228 284 1639 246 303 1640 230 286 1641 229 285 1642 247 304 1643 231 287 1644 230 286 1645 248 305 1646 232 288 1647 231 287 1648 249 306 1649 233 289 1650 232 288 1651 250 307 1652 234 290 1653 233 289 1654 251 308 1655 235 291 1656 234 290 1657 252 309 1658 219 292 1659 235 291 1660 253 310 1661 254 311 1662 257 346 1663 256 312 1664 255 313 1665 256 312 1666 259 314 1667 258 315 1668 259 314 1669 261 316 1670 260 317 1671 261 316 1672 263 318 1673 262 319 1674 263 318 1675 265 320 1676 264 321 1677 265 320 1678 267 322 1679 266 323 1680 267 322 1681 269 324 1682 268 325 1683 269 324 1684 271 326 1685 270 327 1686 271 326 1687 273 328 1688 272 329 1689 273 328 1690 275 330 1691 274 331 1692 275 330 1693 277 332 1694 276 333 1695 277 332 1696 279 334 1697 278 335 1698 279 334 1699 281 336 1700 280 337 1701 281 336 1702 283 338 1703 282 339 1704 283 338 1705 285 340 1706 284 341 1707 285 340 1708 287 342 1709 286 343 1710 287 342 1711 289 344 1712 288 345 1713 289 344 1714 257 346 1715 257 346 1716 291 364 1717 290 347 1718 256 312 1719 290 347 1720 292 348 1721 259 314 1722 292 348 1723 293 349 1724 261 316 1725 293 349 1726 294 350 1727 263 318 1728 294 350 1729 295 351 1730 265 320 1731 295 351 1732 296 352 1733 267 322 1734 296 352 1735 297 353 1736 269 324 1737 297 353 1738 298 354 1739 271 326 1740 298 354 1741 299 355 1742 273 328 1743 299 355 1744 300 356 1745 275 330 1746 300 356 1747 301 357 1748 277 332 1749 301 357 1750 302 358 1751 279 334 1752 302 358 1753 303 359 1754 281 336 1755 303 359 1756 304 360 1757 283 338 1758 304 360 1759 305 361 1760 285 340 1761 305 361 1762 306 362 1763 287 342 1764 306 362 1765 307 363 1766 289 344 1767 307 363 1768 291 364 1769 293 349 1770 308 572 1771 309 365 1772 294 350 1773 309 365 1774 310 573 1775 302 358 1776 311 366 1777 312 367 1778 322 44 1779 321 574 1780 317 44 1781 325 371 1782 324 372 1783 313 369 1784 315 44 1785 313 369 1786 324 372 1787 309 375 1788 326 374 1789 327 376 1790 255 380 1791 328 381 1792 329 378 1793 258 382 1794 330 383 1795 328 381 1796 260 384 1797 331 385 1798 330 383 1799 262 386 1800 332 387 1801 331 385 1802 264 388 1803 333 389 1804 332 387 1805 266 390 1806 334 391 1807 333 389 1808 268 392 1809 335 393 1810 334 391 1811 270 394 1812 336 395 1813 335 393 1814 272 396 1815 337 397 1816 336 395 1817 274 398 1818 338 399 1819 337 397 1820 276 400 1821 339 401 1822 338 399 1823 278 402 1824 340 403 1825 339 401 1826 280 404 1827 341 405 1828 340 403 1829 282 406 1830 342 407 1831 341 405 1832 284 408 1833 343 409 1834 342 407 1835 286 410 1836 344 411 1837 343 409 1838 288 412 1839 345 413 1840 344 411 1841 254 379 1842 329 378 1843 345 413 1844 328 415 1845 236 294 1846 237 293 1847 330 416 1848 238 295 1849 236 294 1850 331 417 1851 239 296 1852 238 295 1853 332 418 1854 240 297 1855 239 296 1856 333 419 1857 241 298 1858 240 297 1859 334 420 1860 242 299 1861 241 298 1862 335 421 1863 243 300 1864 242 299 1865 336 422 1866 244 301 1867 243 300 1868 337 423 1869 245 302 1870 244 301 1871 338 424 1872 246 303 1873 245 302 1874 339 425 1875 247 304 1876 246 303 1877 340 426 1878 248 305 1879 247 304 1880 341 427 1881 249 306 1882 248 305 1883 342 428 1884 250 307 1885 249 306 1886 343 429 1887 251 308 1888 250 307 1889 344 430 1890 252 309 1891 251 308 1892 345 431 1893 253 310 1894 252 309 1895 329 414 1896 237 293 1897 253 310 1898 111 169 1899 347 433 1900 346 432 1901 114 171 1902 348 434 1903 347 433 1904 116 173 1905 349 435 1906 348 434 1907 118 175 1908 350 436 1909 349 435 1910 120 177 1911 351 437 1912 350 436 1913 122 179 1914 352 438 1915 351 437 1916 124 181 1917 353 439 1918 352 438 1919 126 183 1920 354 440 1921 353 439 1922 128 185 1923 355 441 1924 354 440 1925 130 187 1926 356 442 1927 355 441 1928 132 189 1929 357 443 1930 356 442 1931 134 191 1932 358 444 1933 357 443 1934 136 193 1935 359 445 1936 358 444 1937 138 195 1938 360 446 1939 359 445 1940 140 197 1941 361 447 1942 360 446 1943 142 199 1944 362 448 1945 361 447 1946 144 201 1947 363 449 1948 362 448 1949 110 167 1950 346 432 1951 363 449 1952 346 432 1953 347 433 1954 365 450 1955 347 433 1956 348 434 1957 366 452 1958 348 434 1959 349 435 1960 367 453 1961 349 435 1962 350 436 1963 368 454 1964 350 436 1965 351 437 1966 369 455 1967 351 437 1968 352 438 1969 370 456 1970 352 438 1971 353 439 1972 371 457 1973 353 439 1974 354 440 1975 372 458 1976 354 440 1977 355 441 1978 373 459 1979 355 441 1980 356 442 1981 374 460 1982 356 442 1983 357 443 1984 375 461 1985 357 443 1986 358 444 1987 376 462 1988 358 444 1989 359 445 1990 377 463 1991 359 445 1992 360 446 1993 378 464 1994 360 446 1995 361 447 1996 379 465 1997 361 447 1998 362 448 1999 380 466 2000 362 448 2001 363 449 2002 381 467 2003 363 449 2004 346 432 2005 364 451 2006 383 470 2007 382 472 2008 385 468 2009 382 472 2010 386 474 2011 387 471 2012 386 474 2013 388 476 2014 389 473 2015 388 476 2016 390 478 2017 391 475 2018 390 478 2019 392 480 2020 393 477 2021 392 480 2022 394 482 2023 395 479 2024 394 482 2025 396 484 2026 397 481 2027 396 484 2028 398 486 2029 399 483 2030 398 486 2031 400 488 2032 401 485 2033 400 488 2034 402 490 2035 403 487 2036 402 490 2037 404 492 2038 405 489 2039 404 492 2040 406 494 2041 407 491 2042 406 494 2043 408 496 2044 409 493 2045 408 496 2046 410 498 2047 411 495 2048 410 498 2049 412 500 2050 413 497 2051 412 500 2052 414 502 2053 415 499 2054 414 502 2055 416 503 2056 417 501 2057 416 503 2058 383 470 2059 384 469 2060 383 505 2061 364 451 2062 365 450 2063 382 504 2064 365 450 2065 366 452 2066 386 506 2067 366 452 2068 367 453 2069 388 507 2070 367 453 2071 368 454 2072 390 508 2073 368 454 2074 369 455 2075 392 509 2076 369 455 2077 370 456 2078 394 510 2079 370 456 2080 371 457 2081 396 511 2082 371 457 2083 372 458 2084 398 512 2085 372 458 2086 373 459 2087 400 513 2088 373 459 2089 374 460 2090 402 514 2091 374 460 2092 375 461 2093 404 515 2094 375 461 2095 376 462 2096 406 516 2097 376 462 2098 377 463 2099 408 517 2100 377 463 2101 378 464 2102 410 518 2103 378 464 2104 379 465 2105 412 519 2106 379 465 2107 380 466 2108 414 520 2109 380 466 2110 381 467 2111 416 521 2112 381 467 2113 364 451 2114 418 524 2115 384 553 2116 385 522 2117 419 523 2118 385 522 2119 387 525 2120 420 526 2121 387 525 2122 389 527 2123 421 528 2124 389 527 2125 391 529 2126 422 530 2127 391 529 2128 393 525 2129 423 531 2130 393 525 2131 395 525 2132 424 532 2133 395 525 2134 397 525 2135 425 533 2136 397 525 2137 399 534 2138 426 535 2139 399 534 2140 401 536 2141 427 537 2142 401 536 2143 403 538 2144 428 539 2145 403 538 2146 405 540 2147 429 541 2148 405 540 2149 407 542 2150 430 543 2151 407 542 2152 409 544 2153 431 545 2154 409 544 2155 411 546 2156 432 547 2157 411 546 2158 413 525 2159 433 548 2160 413 525 2161 415 549 2162 434 550 2163 415 549 2164 417 551 2165 435 552 2166 417 551 2167 384 553 2168 419 523 2169 437 555 2170 436 554 2171 420 526 2172 438 556 2173 437 555 2174 421 528 2175 439 557 2176 438 556 2177 422 530 2178 440 558 2179 439 557 2180 423 531 2181 441 559 2182 440 558 2183 424 532 2184 442 560 2185 441 559 2186 425 533 2187 443 561 2188 442 560 2189 426 535 2190 444 562 2191 443 561 2192 427 537 2193 445 563 2194 444 562 2195 428 539 2196 446 564 2197 445 563 2198 429 541 2199 447 565 2200 446 564 2201 430 543 2202 448 566 2203 447 565 2204 431 545 2205 449 567 2206 448 566 2207 432 547 2208 450 568 2209 449 567 2210 433 548 2211 451 569 2212 450 568 2213 434 550 2214 452 570 2215 451 569 2216 435 552 2217 453 571 2218 452 570 2219 418 524 2220 436 554 2221 453 571 2222</p>
        </triangles>
      </mesh>
    </geometry>
  </library_geometries>
  <library_visual_scenes>
    <visual_scene id="Scene" name="Scene">
      <node id="Rines" name="Rines" type="NODE">
        <matrix sid="transform">-1 3.25841e-7 -2.46003e-14 -0.001412654 0 7.54979e-8 1 0.0183645 3.25841e-7 1 -7.54979e-8 0.008475923 0 0 0 1</matrix>
        <instance_geometry url="#Coche_001-mesh" name="Rines">
          <bind_material>
            <technique_common>
              <instance_material symbol="Material_001-material" target="#Material_001-material">
                <bind_vertex_input semantic="UVMap" input_semantic="TEXCOORD" input_set="0"/>
              </instance_material>
            </technique_common>
          </bind_material>
        </instance_geometry>
      </node>
      <node id="Caucho" name="Caucho" type="NODE">
        <matrix sid="transform">-1 3.25841e-7 -2.46003e-14 -0.001412654 0 7.54979e-8 1 0.0183645 3.25841e-7 1 -7.54979e-8 0.008475923 0 0 0 1</matrix>
        <instance_geometry url="#Coche-mesh" name="Caucho">
          <bind_material>
            <technique_common>
              <instance_material symbol="Material_003-material" target="#Material_003-material">
                <bind_vertex_input semantic="UVMap" input_semantic="TEXCOORD" input_set="0"/>
              </instance_material>
              <instance_material symbol="Material_002-material" target="#Material_002-material">
                <bind_vertex_input semantic="UVMap" input_semantic="TEXCOORD" input_set="0"/>
              </instance_material>
            </technique_common>
          </bind_material>
        </instance_geometry>
      </node>
    </visual_scene>
  </library_visual_scenes>
  <scene>
    <instance_visual_scene url="#Scene"/>
  </scene>
</COLLADA>