# Blender 4.5.3 LTS
# www.blender.org
mtllib lampara.mtl
g Plane.001_Mesh
v -1.227740 3.566838 0.805423
v -1.280372 3.519193 0.824787
v -1.323073 3.544232 0.770336
v -1.270441 3.591877 0.750972
v -1.482974 4.021294 -0.778560
v -1.477610 4.094349 -0.771531
v -1.505734 4.029651 -0.848039
v -1.500369 4.102705 -0.841010
v 2.093816 2.934438 -1.477099
v 2.088665 2.942795 -1.550029
v 2.092156 3.015849 -1.541905
v 2.097307 3.007493 -1.468975
v 2.015943 4.428893 -0.430120
v 1.990681 4.428943 -0.499236
v 1.973182 4.500128 -0.492788
v 1.998444 4.500078 -0.423672
v -0.178091 4.404816 1.510083
v -0.155541 4.467663 1.479149
v -0.229983 4.397975 1.458357
v -0.207433 4.460823 1.427423
v 0.500000 -0.000000 0.500000
v -0.500000 0.000000 -0.500000
v -0.500000 -0.000000 0.500000
v 0.522165 0.157377 -0.446179
v 0.500000 0.000000 -0.308358
v 0.235484 0.000000 -0.500000
v 0.900331 0.106483 -0.710761
v 0.978445 -0.242495 -1.220304
v 1.080578 -0.475080 -1.190754
v -0.096770 -0.000000 0.500000
v -0.264364 0.000000 -0.500000
v 0.500000 -0.000000 0.298293
v -0.500000 -0.000000 0.166667
v -0.500000 0.000000 -0.166667
v -1.189078 -0.274111 -0.126575
v -1.189078 -0.274111 -0.292482
v -0.845689 -0.005453 -0.165327
v -0.682395 -0.002395 -0.121279
v 0.500000 -0.000000 0.500000
v -0.500000 0.000000 -0.500000
v -0.500000 -0.000000 0.500000
v 0.500000 0.000000 -0.308358
v 0.521775 0.158192 -0.261639
v 0.235484 0.000000 -0.500000
v 0.267542 0.158227 -0.446740
v -0.096770 -0.000000 0.500000
v -0.053727 0.163890 0.514929
v -0.264364 0.000000 -0.500000
v -0.213612 0.159832 -0.447802
v 0.500000 -0.000000 0.298293
v 0.520542 0.160770 0.322529
v -0.500000 -0.000000 0.166667
v -0.500000 0.000000 -0.166667
v -0.441129 0.163810 0.119867
v -0.440782 0.162199 -0.127638
v 0.610840 3.744570 0.914820
v 0.603115 3.757107 0.935144
v 0.596730 3.736358 0.922690
v 0.610068 3.748328 0.922047
v 0.607298 3.739470 0.918402
v 0.606768 3.742124 0.926626
v 0.602083 3.748701 0.934112
v 0.607247 3.752906 0.929467
v 0.605397 3.744452 0.930327
v 0.602175 3.736513 0.921246
v 0.599770 3.741177 0.929602
v 0.604132 3.740426 0.928132
v 0.432115 3.722569 0.742371
v 0.444375 3.716275 0.770823
v 0.429171 3.734178 0.761756
v 0.435808 3.720071 0.755370
v 0.433621 3.725726 0.749229
v 0.435022 3.720676 0.758156
v 0.436794 3.719720 0.767196
v 0.440322 3.717765 0.765760
v 0.437240 3.719369 0.763551
v 0.432550 3.729950 0.756282
v 0.431289 3.726214 0.763910
v 0.433562 3.722189 0.760039
v 0.931692 4.051073 -0.189204
v 0.910776 4.037112 -0.182297
v 0.910676 4.062360 -0.196891
v 0.924342 4.047844 -0.186751
v 0.924895 4.052176 -0.194237
v 0.918751 4.049191 -0.193200
v 0.911685 4.044086 -0.189805
v 0.916696 4.042741 -0.184226
v 0.915097 4.046831 -0.192018
v 0.917277 4.056264 -0.197028
v 0.911646 4.053282 -0.195111
v 0.914927 4.051539 -0.194874
v 1.006455 4.050926 0.015345
v 0.995528 4.061496 0.034724
v 0.984315 4.039193 0.025090
v 1.004423 4.051893 0.023618
v 0.999061 4.048024 0.018572
v 0.998902 4.049183 0.026948
v 0.994190 4.052694 0.033266
v 1.000462 4.055725 0.030644
v 0.997094 4.051312 0.030651
v 0.990961 4.043732 0.022137
v 0.990115 4.044584 0.029764
v 0.995087 4.047174 0.028635
v 0.943774 4.272025 0.053792
v 0.935428 4.286074 0.041671
v 0.941393 4.279046 0.052633
v 0.938338 4.284188 0.048197
v 0.916406 2.901308 -1.301520
v 0.924349 2.886547 -1.327772
v 0.939715 2.898648 -1.312370
v 0.920369 2.893544 -1.309039
v 0.923148 2.900656 -1.306414
v 0.924448 2.891850 -1.311395
v 0.929400 2.887662 -1.320596
v 0.923255 2.888184 -1.318611
v 0.925830 2.888905 -1.316336
v 0.931666 2.899685 -1.310379
v 0.934970 2.892051 -1.315015
v 0.928504 2.891432 -1.313189
v 0.026055 1.855599 -0.453155
v 0.034428 1.842541 -0.440902
v 0.030342 1.848945 -0.452100
v 0.033407 1.844165 -0.447615
v 0.024279 1.855260 0.071575
v 0.016168 1.869771 0.085718
v 0.023092 1.857330 0.078549
v 0.020123 1.862641 0.083725
v 0.673536 3.184508 -0.255271
v 0.684204 3.173897 -0.244174
v 0.681176 3.155573 -0.261649
v 0.671706 3.174786 -0.273053
v 0.679245 3.182333 -0.253718
v 0.672456 3.178713 -0.259421
v 0.680944 3.174128 -0.258522
v 0.684553 3.167711 -0.249823
v 0.683107 3.178510 -0.249724
v 0.683933 3.170704 -0.255714
v 0.681491 3.163558 -0.265564
v 0.683445 3.161012 -0.256211
v 0.683228 3.166403 -0.260324
v 0.671793 3.175195 -0.265856
v 0.678058 3.170504 -0.269688
v 0.680380 3.170832 -0.263135
v 0.253345 3.264044 -0.256452
v 0.232948 3.247896 -0.245555
v 0.239346 3.265753 -0.226347
v 0.254774 3.269768 -0.238689
v 0.245761 3.260994 -0.251778
v 0.253189 3.262688 -0.249691
v 0.244656 3.261078 -0.246626
v 0.236069 3.253191 -0.239622
v 0.238325 3.255106 -0.247806
v 0.239604 3.257725 -0.243803
v 0.241919 3.268127 -0.232490
v 0.238410 3.259722 -0.232598
v 0.240964 3.261560 -0.238966
v 0.253703 3.264748 -0.243297
v 0.247484 3.269578 -0.236950
v 0.245392 3.263472 -0.241999
v 0.412382 3.848139 0.302317
v 0.429120 3.853030 0.280529
v 0.390080 3.835486 0.282632
v 0.416153 3.847077 0.293596
v 0.405856 3.846369 0.297138
v 0.407163 3.847072 0.293031
v 0.416455 3.850566 0.283737
v 0.422234 3.848854 0.285681
v 0.410462 3.848139 0.288528
v 0.397694 3.841757 0.289940
v 0.402215 3.844179 0.284513
v 0.403092 3.844944 0.289255
v 0.649698 3.772976 0.205779
v 0.654855 3.751656 0.178492
v 0.656899 3.780640 0.187759
v 0.653815 3.767902 0.197337
v 0.650441 3.772766 0.198267
v 0.655491 3.768152 0.192394
v 0.656592 3.760615 0.182924
v 0.655707 3.760126 0.187378
v 0.656408 3.763998 0.187295
v 0.653040 3.775531 0.191764
v 0.657337 3.771208 0.186308
v 0.656709 3.769394 0.188789
v 0.546630 3.421666 0.146050
v 0.560376 3.442519 0.128722
v 0.548359 3.440482 0.158466
v 0.552498 3.428492 0.141998
v 0.546698 3.429206 0.147719
v 0.553496 3.431973 0.143524
v 0.557853 3.439991 0.139881
v 0.557519 3.436109 0.135668
v 0.556137 3.435982 0.140499
v 0.547326 3.436044 0.152231
v 0.553456 3.439259 0.150734
v 0.553836 3.435420 0.146126
v 0.250955 3.780222 0.010698
v 0.260628 3.806815 0.019949
v 0.268516 3.799838 0.003531
v 0.252608 3.789224 0.013799
v 0.254482 3.787231 0.006506
v 0.255500 3.796776 0.009483
v 0.261164 3.806409 0.012674
v 0.256145 3.798946 0.017181
v 0.257108 3.801651 0.011288
v 0.260874 3.794376 0.003893
v 0.264014 3.803888 0.006755
v 0.258588 3.800384 0.008133
v 0.190806 3.507603 0.278862
v 0.188776 3.518987 0.270490
v 0.183162 3.499442 0.255615
v 0.193007 3.487310 0.263011
v 0.188598 3.509531 0.278528
v 0.191139 3.502573 0.271962
v 0.185506 3.504476 0.271237
v 0.185199 3.513354 0.265872
v 0.187792 3.513675 0.275521
v 0.183944 3.507638 0.269156
v 0.183421 3.494979 0.260907
v 0.183148 3.506218 0.260441
v 0.183074 3.502699 0.265131
v 0.191941 3.495174 0.266181
v 0.186917 3.490669 0.263535
v 0.185359 3.499555 0.267023
v 0.610122 3.679553 -0.085723
v 0.622154 3.672483 -0.074991
v 0.616259 3.677013 -0.085467
v 0.620663 3.674425 -0.081539
v 0.059462 3.290057 -0.780621
v 0.051832 3.310257 -0.798375
v 0.061315 3.281638 -0.801908
v 0.058095 3.295785 -0.787482
v 0.056854 3.287364 -0.787613
v 0.055150 3.290569 -0.791459
v 0.052083 3.299479 -0.797879
v 0.055307 3.303166 -0.793969
v 0.053778 3.293993 -0.794462
v 0.057524 3.284310 -0.795334
v 0.055540 3.289074 -0.799169
v 0.055480 3.288709 -0.795399
v 0.181267 3.283745 -1.110660
v 0.201956 3.268803 -1.114589
v 0.180117 3.261626 -1.093821
v 0.187978 3.278748 -1.110173
v 0.179848 3.275002 -1.107642
v 0.183428 3.270656 -1.107933
v 0.193070 3.265541 -1.110388
v 0.195535 3.273289 -1.111608
v 0.187190 3.267972 -1.108695
v 0.179430 3.266951 -1.101513
v 0.185116 3.262927 -1.102824
v 0.183074 3.266402 -1.104759
v 0.362440 3.418222 -1.107245
v 0.342241 3.432757 -1.101520
v 0.364828 3.433191 -1.084508
v 0.356275 3.422466 -1.103617
v 0.363179 3.425185 -1.101313
v 0.359916 3.428424 -1.099733
v 0.351056 3.434083 -1.098341
v 0.348899 3.427773 -1.101526
v 0.356392 3.430985 -1.098791
v 0.364049 3.430641 -1.093022
v 0.359281 3.434241 -1.092147
v 0.360511 3.431229 -1.095429
v 0.231229 3.541158 -0.771049
v 0.248577 3.552882 -0.792596
v 0.222229 3.558077 -0.788315
v 0.236574 3.547940 -0.775847
v 0.229642 3.545709 -0.777999
v 0.235864 3.552949 -0.781206
v 0.241428 3.556328 -0.788951
v 0.242880 3.552208 -0.783675
v 0.239458 3.555134 -0.785154
v 0.226357 3.551883 -0.784300
v 0.231844 3.558224 -0.787386
v 0.234398 3.555991 -0.784459
v 0.219968 3.001431 0.196767
v 0.206263 3.026742 0.187991
v 0.200164 3.000534 0.183426
v 0.213055 3.009012 0.196496
v 0.211993 3.002008 0.195374
v 0.209909 3.006239 0.195036
v 0.205651 3.018022 0.186454
v 0.208073 3.018214 0.193305
v 0.207147 3.010797 0.193171
v 0.204811 3.001685 0.190543
v 0.203420 3.008440 0.184785
v 0.206216 3.006180 0.192375
v -0.239051 2.331195 0.094435
v -0.247596 2.344357 0.080108
v -0.242894 2.337837 0.092607
v -0.246021 2.342654 0.087363
v 0.632007 2.924556 0.127680
v 0.618490 2.903074 0.142873
v 0.627817 2.895266 0.126943
v 0.629455 2.917927 0.134467
v 0.632164 2.914833 0.127503
v 0.630163 2.907453 0.135336
v 0.623720 2.899160 0.139782
v 0.624524 2.910091 0.140008
v 0.627802 2.903640 0.138331
v 0.630630 2.904125 0.127233
v 0.627088 2.896341 0.134029
v 0.629571 2.902164 0.135231
v 0.493172 2.768502 -0.288040
v 0.467316 2.752035 -0.304625
v 0.471800 2.770932 -0.314858
v 0.486895 2.762788 -0.295661
v 0.487857 2.766994 -0.298008
v 0.484839 2.763655 -0.299960
v 0.469060 2.759315 -0.305410
v 0.477465 2.756781 -0.301712
v 0.479857 2.760563 -0.303050
v 0.480062 2.767881 -0.307789
v 0.470689 2.766179 -0.309127
v 0.480701 2.764154 -0.305007
v 0.021130 2.849297 -0.297542
v 0.018928 2.868988 -0.280432
v 0.028324 2.870538 -0.305636
v 0.018305 2.857244 -0.294173
v 0.023620 2.856816 -0.297915
v 0.018908 2.861306 -0.295226
v 0.018729 2.868265 -0.289774
v 0.017507 2.864393 -0.287959
v 0.018282 2.864965 -0.291929
v 0.026242 2.864557 -0.300865
v 0.022139 2.868828 -0.298919
v 0.020144 2.865022 -0.296690
v -0.284757 2.339166 -0.381436
v -0.277524 2.326059 -0.396938
v -0.284199 2.337353 -0.388621
v -0.281552 2.332555 -0.394295
v 0.426470 3.023773 -0.781532
v 0.405060 3.026721 -0.794029
v 0.433865 3.027368 -0.804646
v 0.420144 3.021948 -0.787035
v 0.426606 3.026143 -0.789398
v 0.420533 3.022140 -0.791387
v 0.413519 3.023694 -0.795540
v 0.412368 3.023019 -0.791574
v 0.416195 3.022570 -0.793512
v 0.429299 3.027452 -0.797815
v 0.424004 3.023905 -0.799392
v 0.421727 3.022739 -0.795311
v 0.588125 3.305021 -0.812839
v 0.594220 3.305151 -0.836773
v 0.581262 3.329163 -0.828005
v 0.588162 3.306110 -0.820920
v 0.589203 3.313624 -0.818149
v 0.590227 3.315233 -0.824240
v 0.591919 3.314292 -0.832298
v 0.590385 3.306158 -0.829648
v 0.591189 3.315369 -0.828441
v 0.586702 3.322404 -0.823665
v 0.587182 3.323041 -0.829110
v 0.588820 3.320040 -0.826849
v -0.411972 3.912425 -1.302769
v -0.409691 3.894439 -1.290011
v -0.433612 3.906313 -1.290426
v -0.437026 3.922291 -1.302683
v -0.412690 3.904382 -1.301655
v -0.419867 3.915704 -1.304330
v -0.421213 3.909113 -1.303724
v -0.416455 3.899875 -1.290214
v -0.411869 3.897905 -1.297061
v -0.420445 3.904567 -1.300144
v -0.435648 3.909246 -1.296914
v -0.425191 3.904212 -1.290365
v -0.426548 3.907415 -1.300251
v -0.429024 3.919310 -1.304299
v -0.436880 3.915010 -1.301336
v -0.427449 3.911746 -1.303780
v -1.392554 3.453403 0.686875
v -1.390479 3.468587 0.671455
v -1.395541 3.457352 0.680646
v -1.394782 3.462910 0.675001
v -1.247346 3.384654 0.853975
v -1.267261 3.379932 0.846645
v -1.254039 3.380378 0.854474
v -1.261328 3.378650 0.851791
v -0.391243 4.140158 -1.267551
v -0.396081 4.123847 -1.283473
v -0.421148 4.138495 -1.281880
v -0.415629 4.151193 -1.266864
v -0.391249 4.136171 -1.274309
v -0.398284 4.145203 -1.267376
v -0.402377 4.145100 -1.277362
v -0.404042 4.128630 -1.284379
v -0.393010 4.130235 -1.280105
v -0.403811 4.140775 -1.281796
v -0.419969 4.145289 -1.279180
v -0.413208 4.133986 -1.283797
v -0.410255 4.144491 -1.281529
v -0.407194 4.149235 -1.267125
v -0.417977 4.149870 -1.273762
v -0.408753 4.148370 -1.277235
v -0.360736 3.894281 -1.069786
v -0.366255 3.881583 -1.084802
v -0.345217 3.868214 -1.085306
v -0.337562 3.883612 -1.066709
v -0.361915 3.887486 -1.072486
v -0.353010 3.891072 -1.070949
v -0.352740 3.884041 -1.074227
v -0.358334 3.879289 -1.085132
v -0.363907 3.882905 -1.077904
v -0.354325 3.880571 -1.078370
v -0.344192 3.872618 -1.078425
v -0.350663 3.874415 -1.085316
v -0.348928 3.877527 -1.078361
v -0.344555 3.887179 -1.069826
v -0.341396 3.878242 -1.071633
v -0.347077 3.881344 -1.073761
v -0.324683 4.114961 -1.062483
v -0.348273 4.126463 -1.061240
v -0.344859 4.110486 -1.048984
v -0.320710 4.096347 -1.048184
v -0.331375 4.120249 -1.062152
v -0.322314 4.111549 -1.054915
v -0.330235 4.118500 -1.055514
v -0.346237 4.123531 -1.054752
v -0.339991 4.124450 -1.061698
v -0.336248 4.121672 -1.055360
v -0.337041 4.106162 -1.050539
v -0.345005 4.117766 -1.050330
v -0.335347 4.116975 -1.052059
v -0.320881 4.104834 -1.049756
v -0.328218 4.100996 -1.050247
v -0.329269 4.113507 -1.051984
v -1.434265 4.193391 -0.927987
v -1.439832 4.180584 -0.943132
v -1.436660 4.192281 -0.935050
v -1.438697 4.187593 -0.940594
v -1.363542 4.152574 -0.710235
v -1.366985 4.168689 -0.722597
v -1.363615 4.160026 -0.711382
v -1.364875 4.165925 -0.715907
v 2.003280 3.100469 -1.613253
v 2.005004 3.113318 -1.597056
v 2.003765 3.107505 -1.610492
v 2.004396 3.112208 -1.604564
v 2.010229 2.856559 -1.392798
v 2.008494 2.843792 -1.409189
v 2.009743 2.849556 -1.395582
v 2.009108 2.844882 -1.401582
v 0.909148 2.911208 -1.543010
v 0.908821 2.927291 -1.555799
v 0.908732 2.913966 -1.549992
v 0.908612 2.919853 -1.554673
v 0.919144 3.143312 -1.531778
v 0.920860 3.156073 -1.515641
v 0.919626 3.150302 -1.529029
v 0.920254 3.154973 -1.523122
v 0.950048 3.114853 -1.288327
v 0.936044 3.131440 -1.300643
v 0.928009 3.119773 -1.276158
v 0.945988 3.122285 -1.289428
v 0.942201 3.116637 -1.286095
v 0.939796 3.124005 -1.287238
v 0.935613 3.128955 -1.292500
v 0.940913 3.128300 -1.293888
v 0.937427 3.127133 -1.289872
v 0.934153 3.118433 -1.281651
v 0.932689 3.124702 -1.283560
v 0.935986 3.124805 -1.285290
v 1.899327 4.337964 -0.558051
v 1.907919 4.323345 -0.545693
v 1.901793 4.330658 -0.556880
v 1.904938 4.325307 -0.552356
v 0.859040 4.272411 -0.177867
v 0.860479 4.286221 -0.163382
v 0.857989 4.279320 -0.175468
v 0.858516 4.284374 -0.170166
v 0.495909 3.920174 0.670208
v 0.519967 3.926940 0.667135
v 0.501019 3.910928 0.649114
v 0.502352 3.924266 0.666429
v 0.499782 3.916792 0.664243
v 0.505432 3.922209 0.661352
v 0.514205 3.924630 0.662964
v 0.511071 3.926723 0.665309
v 0.510404 3.923928 0.662005
v 0.501644 3.913424 0.656558
v 0.507262 3.918798 0.656379
v 0.506808 3.920799 0.658690
v 0.669852 3.943104 0.843595
v 0.678289 3.932807 0.822177
v 0.672323 3.947025 0.819004
v 0.674224 3.939610 0.837573
v 0.673150 3.946760 0.836626
v 0.677193 3.944583 0.831841
v 0.678875 3.939298 0.820556
v 0.677304 3.935850 0.829752
v 0.678725 3.942782 0.827951
v 0.674049 3.948185 0.827714
v 0.676702 3.944393 0.819421
v 0.677702 3.945499 0.827278
v -0.251457 4.273143 1.394954
v -0.257731 4.284169 1.378127
v -0.256227 4.274102 1.388782
v -0.258524 4.278138 1.382623
v -0.175867 4.483809 1.291265
v -0.191070 4.469953 1.286684
v -0.181835 4.481434 1.286733
v -0.187400 4.476363 1.285056
v -0.098873 4.293257 1.547050
v -0.083787 4.307098 1.551515
v -0.092964 4.295623 1.551524
v -0.087442 4.300690 1.553158
v -0.023281 4.503923 1.443363
v -0.017126 4.492883 1.460071
v -0.018569 4.502956 1.449476
v -0.016316 4.498916 1.455591
v 0.948929 4.297419 -0.210704
v 0.950388 4.311288 -0.196119
v 0.947876 4.304357 -0.208290
v 0.948410 4.309434 -0.202951
v 1.009144 4.072672 -0.217465
v 1.000581 4.087304 -0.229734
v 1.006178 4.074637 -0.224084
v 1.003044 4.079992 -0.228575
v 1.019417 3.152189 -1.523060
v 1.017702 3.139413 -1.539185
v 1.018812 3.151086 -1.530535
v 1.018184 3.146410 -1.536437
v 1.007380 2.923416 -1.563204
v 1.007707 2.907320 -1.550402
v 1.007171 2.915972 -1.562077
v 1.007291 2.910081 -1.557391
v -0.441546 3.897659 -1.042909
v -0.447078 3.884934 -1.057956
v -0.442673 3.890695 -1.045431
v -0.444698 3.886038 -1.050938
v -0.429095 4.129816 -1.034395
v -0.425674 4.113804 -1.022112
v -0.426999 4.127069 -1.027748
v -0.425746 4.121208 -1.023252
v 0.374685 3.777827 0.810645
v 0.381014 3.766885 0.827459
v 0.373909 3.771837 0.815124
v 0.376226 3.767832 0.821279
v -0.517836 3.925670 -1.275805
v -0.514415 3.909658 -1.263523
v -0.517764 3.918266 -1.274666
v -0.516512 3.912405 -1.270170
v 1.025279 4.311141 0.008777
v 1.033652 4.297076 0.020959
v 1.028201 4.309253 0.015334
v 1.031266 4.304105 0.019793
v 1.034971 3.111474 -1.294712
v 1.034609 3.127543 -1.307956
v 1.035174 3.118886 -1.295902
v 1.035041 3.124768 -1.300749
v 0.615347 3.986701 0.892510
v 0.609160 3.997662 0.875838
v 0.616141 3.992694 0.888049
v 0.613877 3.996706 0.881947
v 0.533567 3.786994 0.979524
v 0.548629 3.800756 0.984032
v 0.539475 3.789351 0.984005
v 0.544988 3.794388 0.985655
v -0.501963 4.141814 -1.255009
v -0.496432 4.154538 -1.239961
v -0.500836 4.148778 -1.252487
v -0.498811 4.153436 -1.246979
v 1.085399 4.086577 0.001893
v 1.083887 4.072526 -0.012974
v 1.086461 4.079548 -0.000565
v 1.085908 4.074405 -0.006006
v 0.441403 3.963771 0.719122
v 0.456605 3.977551 0.723771
v 0.445063 3.970141 0.717518
v 0.450628 3.975185 0.719220
v 1.024642 2.895329 -1.318748
v 1.022913 2.882652 -1.335106
v 1.024159 2.888372 -1.321524
v 1.023526 2.883732 -1.327512
v -1.090837 3.539639 0.781735
v -1.092912 3.524455 0.797156
v -1.087850 3.535690 0.787965
v -1.088610 3.530132 0.793609
v -1.114388 3.544978 0.814532
v -1.112305 3.560219 0.799054
v -1.110069 3.550676 0.810972
v -1.109307 3.556255 0.805306
v -1.149726 3.558271 0.823004
v -1.147625 3.573648 0.807388
v -1.145369 3.564021 0.819412
v -1.144600 3.569649 0.813696
v -1.193467 3.562383 0.821254
v -1.191354 3.577845 0.805551
v -1.195425 3.570875 0.813746
v -1.189086 3.568165 0.817642
v -1.188312 3.573824 0.811895
v -1.291359 3.487316 0.842346
v -1.271079 3.492125 0.849809
v -1.281725 3.492752 0.845498
v -1.285318 3.486011 0.847585
v -1.277895 3.487771 0.850317
v -1.287791 3.446763 0.858958
v -1.267622 3.451546 0.866381
v -1.281783 3.445465 0.864169
v -1.274400 3.447216 0.866886
v -1.259317 3.413782 0.867854
v -1.279306 3.409042 0.860497
v -1.266034 3.409490 0.868355
v -1.273351 3.407755 0.865662
v -1.352214 3.539702 0.746348
v -1.354327 3.524240 0.762051
v -1.351741 3.533809 0.756216
v -1.356595 3.533921 0.749960
v -1.357369 3.528261 0.755707
v -1.383441 3.502852 0.736988
v -1.381339 3.518230 0.721371
v -1.386466 3.506851 0.730679
v -1.385697 3.512480 0.724963
v -1.396887 3.477991 0.710561
v -1.394805 3.493232 0.695083
v -1.399886 3.481955 0.704308
v -1.399123 3.487533 0.698642
v -1.236045 3.608388 0.614635
v -1.216130 3.613111 0.621965
v -1.229353 3.612664 0.614137
v -1.222063 3.614393 0.616820
v -1.249876 3.624428 0.641760
v -1.229886 3.629168 0.649117
v -1.243158 3.628720 0.641259
v -1.235842 3.630455 0.643952
v -1.263444 3.624954 0.677995
v -1.243274 3.629737 0.685418
v -1.256666 3.629285 0.677490
v -1.249283 3.631035 0.680207
v -1.254321 3.614769 0.725257
v -1.274602 3.609961 0.717793
v -1.265441 3.611933 0.724464
v -1.260363 3.616075 0.720017
v -1.267786 3.614315 0.717285
v -1.379401 3.936615 -0.731013
v -1.384968 3.923809 -0.746158
v -1.380536 3.929607 -0.733552
v -1.382574 3.924919 -0.739095
v -1.473551 3.986105 -0.766731
v -1.467804 3.999327 -0.751095
v -1.472972 3.995071 -0.760061
v -1.471079 3.987252 -0.759439
v -1.468975 3.992091 -0.753716
v -1.443388 3.967421 -0.733194
v -1.449093 3.954295 -0.748715
v -1.444551 3.960238 -0.735796
v -1.446639 3.955434 -0.741477
v -1.412348 3.945362 -0.726146
v -1.417976 3.932415 -0.741456
v -1.413495 3.938277 -0.728712
v -1.415555 3.933538 -0.734316
v -1.400954 4.164217 -0.719154
v -1.397473 4.147926 -0.706657
v -1.398820 4.161423 -0.712390
v -1.397546 4.155459 -0.707816
v -1.434806 4.148849 -0.729997
v -1.431278 4.132334 -0.717327
v -1.432644 4.146016 -0.723140
v -1.431352 4.139971 -0.718503
v -1.459803 4.108277 -0.740613
v -1.463358 4.124915 -0.753375
v -1.464175 4.114859 -0.748536
v -1.459878 4.115972 -0.741797
v -1.461179 4.122061 -0.746468
v -1.452247 3.948510 -0.951548
v -1.455691 3.964625 -0.963910
v -1.454358 3.951274 -0.958238
v -1.455618 3.957173 -0.962763
v -1.511048 4.015205 -0.883111
v -1.507493 3.998567 -0.870349
v -1.510290 4.008773 -0.873986
v -1.510973 4.007511 -0.881927
v -1.509672 4.001421 -0.877256
v -1.500470 3.973159 -0.905558
v -1.503999 3.989674 -0.918227
v -1.502633 3.975992 -0.912414
v -1.503924 3.982037 -0.917052
v -1.481082 3.955585 -0.934106
v -1.484563 3.971876 -0.946603
v -1.483215 3.958380 -0.940870
v -1.484489 3.964343 -0.945444
v -1.469688 4.174439 -0.927114
v -1.464060 4.187386 -0.911804
v -1.468541 4.181525 -0.924548
v -1.466481 4.186264 -0.918944
v -1.491889 4.154587 -0.902360
v -1.486183 4.167713 -0.886839
v -1.490726 4.161770 -0.899759
v -1.488638 4.166574 -0.894078
v -1.497300 4.137377 -0.856993
v -1.503048 4.124154 -0.872629
v -1.501493 4.128560 -0.862461
v -1.499773 4.136230 -0.864285
v -1.501876 4.131391 -0.870009
v 2.088712 2.912989 -1.445780
v 2.086928 2.899797 -1.462609
v 2.089682 2.908583 -1.456020
v 2.088212 2.905757 -1.448642
v 2.087559 2.900928 -1.454802
v 2.068876 2.869462 -1.436380
v 2.070648 2.882556 -1.419662
v 2.069503 2.870584 -1.428625
v 2.070152 2.875377 -1.422505
v 2.041336 2.849792 -1.417584
v 2.043087 2.862704 -1.401061
v 2.041956 2.850897 -1.409917
v 2.042597 2.855623 -1.403870
v 1.992966 2.884634 -1.637255
v 1.993295 2.868448 -1.624380
v 1.992756 2.877149 -1.636121
v 1.992876 2.871224 -1.631409
v 2.026745 2.889274 -1.632462
v 2.027078 2.872921 -1.619453
v 2.026533 2.881711 -1.631317
v 2.026655 2.875726 -1.626555
v 2.056933 2.904860 -1.613880
v 2.057271 2.888289 -1.600695
v 2.056718 2.897197 -1.612718
v 2.056842 2.891132 -1.607892
v 2.079268 2.912224 -1.571068
v 2.078928 2.928915 -1.584348
v 2.081236 2.922285 -1.575604
v 2.078836 2.915087 -1.578318
v 2.078712 2.921197 -1.583178
v 2.038162 3.104713 -1.593595
v 2.036421 3.091729 -1.609948
v 2.037548 3.103591 -1.601175
v 2.036911 3.098839 -1.607160
v 2.066573 3.082835 -1.578987
v 2.064809 3.069676 -1.595552
v 2.065951 3.081697 -1.586664
v 2.065306 3.076880 -1.592727
v 2.084130 3.037771 -1.572243
v 2.085906 3.051026 -1.555562
v 2.086960 3.042072 -1.562283
v 2.084630 3.045028 -1.569398
v 2.085280 3.049879 -1.563292
v 2.020548 3.072518 -1.368782
v 2.020190 3.088681 -1.382026
v 2.020753 3.079977 -1.369968
v 2.020622 3.085893 -1.374815
v 2.052766 3.065268 -1.378535
v 2.052408 3.081600 -1.391866
v 2.052974 3.072807 -1.379726
v 2.052843 3.078785 -1.384606
v 2.078529 3.047469 -1.401323
v 2.078169 3.064023 -1.414799
v 2.078740 3.055112 -1.402525
v 2.078608 3.061171 -1.407458
v 2.093557 3.038613 -1.447225
v 2.093919 3.021939 -1.433664
v 2.095406 3.028371 -1.442699
v 2.093999 3.035741 -1.439836
v 2.094131 3.029638 -1.434873
v 1.982599 4.323197 -0.341378
v 1.984123 4.337330 -0.326415
v 1.984633 4.325087 -0.334365
v 1.985191 4.330260 -0.328889
v 2.025617 4.409751 -0.398409
v 2.024040 4.395175 -0.413855
v 2.025367 4.404922 -0.408522
v 2.026718 4.402459 -0.400962
v 2.026141 4.397124 -0.406615
v 2.023347 4.363242 -0.383615
v 2.024912 4.377714 -0.368282
v 2.025432 4.365177 -0.376428
v 2.026005 4.370474 -0.370816
v 2.008807 4.337967 -0.358129
v 2.010350 4.352247 -0.343004
v 2.010864 4.339876 -0.351040
v 2.011429 4.345103 -0.345504
v 1.930092 4.352813 -0.562271
v 1.938760 4.338106 -0.549772
v 1.932576 4.345462 -0.561084
v 1.935749 4.340079 -0.556509
v 1.957543 4.378217 -0.552313
v 1.966319 4.363355 -0.539637
v 1.960055 4.370790 -0.551107
v 1.963268 4.365350 -0.546467
v 1.986364 4.395249 -0.516931
v 1.977528 4.410203 -0.529702
v 1.983944 4.405004 -0.521850
v 1.983291 4.397257 -0.523812
v 1.980057 4.402730 -0.528487
v 1.849181 4.561961 -0.524302
v 1.847700 4.547980 -0.539029
v 1.847182 4.560091 -0.531202
v 1.846640 4.554975 -0.536592
v 1.883165 4.563976 -0.529507
v 1.881660 4.549829 -0.544427
v 1.881139 4.562085 -0.536498
v 1.880588 4.556907 -0.541958
v 1.919652 4.552931 -0.522642
v 1.918122 4.538580 -0.537788
v 1.917595 4.551012 -0.529739
v 1.917035 4.545760 -0.535283
v 1.951509 4.516046 -0.520115
v 1.953053 4.530507 -0.504849
v 1.955251 4.521725 -0.511278
v 1.950414 4.523280 -0.517590
v 1.950979 4.528573 -0.512002
v 1.932416 4.547667 -0.307364
v 1.923982 4.561813 -0.319650
v 1.930014 4.554736 -0.308542
v 1.926927 4.559914 -0.313038
v 1.961849 4.549544 -0.325134
v 1.953319 4.563838 -0.337571
v 1.959421 4.556687 -0.326327
v 1.956299 4.561920 -0.330879
v 1.985427 4.538332 -0.353734
v 1.976777 4.552819 -0.366353
v 1.982966 4.545571 -0.354945
v 1.979800 4.550874 -0.359564
v 1.990822 4.530433 -0.401516
v 1.999537 4.515841 -0.388800
v 1.996673 4.521645 -0.397949
v 1.993868 4.528474 -0.394675
v 1.997058 4.523133 -0.390020
v -0.171546 4.374806 1.532666
v -0.156065 4.389083 1.537182
v -0.165712 4.384506 1.533835
v -0.165493 4.377243 1.537237
v -0.159827 4.382469 1.538890
v -0.132909 4.358019 1.558001
v -0.148290 4.343845 1.553506
v -0.136645 4.351453 1.559696
v -0.142274 4.346265 1.558051
v -0.107540 4.329198 1.563050
v -0.122743 4.315212 1.558584
v -0.111229 4.322721 1.564718
v -0.116793 4.317602 1.563083
v -0.051189 4.514627 1.460435
v -0.045014 4.503458 1.477278
v -0.046449 4.513646 1.466591
v -0.044189 4.509558 1.472756
v -0.088233 4.511216 1.471128
v -0.082005 4.499890 1.488172
v -0.083445 4.510219 1.477353
v -0.081165 4.506074 1.483591
v -0.122435 4.482810 1.491049
v -0.128697 4.494221 1.473892
v -0.128737 4.487556 1.483114
v -0.121587 4.489040 1.486436
v -0.123879 4.493217 1.480157
v -0.254665 4.376085 1.438898
v -0.248313 4.364686 1.456145
v -0.250800 4.373290 1.449020
v -0.255501 4.369857 1.443522
v -0.253176 4.365685 1.449835
v -0.264783 4.328488 1.437385
v -0.271105 4.339802 1.420248
v -0.269619 4.329478 1.431113
v -0.271933 4.333619 1.424841
v -0.265915 4.296339 1.415870
v -0.272193 4.307493 1.398923
v -0.270706 4.297313 1.409662
v -0.273004 4.301395 1.403460
v -0.209668 4.481754 1.313152
v -0.194363 4.495753 1.317720
v -0.205965 4.488233 1.311498
v -0.200363 4.493357 1.313170
v -0.220201 4.481673 1.350418
v -0.204728 4.495859 1.355006
v -0.216454 4.488240 1.348736
v -0.210790 4.493432 1.350416
v -0.205465 4.484101 1.397370
v -0.221035 4.469812 1.392765
v -0.213825 4.476340 1.398299
v -0.211563 4.481658 1.392753
v -0.217262 4.476428 1.391068
v -1.391688 3.467493 0.671900
v -1.393535 3.453978 0.685624
v -1.395518 3.462440 0.675056
v -1.396194 3.457493 0.680080
v -1.266281 3.379357 0.847896
v -1.248555 3.383560 0.854420
v -1.261000 3.378216 0.852476
v -1.254512 3.379754 0.854864
v -1.008230 2.779473 0.073293
v -1.006384 2.792987 0.059569
v -1.010889 2.782987 0.067749
v -1.010213 2.787934 0.062725
v -0.704552 2.864558 0.170655
v -0.706398 2.851044 0.184380
v -0.701893 2.861044 0.176199
v -0.702569 2.856097 0.181223
v -0.863250 2.709054 0.242089
v -0.880976 2.704850 0.235565
v -0.869207 2.705248 0.242533
v -0.875695 2.703710 0.240145
v -0.849532 2.934976 0.001859
v -0.831806 2.939180 0.008383
v -0.843575 2.938782 0.001415
v -0.837087 2.940320 0.003803
v -1.091703 3.525549 0.796711
v -1.089856 3.539064 0.782986
v -1.087874 3.530602 0.793554
v -1.087198 3.535549 0.788530
v -1.217111 3.613686 0.620714
v -1.234836 3.609483 0.614190
v -1.222392 3.614827 0.616134
v -1.228880 3.613288 0.613747
v -0.446038 0.152526 0.512624
v -0.425242 0.165356 0.513743
v -0.441582 0.158964 0.513165
v -0.433970 0.163660 0.513574
v -0.426108 0.160542 -0.448271
v -0.445664 0.146490 -0.452842
v -0.433972 0.158676 -0.448895
v -0.441130 0.153533 -0.450568
v 0.518444 0.148079 0.515356
v 0.520167 0.161553 0.499928
v 0.519293 0.154843 0.513803
v 0.519923 0.159775 0.508156
v 0.519962 0.145020 -0.265529
v 0.521814 0.158110 -0.280198
v 0.520874 0.151595 -0.266070
v 0.521552 0.156386 -0.271439
v 0.291313 0.158147 -0.446688
v 0.264952 0.145446 -0.451043
v 0.279080 0.156475 -0.447291
v 0.269432 0.151826 -0.448884
v 0.774225 -0.049763 -0.768976
v 0.792694 -0.050476 -0.787271
v 0.781180 -0.050273 -0.773664
v 0.787940 -0.050533 -0.780361
v 0.791820 0.091675 -0.787680
v 0.774904 0.094737 -0.767772
v 0.799123 0.107238 -0.767938
v 0.787514 0.092647 -0.780464
v 0.792058 0.098967 -0.782818
v 0.788256 0.100839 -0.777186
v 0.781791 0.100960 -0.769888
v 0.781330 0.093766 -0.773186
v 0.785348 0.101395 -0.773652
v 0.794706 0.104622 -0.775652
v 0.790604 0.105503 -0.769944
v 0.789865 0.103916 -0.773629
v 0.984982 -0.050566 -0.646929
v 0.969593 -0.049695 -0.626193
v 0.981435 -0.050570 -0.639368
v 0.975802 -0.050251 -0.631778
v 0.984498 0.092049 -0.647070
v 0.970385 0.107191 -0.643918
v 0.970296 0.094743 -0.625246
v 0.982141 0.099121 -0.645637
v 0.981197 0.092904 -0.639363
v 0.979519 0.100960 -0.637987
v 0.971995 0.105599 -0.636090
v 0.977025 0.104600 -0.644497
v 0.976996 0.103938 -0.637467
v 0.976006 0.093888 -0.631385
v 0.971960 0.101089 -0.629334
v 0.976996 0.101427 -0.634063
v 0.974032 -0.038308 -1.142022
v 0.978084 -0.054496 -1.159765
v 0.977576 -0.040276 -1.150271
v 0.979059 -0.046201 -1.156765
v 1.064662 0.040576 -1.221072
v 1.064631 0.025155 -1.233948
v 1.066257 0.037868 -1.227765
v 1.066246 0.032224 -1.232478
v 0.994357 0.025845 -1.234637
v 0.978686 0.005769 -1.220279
v 0.975878 0.030283 -1.208967
v 0.992068 0.041508 -1.221814
v 0.986444 0.019585 -1.232386
v 0.993670 0.032858 -1.232995
v 0.986117 0.031575 -1.231364
v 0.979485 0.013680 -1.216557
v 0.980757 0.012291 -1.227165
v 0.981970 0.026521 -1.227328
v 0.978081 0.035962 -1.214393
v 0.978459 0.022637 -1.212424
v 0.981236 0.032789 -1.223996
v 0.992842 0.038525 -1.228356
v 0.983924 0.040022 -1.219037
v 0.985425 0.036763 -1.227877
v 1.135253 -0.051588 -1.159470
v 1.138069 -0.038212 -1.139966
v 1.138718 -0.044734 -1.156342
v 1.139749 -0.039838 -1.149203
v 1.139238 0.029368 -1.206891
v 1.136148 0.009414 -1.221382
v 1.122852 0.025788 -1.234584
v 1.126671 0.041021 -1.221718
v 1.140305 0.022848 -1.211676
v 1.136915 0.035432 -1.211521
v 1.139032 0.032836 -1.223303
v 1.133155 0.013987 -1.227710
v 1.139177 0.015566 -1.216964
v 1.138072 0.027391 -1.227389
v 1.124021 0.032712 -1.232908
v 1.128311 0.019952 -1.232518
v 1.134265 0.031764 -1.231364
v 1.132347 0.039662 -1.216908
v 1.125403 0.038221 -1.228254
v 1.135305 0.036617 -1.227481
v 0.934789 -0.229214 -1.177534
v 0.938029 -0.254519 -1.179468
v 0.934019 -0.237466 -1.178288
v 0.935205 -0.246728 -1.178996
v 0.938029 -0.254519 -1.206478
v 0.933920 -0.229029 -1.207766
v 0.946138 -0.242495 -1.220620
v 0.935197 -0.246678 -1.206887
v 0.938699 -0.251744 -1.213322
v 0.935443 -0.244500 -1.214663
v 0.935379 -0.232907 -1.214246
v 0.933695 -0.237362 -1.207357
v 0.934690 -0.239925 -1.214877
v 0.941636 -0.247393 -1.218432
v 0.939797 -0.237780 -1.218902
v 0.936919 -0.242359 -1.217454
v 1.023235 -0.255447 -1.179576
v 1.025947 -0.230814 -1.177697
v 1.021983 -0.247406 -1.179071
v 1.022976 -0.238390 -1.178383
v 1.023235 -0.255447 -1.206345
v 1.004126 -0.242495 -1.220584
v 1.024360 -0.229983 -1.207699
v 1.019466 -0.250731 -1.213275
v 1.021893 -0.247291 -1.206775
v 1.019018 -0.244879 -1.214582
v 1.012592 -0.239600 -1.218799
v 1.012523 -0.246024 -1.218451
v 1.015352 -0.242626 -1.217417
v 1.022304 -0.237989 -1.207269
v 1.019950 -0.235052 -1.214116
v 1.019186 -0.240390 -1.214825
v 1.057798 -0.475031 -1.190171
v 1.075343 -0.478937 -1.190754
v 1.062539 -0.479955 -1.190463
v 1.068961 -0.481385 -1.190676
v 1.074945 -0.462253 -1.209210
v 1.080578 -0.475080 -1.194880
v 1.077761 -0.468666 -1.207053
v 1.079823 -0.473361 -1.201808
v 1.068222 -0.467204 -1.209228
v 1.075343 -0.478937 -1.194943
v 1.057798 -0.475031 -1.195655
v 1.071902 -0.472822 -1.206903
v 1.062997 -0.470820 -1.207276
v 1.066142 -0.478244 -1.205694
v 1.068951 -0.481137 -1.195171
v 1.074475 -0.477061 -1.201742
v 1.067549 -0.480614 -1.202873
v 1.059233 -0.473645 -1.202384
v 1.062652 -0.479735 -1.195427
v 1.064039 -0.479837 -1.203027
v 1.083539 -0.472898 -1.190754
v 1.090141 -0.451829 -1.190063
v 1.088455 -0.467104 -1.190662
v 1.090871 -0.459392 -1.190409
v 1.078187 -0.459868 -1.209325
v 1.090141 -0.451829 -1.195751
v 1.083539 -0.472898 -1.194920
v 1.084299 -0.456634 -1.207314
v 1.081263 -0.465925 -1.206951
v 1.087680 -0.462714 -1.205718
v 1.090677 -0.459362 -1.195486
v 1.088613 -0.453733 -1.202413
v 1.089950 -0.461173 -1.203044
v 1.083198 -0.470635 -1.201743
v 1.088278 -0.467018 -1.195184
v 1.088678 -0.465185 -1.202886
v -0.069390 0.163952 0.514879
v -0.057191 0.150698 0.513728
v -0.062022 0.162154 0.514743
v -0.057558 0.157303 0.514322
v 0.008970 -0.008591 0.864835
v 0.001961 -0.008950 0.886520
v 0.009426 -0.008752 0.872553
v 0.006860 -0.008884 0.880490
v -0.264368 -0.008957 0.887718
v -0.262187 -0.008630 0.866492
v -0.260548 -0.008892 0.881312
v -0.259749 -0.008773 0.873542
v -0.262562 0.086217 0.896527
v -0.237567 0.100778 0.887120
v -0.260040 0.089263 0.873819
v -0.256080 0.093351 0.892142
v -0.259246 0.087142 0.889579
v -0.255171 0.094824 0.888240
v -0.246958 0.099270 0.884140
v -0.246973 0.098649 0.888719
v -0.250451 0.097704 0.886536
v -0.258328 0.088251 0.881313
v -0.255128 0.095077 0.879300
v -0.254793 0.095359 0.884161
v -0.005215 0.085340 0.896204
v 0.002526 0.088495 0.873258
v -0.012335 0.099890 0.887839
v -0.000764 0.086451 0.889603
v -0.006237 0.092234 0.894935
v -0.001133 0.093959 0.888649
v 0.000240 0.094492 0.877710
v 0.002060 0.087602 0.881232
v 0.000309 0.094492 0.884433
v -0.008823 0.097487 0.891898
v -0.005139 0.098633 0.882996
v -0.002446 0.096769 0.887128
v -0.318065 -0.010423 1.138960
v -0.335226 -0.026259 1.150697
v -0.325211 -0.012566 1.144356
v -0.331492 -0.018363 1.148652
v -0.518603 -0.027269 1.150655
v -0.511511 -0.010413 1.137306
v -0.519442 -0.018867 1.148409
v -0.516846 -0.012697 1.143523
v -0.528908 0.036330 1.219383
v -0.517220 0.054620 1.233987
v -0.509213 0.069566 1.221132
v -0.524130 0.058186 1.209359
v -0.527267 0.041215 1.226285
v -0.529693 0.043514 1.215621
v -0.529909 0.055399 1.226541
v -0.514655 0.061500 1.232348
v -0.523023 0.047862 1.231599
v -0.526143 0.060162 1.230622
v -0.514887 0.068162 1.216825
v -0.511757 0.066910 1.227695
v -0.524021 0.065246 1.227021
v -0.527952 0.051480 1.211967
v -0.520318 0.064024 1.212538
v -0.528155 0.061305 1.223240
v -0.366898 0.054030 1.233818
v -0.350194 0.036257 1.219777
v -0.336824 0.057472 1.210567
v -0.353843 0.068957 1.221015
v -0.360000 0.048092 1.231551
v -0.362728 0.060896 1.232209
v -0.355699 0.059834 1.230687
v -0.347049 0.043398 1.216214
v -0.353912 0.041614 1.226433
v -0.351367 0.055258 1.226925
v -0.341070 0.063025 1.217006
v -0.342160 0.051155 1.212846
v -0.347988 0.060824 1.224398
v -0.357993 0.066311 1.227565
v -0.347258 0.067170 1.220762
v -0.352348 0.064605 1.227716
v -0.381391 -0.212039 1.165912
v -0.375388 -0.235452 1.168048
v -0.381791 -0.220021 1.166595
v -0.379594 -0.228591 1.167377
v -0.443809 -0.255190 1.167917
v -0.458559 -0.233483 1.166018
v -0.449784 -0.249143 1.167326
v -0.455183 -0.241198 1.166631
v -0.436713 -0.253010 1.202823
v -0.430400 -0.239203 1.217134
v -0.451160 -0.231224 1.204487
v -0.435714 -0.249965 1.209613
v -0.442391 -0.246846 1.203619
v -0.441416 -0.244390 1.211193
v -0.438994 -0.237219 1.215398
v -0.433420 -0.244949 1.214803
v -0.440191 -0.241926 1.213948
v -0.447673 -0.238881 1.204228
v -0.446539 -0.234316 1.210794
v -0.443999 -0.240523 1.211466
v -0.370231 -0.233874 1.202496
v -0.378041 -0.209917 1.204286
v -0.391429 -0.227332 1.217087
v -0.374413 -0.226846 1.203344
v -0.374897 -0.230156 1.209536
v -0.377028 -0.225204 1.210876
v -0.379628 -0.215804 1.210616
v -0.377266 -0.218098 1.203998
v -0.378406 -0.221009 1.211186
v -0.382591 -0.227782 1.214831
v -0.384484 -0.222120 1.215260
v -0.380982 -0.224146 1.213800
v -0.257581 -0.364458 1.181377
v -0.259851 -0.382274 1.182423
v -0.254501 -0.370550 1.181900
v -0.255332 -0.377071 1.182283
v -0.260110 -0.382447 1.182423
v -0.282571 -0.381718 1.181510
v -0.267376 -0.385193 1.182301
v -0.275597 -0.384926 1.181966
v -0.281260 -0.380870 1.189240
v -0.259127 -0.381790 1.188004
v -0.268618 -0.371717 1.202652
v -0.274310 -0.383912 1.189187
v -0.278117 -0.379348 1.195775
v -0.271297 -0.383124 1.196301
v -0.260857 -0.380516 1.194857
v -0.266268 -0.384246 1.188738
v -0.267143 -0.383342 1.196062
v -0.273526 -0.376022 1.200636
v -0.264289 -0.376873 1.200153
v -0.268928 -0.381417 1.198891
v -0.266283 -0.370166 1.202747
v -0.259127 -0.381790 1.188004
v -0.256601 -0.363810 1.189184
v -0.262050 -0.375509 1.200364
v -0.260789 -0.366531 1.200953
v -0.257037 -0.371798 1.198703
v -0.254588 -0.376602 1.188180
v -0.259424 -0.379776 1.194953
v -0.255137 -0.374884 1.194789
v -0.257235 -0.364198 1.195975
v -0.253661 -0.370002 1.188613
v -0.254466 -0.370110 1.195102
v -0.218166 0.145488 -0.452487
v -0.229562 0.159886 -0.447837
v -0.218026 0.152667 -0.450149
v -0.222197 0.157937 -0.448447
v -0.568376 -0.003241 -0.830269
v -0.581200 -0.003491 -0.853159
v -0.571114 -0.003323 -0.838260
v -0.575808 -0.003414 -0.846638
v -0.554430 0.078968 -0.867713
v -0.540149 0.084280 -0.845743
v -0.526434 0.094988 -0.868105
v -0.548756 0.080170 -0.861370
v -0.546762 0.086411 -0.866912
v -0.542397 0.088761 -0.862156
v -0.537411 0.089772 -0.852747
v -0.543535 0.082112 -0.853338
v -0.539812 0.089715 -0.858249
v -0.536549 0.092254 -0.867055
v -0.532411 0.093677 -0.860900
v -0.537139 0.091829 -0.862429
v -0.456271 -0.003307 -0.919908
v -0.438907 -0.003270 -0.900289
v -0.449591 -0.003326 -0.914690
v -0.443236 -0.003313 -0.907509
v -0.433415 0.078805 -0.932328
v -0.430070 0.094622 -0.920632
v -0.415399 0.083186 -0.913180
v -0.431128 0.085945 -0.931037
v -0.426610 0.079751 -0.927177
v -0.423479 0.088112 -0.926543
v -0.422394 0.093209 -0.919570
v -0.429925 0.091646 -0.926806
v -0.422790 0.091292 -0.924506
v -0.420025 0.081352 -0.920178
v -0.417136 0.089095 -0.916889
v -0.420170 0.088891 -0.923086
v -0.795483 -0.006020 -1.054567
v -0.795609 -0.004952 -1.074646
v -0.799149 -0.005920 -1.060687
v -0.799195 -0.005529 -1.068037
v -0.789806 0.022219 -1.060519
v -0.778303 0.036659 -1.073269
v -0.790727 0.020211 -1.079760
v -0.787466 0.029147 -1.063119
v -0.793670 0.020934 -1.066360
v -0.791208 0.027593 -1.068604
v -0.783703 0.033445 -1.077407
v -0.783244 0.034448 -1.067799
v -0.788154 0.031426 -1.071989
v -0.794008 0.020197 -1.073423
v -0.788264 0.027407 -1.079789
v -0.791452 0.027059 -1.073712
v -0.777307 -0.002748 -1.094555
v -0.755851 -0.001647 -1.098087
v -0.770888 -0.002174 -1.098884
v -0.763035 -0.001771 -1.100177
v -0.757770 0.038362 -1.095454
v -0.751394 0.025727 -1.102770
v -0.773321 0.022221 -1.098694
v -0.754792 0.036671 -1.100299
v -0.764531 0.035250 -1.097931
v -0.760692 0.034414 -1.103923
v -0.758846 0.024209 -1.104344
v -0.752513 0.032170 -1.102920
v -0.759423 0.031916 -1.105379
v -0.770173 0.029393 -1.099106
v -0.766809 0.022936 -1.102864
v -0.763632 0.031202 -1.104482
v 0.520508 0.160840 0.338324
v 0.518826 0.147343 0.320505
v 0.520295 0.159006 0.330156
v 0.519679 0.154066 0.323634
v 0.732392 -0.039280 0.545782
v 0.755812 -0.038294 0.555386
v 0.738946 -0.039726 0.550707
v 0.747518 -0.039365 0.554222
v 0.753895 -0.038891 0.705776
v 0.731521 -0.039133 0.703363
v 0.746443 -0.039644 0.707850
v 0.738254 -0.039732 0.706967
v 0.767181 0.068170 0.716793
v 0.757391 0.084555 0.708544
v 0.745654 0.074331 0.715129
v 0.765932 0.075356 0.716298
v 0.760050 0.069885 0.718970
v 0.759061 0.078097 0.719446
v 0.752729 0.084003 0.712723
v 0.762400 0.081277 0.713322
v 0.757239 0.081361 0.717933
v 0.752225 0.072124 0.718365
v 0.748524 0.080348 0.715086
v 0.754939 0.079306 0.719177
v 0.769220 0.066779 0.571010
v 0.746802 0.073502 0.562784
v 0.757641 0.084032 0.590190
v 0.761359 0.068727 0.570268
v 0.766241 0.074441 0.574717
v 0.759993 0.077289 0.573937
v 0.752354 0.078577 0.571111
v 0.753178 0.071180 0.567266
v 0.755977 0.078519 0.572673
v 0.762030 0.080726 0.581687
v 0.756300 0.082413 0.581119
v 0.758074 0.080599 0.577837
v 0.911977 -0.009871 0.551669
v 0.932258 -0.007259 0.563827
v 0.919947 -0.008565 0.553172
v 0.927371 -0.007609 0.557623
v 0.943728 -0.007259 0.588008
v 0.937285 -0.009253 0.607076
v 0.945022 -0.007526 0.595111
v 0.942664 -0.008256 0.602091
v 0.942886 0.025509 0.608723
v 0.948456 0.022649 0.589199
v 0.938834 0.039014 0.596232
v 0.947620 0.024096 0.603411
v 0.943416 0.032058 0.606810
v 0.949155 0.031532 0.601952
v 0.947718 0.029720 0.590334
v 0.949636 0.023061 0.596345
v 0.950196 0.030977 0.598115
v 0.941962 0.036918 0.602322
v 0.944238 0.035639 0.592878
v 0.948363 0.034206 0.599495
v 0.927265 0.039885 0.571133
v 0.937590 0.022543 0.566269
v 0.918513 0.026159 0.555228
v 0.933388 0.036208 0.569526
v 0.923862 0.038014 0.564012
v 0.929840 0.034535 0.562817
v 0.932808 0.022988 0.559798
v 0.937178 0.029842 0.567740
v 0.932581 0.029931 0.561525
v 0.920650 0.032975 0.558174
v 0.925806 0.024316 0.555746
v 0.927517 0.030891 0.558594
v -0.441110 0.163721 0.106179
v -0.446304 0.149409 0.123981
v -0.441813 0.161836 0.113574
v -0.443714 0.156598 0.120090
v -0.445840 0.148346 -0.130972
v -0.440802 0.162292 -0.113425
v -0.443314 0.155285 -0.127401
v -0.441469 0.160390 -0.120978
v -1.153391 -0.013779 -0.014453
v -1.175249 -0.027510 -0.025139
v -1.164043 -0.015711 -0.017767
v -1.172043 -0.020737 -0.021678
v -1.175411 -0.030414 -0.289404
v -1.159403 -0.013638 -0.283512
v -1.172930 -0.022170 -0.288539
v -1.167071 -0.016029 -0.286382
v -1.264332 0.045663 -0.089745
v -1.253848 0.036593 -0.069040
v -1.229187 0.048449 -0.056232
v -1.250434 0.060157 -0.080572
v -1.262852 0.042494 -0.082241
v -1.262190 0.052492 -0.086843
v -1.260679 0.052495 -0.076414
v -1.246760 0.040401 -0.063606
v -1.259025 0.039185 -0.074686
v -1.256884 0.049710 -0.070677
v -1.236488 0.054369 -0.062416
v -1.237744 0.044736 -0.058923
v -1.250922 0.053325 -0.067394
v -1.257153 0.057745 -0.083518
v -1.244242 0.058643 -0.071300
v -1.255985 0.056375 -0.073572
v -1.263621 0.044952 -0.231310
v -1.249795 0.060429 -0.226383
v -1.236597 0.051276 -0.245461
v -1.250975 0.031004 -0.252494
v -1.261487 0.051922 -0.229761
v -1.261781 0.040709 -0.239579
v -1.259879 0.051473 -0.239405
v -1.245635 0.059355 -0.233266
v -1.256475 0.057532 -0.227975
v -1.255946 0.056153 -0.237843
v -1.241381 0.045533 -0.249231
v -1.240818 0.056016 -0.240229
v -1.252277 0.053213 -0.243090
v -1.257169 0.035624 -0.247301
v -1.246633 0.038127 -0.251800
v -1.256306 0.047953 -0.244897
v -1.270391 -0.274111 -0.198621
v -1.259102 -0.274111 -0.175742
v -1.268905 -0.274111 -0.190102
v -1.264773 -0.274111 -0.181728
v -1.256149 -0.274111 -0.287049
v -1.270024 -0.274111 -0.271642
v -1.263060 -0.274111 -0.284575
v -1.268139 -0.274111 -0.278936
v -1.190079 -0.496728 -0.304494
v -1.190127 -0.501398 -0.325522
v -1.190103 -0.501268 -0.310440
v -1.190121 -0.502977 -0.318136
v -1.190127 -0.480117 -0.369610
v -1.190062 -0.461519 -0.376677
v -1.190118 -0.475387 -0.375196
v -1.190094 -0.468579 -0.377782
v -1.230004 -0.492332 -0.313221
v -1.214148 -0.503078 -0.322041
v -1.216337 -0.496981 -0.303197
v -1.226921 -0.497835 -0.317046
v -1.227928 -0.495365 -0.307832
v -1.225530 -0.502075 -0.310665
v -1.214478 -0.504237 -0.314974
v -1.221175 -0.501730 -0.320243
v -1.222394 -0.504148 -0.312383
v -1.223029 -0.497034 -0.304234
v -1.215269 -0.502035 -0.308168
v -1.222842 -0.503022 -0.308646
v -1.230175 -0.471300 -0.356962
v -1.216800 -0.463995 -0.371647
v -1.213912 -0.482605 -0.364456
v -1.228098 -0.468675 -0.363360
v -1.226892 -0.476969 -0.360358
v -1.225489 -0.474745 -0.367370
v -1.216380 -0.471130 -0.372243
v -1.223244 -0.466023 -0.368692
v -1.222972 -0.473356 -0.370176
v -1.220996 -0.481068 -0.363075
v -1.215335 -0.477861 -0.369642
v -1.222417 -0.476929 -0.368816
v -0.865083 -0.010561 0.068680
v -0.869462 -0.010386 0.054730
v -0.862110 -0.010412 0.062963
v -0.863713 -0.010348 0.057857
v -0.839479 0.070443 0.049619
v -0.836131 0.071379 0.062872
v -0.790934 0.091844 0.047537
v -0.834651 0.069321 0.053088
v -0.824732 0.078627 0.050682
v -0.822917 0.080008 0.052710
v -0.823906 0.079020 0.056997
v -0.833482 0.069647 0.057716
v -0.822987 0.080104 0.054361
v -0.806978 0.086454 0.049921
v -0.807381 0.086509 0.051384
v -0.813235 0.083932 0.051830
v -0.851449 0.110564 -0.116948
v -0.853124 0.099607 -0.134873
v -0.852626 0.109874 -0.124523
v -0.853239 0.105863 -0.131083
v -1.129585 -0.019615 0.350551
v -1.150406 -0.030076 0.363739
v -1.139457 -0.021143 0.352694
v -1.147078 -0.024972 0.357521
v -1.241439 0.078498 0.308574
v -1.252597 0.065322 0.312909
v -1.242581 0.048652 0.335090
v -1.226578 0.066529 0.323657
v -1.248004 0.076201 0.309059
v -1.237348 0.076969 0.314547
v -1.249071 0.074540 0.316334
v -1.252655 0.061355 0.322463
v -1.251996 0.071476 0.310614
v -1.252687 0.070426 0.318208
v -1.237663 0.053796 0.330420
v -1.249026 0.055315 0.330499
v -1.249275 0.065966 0.323700
v -1.231936 0.072620 0.320050
v -1.231811 0.060334 0.326239
v -1.245028 0.070681 0.321011
v -1.146543 -0.029345 0.223858
v -1.127484 -0.019395 0.211707
v -1.143447 -0.024576 0.218010
v -1.136471 -0.020935 0.213562
v -1.200410 0.064637 0.228172
v -1.229116 0.065167 0.241614
v -1.218942 0.077835 0.241970
v -1.210413 0.064314 0.230142
v -1.206923 0.071145 0.231085
v -1.218924 0.071873 0.232519
v -1.228724 0.071311 0.240797
v -1.220892 0.064507 0.235047
v -1.224395 0.071977 0.234902
v -1.213675 0.075944 0.236122
v -1.225103 0.075833 0.240922
v -1.222654 0.074595 0.235036
v -1.162966 -0.116426 0.467528
v -1.164976 -0.132318 0.466344
v -1.163731 -0.121968 0.471471
v -1.164467 -0.127785 0.471038
v -1.221349 -0.096252 0.447857
v -1.231919 -0.100706 0.432331
v -1.218009 -0.115670 0.445247
v -1.227657 -0.096819 0.444635
v -1.221683 -0.103117 0.450113
v -1.227969 -0.103059 0.447406
v -1.229262 -0.106896 0.436781
v -1.231463 -0.098422 0.439045
v -1.229885 -0.103979 0.444338
v -1.220478 -0.110119 0.449172
v -1.224190 -0.112350 0.441490
v -1.227272 -0.106777 0.446751
v -1.167976 -0.162429 0.409522
v -1.167347 -0.161079 0.385698
v -1.168151 -0.164852 0.401417
v -1.167921 -0.164358 0.392696
v -1.221397 -0.119928 0.402110
v -1.211122 -0.131752 0.422439
v -1.219858 -0.125408 0.408212
v -1.216097 -0.129736 0.415653
v -0.658942 0.126488 -0.097312
v -0.655279 0.139083 -0.080721
v -0.657524 0.133270 -0.094142
v -0.656184 0.137880 -0.088069
v -0.600950 -0.008825 0.136739
v -0.624839 -0.010189 0.141388
v -0.608983 -0.009431 0.135929
v -0.617727 -0.009930 0.137631
v -0.647824 0.120957 0.100579
v -0.647974 0.106568 0.123957
v -0.623612 0.110294 0.116254
v -0.646925 0.118589 0.110022
v -0.640701 0.119467 0.107459
v -0.641382 0.117807 0.111237
v -0.640662 0.107458 0.120052
v -0.646983 0.113344 0.118525
v -0.641171 0.115059 0.115657
v -0.631871 0.115579 0.113177
v -0.631759 0.108820 0.117237
v -0.636878 0.115721 0.114238
v -0.935880 0.084935 0.327261
v -0.909897 0.087415 0.319115
v -0.939006 0.097110 0.315345
v -0.927212 0.086074 0.326138
v -0.937196 0.091416 0.325085
v -0.929202 0.093152 0.324492
v -0.917836 0.093005 0.319263
v -0.917715 0.086980 0.323161
v -0.924476 0.093551 0.322970
v -0.938322 0.095793 0.320770
v -0.928440 0.096547 0.317894
v -0.929775 0.095469 0.322252
v -0.857459 -0.014757 0.327743
v -0.883832 -0.015247 0.337502
v -0.865082 -0.014903 0.332327
v -0.874736 -0.015082 0.335899
v -1.007304 -0.015540 0.207464
v -0.983071 -0.014731 0.196239
v -0.998816 -0.015264 0.205775
v -0.989947 -0.014967 0.201666
v -1.010547 0.067930 0.216262
v -1.036210 0.067779 0.226027
v -1.015461 0.083300 0.239774
v -1.018091 0.067732 0.220932
v -1.013624 0.074796 0.221389
v -1.021165 0.075655 0.225845
v -1.029094 0.074727 0.229045
v -1.027469 0.067677 0.224500
v -1.025596 0.075666 0.227771
v -1.015417 0.080394 0.229933
v -1.021520 0.080385 0.234071
v -1.021657 0.078731 0.230310
v -0.547885 1.879738 -0.479211
v -0.537039 1.884250 -0.492343
v -0.546761 1.879871 -0.486474
v -0.542791 1.881523 -0.491281
v 0.034424 1.842546 -0.440704
v 0.017467 1.843269 -0.455923
v 0.027321 1.853637 -0.453390
v 0.032254 1.842515 -0.447887
v 0.026047 1.842780 -0.453457
v 0.015521 1.844584 0.091269
v 0.020686 1.865011 0.077004
v 0.019318 1.851354 0.087228
v 0.021209 1.858831 0.082006
v -0.497281 1.908076 0.029900
v -0.509472 1.935678 0.022555
v -0.518794 1.921295 0.006192
v -0.500967 1.916399 0.026145
v -0.506709 1.912996 0.024316
v -0.510580 1.919521 0.021717
v -0.514127 1.929925 0.019555
v -0.505425 1.926492 0.023459
v -0.512678 1.924290 0.020335
v -0.514546 1.917814 0.015666
v -0.517515 1.924699 0.013613
v -0.514628 1.921721 0.017166
v -0.138994 1.001899 -0.170779
v -0.124103 1.001754 -0.185943
v -0.134827 0.971678 -0.187180
v -0.139594 0.971711 -0.180468
v -0.136070 1.000245 -0.177710
v -0.137106 0.993249 -0.173521
v -0.134439 0.991614 -0.178793
v -0.127221 0.993036 -0.184617
v -0.130675 1.000195 -0.183196
v -0.131338 0.991590 -0.182151
v -0.136937 0.972208 -0.186050
v -0.131142 0.982040 -0.185061
v -0.133481 0.984110 -0.183203
v -0.137315 0.982220 -0.177061
v -0.138674 0.972226 -0.183624
v -0.135428 0.984152 -0.180794
v 0.628588 0.980911 -0.158146
v 0.633991 0.951463 -0.170562
v 0.628702 0.952111 -0.174405
v 0.610684 0.982968 -0.173151
v 0.632041 0.972740 -0.161715
v 0.625169 0.982283 -0.165570
v 0.631051 0.971659 -0.166261
v 0.633271 0.951830 -0.172400
v 0.634025 0.961979 -0.166253
v 0.633436 0.964089 -0.168710
v 0.622432 0.962713 -0.172311
v 0.631367 0.952066 -0.173797
v 0.630708 0.964411 -0.170546
v 0.618688 0.983028 -0.171002
v 0.615842 0.973997 -0.171860
v 0.626868 0.972120 -0.169370
v 0.599292 1.007960 0.595596
v 0.611474 0.980092 0.601599
v 0.621761 0.977467 0.597183
v 0.616540 1.005969 0.581607
v 0.602952 0.999835 0.598912
v 0.606211 1.009220 0.592634
v 0.614251 0.998089 0.598357
v 0.616604 0.978719 0.600830
v 0.607406 0.989646 0.601111
v 0.617058 0.990776 0.600659
v 0.621834 0.987667 0.591821
v 0.620341 0.977767 0.599190
v 0.620634 0.990059 0.598366
v 0.612478 1.008497 0.587552
v 0.619917 0.998083 0.586128
v 0.618631 0.997500 0.595044
v -0.129766 1.030138 0.577337
v -0.144611 1.030607 0.562329
v -0.145835 1.001015 0.574659
v -0.130685 1.002865 0.583398
v -0.137210 1.030790 0.574705
v -0.130072 1.022203 0.580682
v -0.136507 1.021044 0.579651
v -0.143019 1.022084 0.565869
v -0.142565 1.030958 0.569276
v -0.140345 1.021001 0.575828
v -0.143548 1.001699 0.578708
v -0.143456 1.011270 0.570375
v -0.140771 1.013531 0.578485
v -0.130408 1.012235 0.582901
v -0.138068 1.002375 0.581913
v -0.136869 1.013872 0.581641
v -0.247384 2.344387 0.082739
v -0.253998 2.332747 0.092609
v -0.239800 2.332550 0.094460
v -0.247918 2.342877 0.088434
v -0.250339 2.338616 0.092047
v -0.292912 2.326691 -0.398035
v -0.284727 2.339171 -0.381069
v -0.278499 2.327570 -0.396758
v -0.289242 2.332872 -0.394794
v -0.286246 2.337440 -0.388584
v -0.830050 2.650934 0.189326
v -0.843020 2.637737 0.173599
v -0.819211 2.628915 0.177982
v -0.834452 2.644485 0.186901
v -0.827073 2.644137 0.184932
v -0.832173 2.638504 0.183759
v -0.836206 2.633856 0.177758
v -0.839155 2.639695 0.181204
v -0.834810 2.636178 0.180911
v -0.823108 2.636081 0.180782
v -0.827547 2.630649 0.179349
v -0.830300 2.634704 0.181770
v -0.673198 2.792924 0.131617
v -0.658617 2.773525 0.122588
v -0.666831 2.797582 0.108390
v -0.669212 2.786922 0.127390
v -0.668100 2.795193 0.125676
v -0.663957 2.790816 0.122270
v -0.659521 2.783435 0.119431
v -0.663883 2.779832 0.124091
v -0.661470 2.787495 0.120620
v -0.665781 2.796885 0.117258
v -0.662521 2.792190 0.114252
v -0.662871 2.792058 0.117875
v -0.811044 2.867487 -0.059358
v -0.793106 2.871629 -0.052634
v -0.805043 2.871299 -0.059781
v -0.798477 2.872815 -0.057320
v -0.967829 2.725559 -0.001673
v -0.969947 2.712167 0.011745
v -0.971704 2.720514 0.001445
v -0.972479 2.715612 0.006357
v -1.006360 2.793008 0.059560
v -1.008468 2.779612 0.072990
v -1.010233 2.787963 0.062680
v -1.011005 2.783060 0.067596
v -0.706398 2.851044 0.184380
v -0.705330 2.865015 0.169663
v -0.702673 2.856158 0.181090
v -0.702282 2.861272 0.175703
v -0.881528 2.705174 0.234861
v -0.863250 2.709054 0.242089
v -0.875971 2.703872 0.239793
v -0.869281 2.705292 0.242438
v -0.831643 2.939084 0.008591
v -0.849573 2.934939 0.001875
v -0.837011 2.940268 0.003909
v -0.843574 2.938751 0.001451
v -0.426987 0.165363 0.513738
v -0.441469 0.165385 0.505282
v -0.446026 0.152560 0.512627
v -0.434231 0.165387 0.512588
v -0.439532 0.165395 0.509493
v 0.516453 0.157396 -0.446191
v 0.522155 0.157397 -0.441726
v 0.519307 0.157389 -0.445588
v 0.521395 0.157390 -0.443954
v -0.440442 0.160625 -0.441284
v -0.435306 0.160572 -0.448291
v -0.444990 0.148308 -0.452256
v -0.439751 0.160605 -0.444792
v -0.437871 0.160585 -0.447357
v 0.520141 0.161607 0.512208
v 0.509411 0.161669 0.516727
v 0.518449 0.148121 0.515360
v 0.518700 0.161623 0.514480
v 0.514773 0.161646 0.516134
vn -0.8638 0.3893 0.3199
vn -0.8431 0.4987 0.2014
vn -0.6449 0.6271 0.4370
vn -0.6133 -0.7350 -0.2892
vn -0.7707 -0.5858 0.2506
vn -0.6804 -0.7325 -0.0210
vn 0.4230 0.8937 -0.1498
vn 0.1392 0.9140 -0.3811
vn 0.4211 0.8612 -0.2847
vn 0.9092 -0.4160 0.0181
vn 0.8668 -0.4382 -0.2381
vn 0.9276 -0.3118 -0.2057
vn -0.9729 0.1665 -0.1606
vn -0.9965 0.0217 -0.0801
vn -0.9536 0.1948 -0.2296
vn -0.6564 0.0252 -0.7540
vn -0.8104 -0.1891 -0.5546
vn -0.7406 -0.2093 -0.6385
vn -0.7264 0.6611 0.1877
vn -0.7648 0.6345 0.1118
vn -0.8695 0.4312 0.2408
vn 0.7841 0.1680 0.5975
vn 0.6571 -0.0237 0.7534
vn 0.7040 -0.0615 0.7075
vn -0.2723 -0.0957 -0.9575
vn -0.3711 0.1256 -0.9201
vn -0.3113 -0.1210 -0.9426
vn -0.1254 -0.0171 0.9920
vn 0.2740 -0.0946 0.9571
vn 0.0126 -0.1118 0.9937
vn 0.8940 -0.4204 0.1549
vn 0.9140 -0.3654 0.1764
vn 0.9718 -0.1162 0.2050
vn 0.4124 -0.0640 0.9087
vn 0.1201 -0.2350 0.9646
vn -0.3581 0.8950 0.2658
vn -0.2809 0.9590 -0.0370
vn -0.4474 0.8939 0.0286
vn 0.9446 -0.3223 -0.0622
vn -0.3080 0.2785 -0.9097
vn -0.3847 0.1380 -0.9127
vn -0.3889 0.2208 -0.8944
vn -0.2683 0.2424 -0.9323
vn -0.3110 -0.0192 -0.9502
vn -0.2392 0.3135 0.9190
vn -0.5262 -0.1117 0.8430
vn -0.5126 0.1428 0.8467
vn 0.5434 0.8228 -0.1667
vn 0.6615 0.7499 -0.0090
vn 0.6067 0.7673 0.2075
vn -0.0791 0.5381 -0.8391
vn -0.0819 0.1198 -0.9894
vn 0.2410 0.4404 -0.8648
vn -0.0312 -0.9991 0.0287
vn -0.1882 -0.9584 -0.2144
vn -0.1525 -0.9857 0.0716
vn 0.0845 0.9409 0.3280
vn 0.5732 0.8093 0.1285
vn 0.2067 0.0688 -0.9760
vn 0.2155 -0.0312 -0.9760
vn 0.2979 0.1872 -0.9360
vn 0.9946 0.0763 0.0701
vn 0.9508 0.0717 0.3014
vn 0.7146 -0.6249 -0.3144
vn 0.9156 -0.3670 -0.1644
vn 0.1545 -0.0066 -0.9880
vn -0.0348 0.1957 -0.9800
vn -0.1545 0.1744 -0.9725
vn -0.2085 -0.9780 -0.0047
vn -0.0562 -0.9694 -0.2389
vn -0.0387 -0.9991 0.0168
vn 0.3203 0.9312 0.1741
vn 0.2190 0.9742 -0.0551
vn -0.8471 0.4263 0.3172
vn -0.8907 0.4406 0.1123
vn -0.4229 -0.8342 -0.3539
vn -0.3745 -0.6601 -0.6511
vn -0.7162 -0.6253 -0.3100
vn -0.8382 0.5094 0.1946
vn -0.8571 0.5076 -0.0875
vn 0.2540 0.0424 0.9663
vn 0.2977 -0.2426 0.9233
vn 0.1770 -0.2367 0.9553
vn -0.8576 -0.4271 0.2865
vn -0.7341 -0.3417 0.5868
vn -0.8786 -0.2570 0.4026
vn 0.0630 -0.2457 0.9673
vn 0.1623 0.0462 0.9857
vn 0.1174 -0.2802 0.9527
vn 0.3017 0.1386 0.9433
vn 0.4976 0.0178 0.8672
vn 0.4190 -0.1015 0.9023
vn 0.6391 -0.7683 -0.0344
vn 0.6289 -0.6745 -0.3866
vn 0.3238 -0.9451 0.0448
vn 0.1889 -0.9583 -0.2146
vn 0.2808 -0.9591 0.0362
vn -0.4641 -0.7977 0.3851
vn -0.4565 -0.5459 0.7026
vn -0.6266 -0.5687 0.5329
vn 0.6459 -0.4705 0.6012
vn 0.7385 -0.0035 0.6743
vn 0.7785 -0.2157 0.5894
vn -0.2919 0.7009 0.6509
vn -0.4830 0.6556 0.5805
vn -0.3974 0.6054 0.6897
vn -0.9148 0.1039 0.3903
vn -0.9712 -0.0258 0.2369
vn -0.9256 -0.0425 0.3762
vn 0.9465 0.1807 -0.2673
vn 0.8608 0.3234 -0.3929
vn 0.9115 0.3233 -0.2544
vn -0.6065 0.4529 0.6535
vn -0.6653 0.5652 0.4878
vn -0.7105 0.4392 0.5498
vn 0.1854 0.0229 0.9824
vn 0.1721 -0.2545 0.9516
vn 0.1902 -0.2429 0.9512
vn -0.1073 0.0376 0.9935
vn -0.1254 -0.2094 0.9698
vn -0.2965 0.2426 -0.9237
vn -0.2598 -0.0211 -0.9654
vn -0.3156 -0.0175 -0.9487
vn 0.0472 0.2436 -0.9687
vn -0.0756 -0.0169 -0.9970
vn -0.0631 0.2430 -0.9680
vn -0.9165 0.3374 0.2148
vn -0.8726 0.4820 0.0792
vn 0.4058 0.1577 0.9002
vn 0.3709 -0.1269 0.9200
vn 0.4702 -0.1043 0.8764
vn -0.2788 -0.7730 0.5699
vn -0.3914 -0.8593 0.3292
vn -0.2147 -0.8358 0.5052
vn 0.9823 -0.1039 -0.1557
vn 0.9996 0.0258 0.0068
vn 0.9926 -0.1207 -0.0095
vn 0.3933 0.8586 -0.3288
vn 0.2167 0.8355 -0.5050
vn -0.4187 -0.0193 -0.9079
vn -0.6644 0.2421 -0.7071
vn -0.3989 0.2515 -0.8818
vn 0.3098 0.1239 0.9427
vn -0.7207 0.0864 -0.6878
vn -0.9407 0.0200 -0.3387
vn -0.8618 0.2400 -0.4470
vn -0.3595 -0.8571 0.3689
vn 0.1770 -0.8809 0.4390
vn -0.0616 -0.8851 0.4612
vn 0.0097 0.9662 0.2575
vn -0.3677 0.9246 0.0999
vn -0.2908 0.8963 0.3347
vn 0.0380 0.9991 -0.0190
vn 0.3810 -0.9245 0.0057
vn 0.5492 -0.7646 -0.3375
vn 0.6354 -0.7656 -0.1000
vn 0.5802 0.0278 0.8140
vn 0.4069 0.4062 0.8182
vn 0.3287 0.1881 0.9255
vn 0.1653 0.9585 0.2321
vn 0.4489 0.8919 -0.0544
vn 0.1467 0.9886 -0.0339
vn -0.1339 -0.9886 0.0694
vn -0.1122 -0.9694 -0.2185
vn -0.1812 0.9802 -0.0795
vn -0.1902 0.9588 0.2110
vn -0.0867 0.9800 0.1792
vn 0.5232 0.8229 -0.2216
vn 0.5543 0.8246 0.1127
vn 0.6861 0.7274 -0.0138
vn 0.2858 -0.9237 -0.2553
vn 0.4725 -0.2444 0.8468
vn 0.4846 0.0077 0.8747
vn -0.6514 0.3910 0.6502
vn -0.4004 0.5438 0.7376
vn -0.0677 0.8677 0.4924
vn -0.3657 0.7974 0.4800
vn 0.2424 0.9091 0.3389
vn -0.1023 0.8880 0.4483
vn 0.1794 0.9638 0.1975
vn 0.0324 0.9991 -0.0291
vn 0.1134 0.9693 0.2181
vn -0.5455 0.5695 -0.6149
vn -0.7738 0.5097 -0.3761
vn -0.5958 0.6709 -0.4416
vn -0.6181 0.7835 -0.0642
vn -0.6036 0.7406 0.2952
vn -0.5609 0.7793 0.2795
vn -0.7200 0.0379 0.6930
vn -0.8152 0.0937 0.5715
vn -0.6167 0.3707 0.6944
vn 0.4099 0.9093 -0.0714
vn 0.0453 0.2193 0.9746
vn 0.4495 0.0579 0.8914
vn 0.1627 0.3256 0.9314
vn -0.1154 0.5181 0.8475
vn -0.1582 0.4794 0.8632
vn -0.2167 0.7100 0.6700
vn 0.2715 -0.1033 0.9569
vn 0.5748 -0.0874 0.8136
vn -0.4990 -0.8636 -0.0721
vn -0.2183 -0.9576 -0.1881
vn -0.5494 0.6311 0.5476
vn -0.3775 0.7510 0.5417
vn -0.7355 0.6772 -0.0210
vn 0.3168 0.0174 0.9483
vn -0.6228 0.6874 0.3736
vn -0.9125 -0.3411 0.2259
vn -0.9036 -0.0998 0.4166
vn -0.7209 -0.6483 0.2451
vn -0.7716 -0.6296 0.0902
vn -0.4832 0.0339 0.8749
vn -0.4951 -0.1289 0.8592
vn -0.7588 -0.0372 0.6503
vn -0.8854 0.1487 0.4405
vn -0.4221 -0.8918 0.1627
vn -0.8566 0.4204 0.2992
vn -0.8379 0.4136 0.3562
vn -0.9628 0.1772 0.2041
vn -0.9113 0.0238 -0.4111
vn -0.9916 0.1098 -0.0682
vn -0.8993 0.1867 -0.3955
vn -0.7544 0.0227 0.6560
vn -0.0747 0.9972 -0.0000
vn 0.7841 -0.0222 0.6202
vn 0.9451 -0.1103 0.3076
vn 0.9480 -0.0492 0.3144
vn -0.9810 -0.0714 0.1802
vn -0.9604 0.1207 0.2510
vn 0.0533 -0.9662 -0.2522
vn 0.0719 -0.9973 0.0152
vn 0.3460 -0.0375 -0.9375
vn 0.6896 0.1293 -0.7126
vn 0.6817 -0.0339 -0.7308
vn 0.9036 -0.4205 -0.0822
vn 0.9659 -0.1489 -0.2118
vn 0.9833 -0.1780 0.0370
vn 0.0553 0.9704 0.2352
vn 0.8914 -0.0226 -0.4526
vn 0.9778 0.1003 -0.1842
vn 0.0342 -0.0278 -0.9990
vn 0.3580 0.2099 -0.9098
vn 0.7698 0.6305 0.0991
vn 0.9358 0.3479 -0.0565
vn 0.7588 0.6484 -0.0618
vn 0.9953 0.0723 0.0649
vn 0.9893 0.0425 -0.1394
vn 0.6581 0.2241 0.7188
vn 0.4655 0.8646 0.1890
vn 0.3635 -0.8963 -0.2539
vn 0.3802 -0.9249 -0.0096
vn 0.6950 -0.6874 -0.2107
vn 0.7060 -0.7065 -0.0493
vn 0.8994 -0.4136 -0.1414
vn -0.2073 -0.0991 -0.9732
vn 0.0397 0.2256 -0.9734
vn 0.0969 -0.0111 -0.9952
vn 0.4176 0.2656 -0.8689
vn 0.4554 0.1092 -0.8836
vn 0.9403 -0.1371 -0.3116
vn 0.8806 0.1276 -0.4564
vn 0.9633 0.2626 0.0565
vn 0.9670 0.1282 -0.2200
vn -0.2703 0.1593 -0.9495
vn 0.6999 0.2632 -0.6639
vn 0.7138 0.2059 -0.6693
vn 0.8221 0.3700 -0.4328
vn 0.8959 0.1808 -0.4058
vn 0.1216 0.9767 -0.1770
vn 0.2077 0.9765 0.0584
vn 0.4800 0.8370 -0.2627
vn 0.5368 0.8368 -0.1076
vn 0.7371 0.6049 -0.3014
vn 0.9075 0.3702 -0.1982
vn -0.7323 -0.2069 0.6488
vn -0.6871 0.1474 0.7114
vn -0.7282 0.1419 0.6705
vn 0.8797 0.2646 0.3952
vn 0.9775 0.2046 0.0512
vn 0.8564 -0.4644 -0.2258
vn 0.7996 -0.4634 -0.3821
vn 0.7170 -0.0151 0.6969
vn 0.7402 0.2079 0.6395
vn -0.0740 0.9715 -0.2252
vn -0.2069 0.9588 0.1949
vn 0.0959 0.9939 -0.0552
vn -0.3292 0.4817 0.8122
vn -0.5017 0.6232 0.5999
vn -0.5791 0.4074 0.7062
vn -0.0224 0.3674 0.9298
vn 0.0290 0.5107 0.8593
vn -0.6197 -0.1917 0.7611
vn 0.3250 0.9097 -0.2583
vn -0.3194 0.9440 0.0823
vn -0.4519 0.8028 0.3888
vn -0.6792 0.6001 0.4225
vn -0.5613 0.5789 0.5915
vn -0.9702 0.2421 -0.0143
vn -0.8511 0.4634 0.2469
vn -0.9183 0.3865 -0.0854
vn 0.1397 0.8854 -0.4433
vn -0.6334 -0.6863 0.3575
vn -0.7848 -0.5975 0.1643
vn -0.7569 0.3836 0.5291
vn 0.4820 -0.4219 0.7679
vn 0.6687 -0.2528 0.6993
vn 0.4819 -0.4219 0.7680
vn -0.4819 0.4219 -0.7680
vn -0.6687 0.2528 -0.6993
vn -0.7972 0.3338 0.5031
vn -0.9137 0.0215 0.4059
vn -0.9070 0.1628 0.3883
vn 0.6334 0.6863 -0.3575
vn 0.7849 0.5975 -0.1643
vn 0.7357 0.0892 0.6714
vn 0.6258 -0.4532 0.6348
vn 0.7095 -0.0145 0.7045
vn 0.0546 0.9950 -0.0839
vn -0.0227 0.9845 -0.1738
vn -0.0910 0.9513 -0.2946
vn 0.9394 0.1328 0.3160
vn 0.9597 0.1772 0.2183
vn 0.9544 0.2886 0.0766
vn -0.9769 0.1607 0.1408
vn -0.9845 0.1261 -0.1220
vn -0.9852 0.1688 0.0294
vn -0.4658 0.3163 -0.8264
vn -0.5342 0.1719 -0.8277
vn -0.5077 0.0064 -0.8615
vn 0.5750 -0.2616 0.7752
vn 0.6617 0.1230 0.7396
vn 0.6050 -0.1603 0.7799
vn -0.8676 0.1557 -0.4722
vn -0.8967 -0.2732 -0.3483
vn -0.8585 -0.0068 -0.5128
vn -0.1252 0.0890 -0.9881
vn 0.0019 -0.0501 -0.9987
vn -0.1702 -0.0833 -0.9819
vn 0.0700 0.9928 -0.0976
vn 0.1546 0.9601 -0.2330
vn 0.0013 0.9674 -0.2534
vn -0.1089 0.9483 -0.2981
vn 0.9715 0.2369 -0.0011
vn 0.9694 0.2027 -0.1382
vn 0.9543 0.2475 -0.1675
vn 0.8579 -0.3809 -0.3449
vn 0.9021 -0.3819 -0.2010
vn 0.8473 -0.2749 -0.4544
vn -0.0015 0.0771 -0.9970
vn 0.0897 -0.0551 -0.9944
vn -0.9130 -0.4079 -0.0001
vn -0.7845 -0.6039 -0.1406
vn -0.8033 -0.5955 -0.0094
vn 0.9777 -0.0482 -0.2046
vn 0.9918 0.0364 -0.1229
vn 0.9354 -0.2205 -0.2763
vn 0.6828 -0.7306 -0.0000
vn 0.5847 -0.8004 -0.1324
vn 0.6788 -0.7227 -0.1301
vn 0.1015 -0.1504 -0.9834
vn -0.0247 -0.2260 -0.9738
vn 0.4796 -0.8775 -0.0000
vn 0.5932 -0.8050 -0.0000
vn -0.9378 0.2962 0.1811
vn -0.8673 0.4625 0.1843
vn -0.9099 0.3364 0.2427
vn 0.1092 0.9823 0.1522
vn -0.0723 0.9894 0.1256
vn 0.1819 0.9601 0.2124
vn -0.9712 -0.2277 0.0704
vn -0.8873 -0.3260 0.3262
vn -0.9647 -0.1696 0.2013
vn -0.8019 0.2386 -0.5478
vn -0.7300 0.4031 -0.5520
vn -0.7561 0.4960 -0.4269
vn 0.1172 0.9433 0.3105
vn 0.9189 -0.1931 0.3440
vn 0.9946 -0.0657 0.0808
vn 0.9853 -0.1439 -0.0925
vn 0.4305 -0.8644 0.2598
vn 0.4361 -0.8992 0.0363
vn 0.6516 -0.7584 -0.0188
vn -0.1596 0.0726 0.9845
vn 0.1152 -0.0366 0.9927
vn 0.1304 0.0571 0.9898
vn 0.7973 0.6030 0.0252
vn 0.8163 0.5583 -0.1482
vn 0.8016 0.5800 -0.1449
vn 0.9109 -0.1830 -0.3698
vn 0.8867 -0.1468 -0.4385
vn 0.9184 0.0158 -0.3953
vn -0.6363 -0.7149 0.2898
vn -0.5304 -0.8284 0.1799
vn -0.4980 -0.8153 0.2956
vn 0.0137 -0.2680 0.9633
vn 0.2008 -0.0992 0.9746
vn -0.6680 -0.0167 -0.7439
vn -0.8104 0.1524 -0.5657
vn -0.6478 0.1088 -0.7540
vn -0.0946 0.9879 -0.1233
vn 0.0744 0.9575 -0.2787
vn -0.1590 0.9821 -0.1014
vn -0.6595 0.0042 0.7517
vn -0.5340 0.1149 0.8377
vn -0.6269 0.1419 0.7660
vn -0.6847 0.3348 0.6474
vn -0.7365 0.3622 0.5713
vn -0.7460 0.2786 0.6048
vn 0.7398 0.1015 -0.6652
vn 0.6729 0.0255 -0.7393
vn 0.7297 0.0098 -0.6837
vn 0.5371 -0.2694 -0.7994
vn 0.3683 -0.0895 -0.9254
vn 0.5436 -0.1413 -0.8274
vn -0.1614 0.9547 -0.2499
vn -0.3242 0.9432 -0.0732
vn 0.4177 0.0001 0.9086
vn 0.5810 -0.1365 0.8024
vn 0.6380 0.0154 0.7699
vn 0.2631 0.9631 0.0563
vn 0.3026 0.9490 -0.0889
vn 0.4488 0.8803 -0.1536
vn 0.2259 0.9740 0.0156
vn 0.0633 0.3072 -0.9495
vn 0.0272 0.1034 -0.9943
vn 0.0510 0.1403 -0.9888
vn -0.1806 0.9745 0.1333
vn -0.1558 0.9877 -0.0120
vn -0.1376 0.9793 0.1486
vn 0.3879 0.9216 -0.0154
vn 0.3302 0.9111 -0.2469
vn 0.9405 -0.1365 -0.3113
vn 0.8582 0.0183 -0.5130
vn 0.9543 0.0026 -0.2990
vn -0.3202 0.1315 -0.9382
vn -0.2315 0.2198 -0.9477
vn -0.4363 0.2055 -0.8761
vn -0.5926 -0.2041 0.7792
vn -0.6034 -0.3818 0.7001
vn -0.5277 -0.3957 0.7516
vn -0.9914 -0.0542 -0.1194
vn -0.9412 -0.3379 0.0070
vn -0.9891 -0.1194 0.0862
vn -0.9782 0.1657 -0.1251
vn -0.9849 0.1364 0.1062
vn -0.0845 0.2079 -0.9745
vn -0.3199 0.2158 -0.9226
vn -0.1268 0.9912 0.0383
vn -0.2450 0.9600 0.1357
vn -0.1926 0.9803 0.0448
vn 0.1997 0.4053 -0.8921
vn 0.1502 0.5862 -0.7961
vn -0.0076 0.6632 -0.7484
vn -0.6889 0.3647 -0.6265
vn -0.6547 0.0017 -0.7559
vn -0.5981 0.1453 -0.7881
vn 0.0101 -0.6583 0.7526
vn 0.0173 -0.9419 -0.3355
vn -0.1451 -0.8328 -0.5342
vn -0.0389 -0.8262 -0.5620
vn 0.2742 0.6480 0.7106
vn -0.1951 0.5302 0.8251
vn -0.0497 0.6546 0.7544
vn -0.0564 0.9940 0.0939
vn -0.4439 -0.7005 0.5587
vn -0.5393 -0.7844 0.3064
vn -0.4813 -0.8139 0.3254
vn -0.1110 0.9755 -0.1902
vn -0.1921 0.9770 0.0921
vn -0.6499 -0.4682 -0.5986
vn -0.8161 -0.4675 -0.3398
vn -0.8214 -0.2348 -0.5199
vn -0.9760 -0.1117 -0.1868
vn -0.9697 -0.2443 0.0059
vn 0.0356 0.2271 0.9732
vn 0.0284 0.2956 0.9549
vn 0.1244 0.1612 0.9791
vn -0.0693 0.3181 -0.9455
vn -0.0808 0.1344 -0.9876
vn -0.1067 0.2108 -0.9717
vn 0.4859 0.3851 0.7846
vn 0.5293 0.3202 0.7857
vn 0.5267 0.2263 0.8194
vn -0.1850 0.2294 0.9556
vn -0.0682 0.3072 0.9492
vn -0.2094 0.1269 0.9696
vn -0.3501 0.3339 0.8752
vn -0.2791 0.2641 0.9232
vn -0.3313 0.1815 0.9259
vn -0.1999 0.2659 -0.9430
vn -0.0332 0.3272 -0.9444
vn -0.1823 0.4233 -0.8875
vn 0.0025 0.2104 -0.9776
vn -0.0784 0.3291 -0.9410
vn -0.6077 0.2014 -0.7682
vn -0.4280 0.3230 -0.8441
vn 0.8681 -0.4799 0.1272
vn -0.0209 -0.0369 0.9991
vn 0.1987 -0.1275 0.9717
vn -0.1855 -0.1623 0.9692
vn 0.6396 0.7329 -0.2316
vn 0.7431 0.6577 -0.1233
vn 0.7267 0.6763 0.1208
vn 0.4095 0.6148 0.6740
vn 0.8685 0.4814 -0.1181
vn 0.8563 0.4855 -0.1760
vn -0.8955 -0.4025 0.1901
vn -0.9411 -0.3186 -0.1137
vn -0.9660 -0.2079 0.1536
vn 0.6703 -0.1814 0.7196
vn 0.4751 -0.4270 0.7694
vn 0.4393 -0.4090 0.7998
vn -0.8217 -0.5421 0.1759
vn -0.9019 -0.4280 -0.0577
vn 0.0070 0.3157 -0.9488
vn -0.1802 0.3189 -0.9305
vn 0.1331 0.2750 -0.9522
vn -0.9423 0.3349 -0.0016
vn -0.9188 0.3605 0.1607
vn -0.9403 0.3404 -0.0056
vn -0.6661 0.2556 -0.7007
vn -0.7869 -0.5957 0.1611
vn -0.6984 -0.5716 0.4307
vn -0.6378 -0.6852 0.3516
vn -0.0216 0.5186 0.8547
vn -0.1206 0.4435 0.8881
vn 0.1233 0.4914 0.8622
vn 0.0909 0.3107 -0.9461
vn 0.1593 0.3788 -0.9117
vn 0.1166 -0.0747 -0.9904
vn -0.1173 0.0352 -0.9925
vn 0.9315 -0.0981 0.3502
vn 0.9915 -0.1297 0.0060
vn 0.9446 -0.0659 0.3217
vn 0.0560 -0.0293 0.9980
vn -0.0072 -0.0888 0.9960
vn 0.0409 -0.0937 0.9948
vn -0.9387 0.3448 -0.0019
vn -0.9212 0.3809 -0.0788
vn -0.9169 0.3901 -0.0838
vn 0.9917 -0.1286 0.0022
vn 0.9904 -0.1384 0.0019
vn 0.9776 -0.0699 -0.1983
vn 0.9846 -0.0069 -0.1745
vn -0.9191 0.3093 0.2441
vn 0.0025 0.3168 -0.9485
vn 0.0022 0.3078 -0.9514
vn -0.9378 0.3470 -0.0031
vn -0.9415 0.3166 -0.1159
vn -0.1020 0.0014 0.9948
vn -0.0028 -0.0924 0.9957
vn -0.0001 -0.1029 0.9947
vn -0.1144 -0.2493 -0.9616
vn 0.1401 -0.1393 -0.9803
vn 0.6347 0.6858 -0.3561
vn 0.7802 0.6011 -0.1731
vn -0.2158 0.4000 -0.8907
vn -0.0201 0.1103 0.9937
vn 0.9188 -0.2283 0.3221
vn 0.7598 -0.6056 0.2365
vn 0.6172 -0.3608 0.6992
vn 0.7989 -0.4743 0.3698
vn 0.5002 -0.3494 0.7923
vn 0.8300 -0.1008 0.5486
vn 0.0819 -0.7273 0.6815
vn 0.3522 -0.8616 0.3656
vn 0.3738 -0.7321 0.5695
vn -0.9575 -0.2133 0.1939
vn -0.9986 0.0489 0.0220
vn -0.5882 -0.8079 0.0363
vn -0.7623 -0.6444 -0.0607
vn -0.5858 -0.8086 0.0545
vn -0.6995 -0.6426 0.3126
vn -0.8265 -0.5131 -0.2316
vn -0.9472 -0.0887 -0.3083
vn -0.8441 -0.5279 -0.0937
vn 0.3756 -0.8682 -0.3241
vn 0.0998 -0.7662 -0.6348
vn 0.2305 -0.9375 -0.2608
vn 0.1180 -0.6808 -0.7229
vn 0.2141 -0.6675 -0.7131
vn 0.3228 -0.6298 -0.7065
vn 0.4930 -0.7853 -0.3745
vn -0.1003 -0.3180 -0.9428
vn -0.1379 -0.3789 -0.9151
vn -0.0619 -0.4652 -0.8830
vn 0.4651 -0.7887 0.4020
vn 0.4311 -0.9022 0.0131
vn 0.4874 -0.3990 0.7767
vn 0.5815 -0.7121 0.3935
vn 0.5275 -0.3578 0.7705
vn 0.5111 -0.7329 0.4491
vn 0.5263 -0.4956 0.6909
vn 0.5071 -0.8619 -0.0068
vn 0.6177 -0.7055 0.3475
vn 0.3487 -0.6421 0.6827
vn 0.4561 -0.2901 0.8413
vn 0.6181 -0.2597 0.7420
vn -0.0352 -0.9603 0.2766
vn 0.1401 -0.7061 0.6941
vn 0.0404 -0.9458 0.3221
vn 0.2618 -0.6727 0.6920
vn 0.0428 -0.8961 0.4417
vn 0.2950 -0.2814 0.9131
vn 0.1286 -0.6461 0.7523
vn 0.6272 0.4019 -0.6672
vn 0.2825 0.6945 -0.6617
vn 0.9377 0.2435 -0.2477
vn 0.6952 0.5063 -0.5103
vn 0.9995 -0.0293 -0.0126
vn 0.9774 -0.1798 -0.1116
vn 0.9474 0.1953 -0.2534
vn 0.9679 0.0365 -0.2487
vn 0.7640 0.5014 -0.4061
vn 0.9509 0.0930 -0.2951
vn 0.3685 0.8845 -0.2863
vn 0.7660 0.6345 -0.1034
vn 0.3879 0.9180 0.0825
vn -0.3480 0.9115 0.2194
vn -0.0422 0.9974 -0.0589
vn -0.7148 0.6903 0.1118
vn -0.4841 0.8412 -0.2408
vn -0.8964 0.4432 -0.0081
vn -0.7447 0.5745 -0.3397
vn -0.7411 0.6345 -0.2198
vn -0.8052 0.3816 -0.4539
vn -0.9409 0.3264 -0.0905
vn -0.4246 0.5339 -0.7312
vn -0.0489 0.8303 -0.5552
vn -0.4397 0.7495 -0.4950
vn 0.1455 0.9814 0.1251
vn -0.3233 0.9455 -0.0379
vn 0.0125 0.9843 -0.1761
vn -0.2274 0.9692 0.0943
vn -0.2537 0.9649 0.0671
vn -0.1214 0.7825 0.6107
vn 0.2410 0.7729 0.5869
vn 0.3035 0.2989 0.9047
vn -0.5284 0.8464 0.0658
vn -0.5863 0.8099 -0.0170
vn -0.4644 0.8850 -0.0332
vn 0.8919 0.4497 0.0484
vn 0.6584 0.6933 0.2931
vn 0.9891 -0.1124 0.0952
vn 0.9298 0.0856 0.3580
vn 0.8491 -0.3141 0.4246
vn 0.7743 -0.0888 0.6265
vn 0.9668 -0.1399 0.2140
vn 0.6789 0.3297 0.6560
vn 0.9447 0.0791 0.3181
vn 0.7222 -0.1467 0.6759
vn 0.4502 -0.3730 0.8113
vn 0.8914 -0.3532 0.2840
vn 0.7734 -0.4332 0.4628
vn 0.8958 -0.3991 0.1954
vn 0.9184 -0.1079 0.3808
vn 0.7566 -0.4437 0.4803
vn 0.3353 -0.6743 0.6579
vn 0.6127 -0.6931 0.3797
vn -0.9580 0.2714 -0.0928
vn -0.8069 0.2792 -0.5205
vn -0.9040 0.4170 0.0944
vn -0.8542 0.3283 -0.4032
vn -0.6990 0.6650 -0.2629
vn -0.5990 0.4606 -0.6551
vn -0.8037 0.5549 -0.2149
vn -0.4810 0.3568 -0.8008
vn -0.5088 0.4648 -0.7246
vn -0.3303 -0.7533 0.5688
vn -0.6995 -0.4018 0.5910
vn -0.1237 -0.7266 0.6758
vn -0.9103 0.2538 0.3270
vn -0.8232 -0.2278 0.5200
vn -0.9385 0.3182 0.1341
vn -0.9908 0.1329 -0.0256
vn -0.9474 0.0845 0.3088
vn -0.9647 -0.1160 0.2363
vn -0.9493 -0.1585 0.2717
vn -0.6062 -0.4536 0.6533
vn -0.0038 -0.4894 0.8721
vn -0.4417 -0.2714 0.8551
vn -0.8006 0.2829 0.5281
vn -0.9867 0.0288 0.1599
vn -0.9583 -0.1191 0.2598
vn -0.9442 -0.1476 0.2944
vn -0.8341 -0.1391 0.5338
vn -0.7007 0.2114 0.6814
vn -0.8758 -0.4808 -0.0423
vn -0.9133 -0.3677 -0.1753
vn -0.9273 -0.3736 0.0232
vn -0.1148 -0.0633 -0.9914
vn -0.3038 -0.3997 -0.8648
vn 0.0210 -0.2045 -0.9786
vn -0.3879 -0.3647 -0.8464
vn -0.4467 -0.3208 -0.8352
vn -0.4880 -0.1942 -0.8510
vn -0.2479 0.0780 -0.9656
vn -0.5602 -0.6323 -0.5351
vn -0.5722 -0.6266 -0.5291
vn -0.5404 -0.5496 -0.6371
vn -0.0762 0.4302 -0.8995
vn 0.0486 0.7203 -0.6919
vn -0.2629 0.5339 -0.8036
vn 0.2770 0.6322 -0.7236
vn 0.2944 0.6395 -0.7102
vn 0.3827 0.4133 -0.8263
vn 0.0629 0.2785 -0.9584
vn 0.5612 0.6759 -0.4777
vn 0.3427 0.8459 -0.4088
vn 0.4375 0.7299 -0.5252
vn -0.1912 0.8006 0.5679
vn -0.5252 0.5560 0.6442
vn 0.4244 0.7619 0.4893
vn -0.0114 0.7111 0.7030
vn 0.4595 0.7616 0.4570
vn -0.0145 0.7731 0.6341
vn 0.3012 0.8003 0.5185
vn -0.3730 0.4551 0.8085
vn 0.0420 0.6298 0.7756
vn -0.3400 -0.0832 0.9367
vn -0.3306 -0.0481 0.9425
vn -0.7476 0.0828 0.6589
vn -0.4900 -0.0827 0.8678
vn -0.9751 0.1230 0.1843
vn -0.8376 -0.0318 0.5453
vn -0.9957 -0.0130 0.0913
vn -0.9334 0.2432 0.2637
vn -0.7299 0.2046 0.6523
vn -0.7676 -0.0044 0.6409
vn 0.8238 0.0845 0.5606
vn 0.9824 -0.0484 0.1803
vn 0.5277 0.0657 0.8469
vn 0.8924 0.0004 0.4513
vn 0.6666 -0.1359 0.7329
vn 0.5374 -0.2983 0.7888
vn 0.8920 -0.2996 0.3386
vn 0.9704 -0.2391 0.0334
vn 0.8244 -0.4345 0.3627
vn 0.7913 -0.3949 -0.4668
vn 0.7735 -0.4658 -0.4299
vn 0.4770 -0.2977 -0.8269
vn 0.7142 -0.4586 -0.5288
vn 0.1136 -0.3273 -0.9381
vn 0.0466 -0.6348 -0.7713
vn 0.4901 -0.5399 -0.6843
vn 0.3955 -0.6861 -0.6107
vn -0.0224 -0.8425 -0.5382
vn 0.5053 -0.4666 -0.7260
vn -0.6511 0.2324 -0.7225
vn -0.3354 -0.0968 -0.9371
vn -0.9443 0.1989 -0.2621
vn -0.8208 -0.0026 -0.5712
vn -0.9799 0.1598 -0.1191
vn -0.9131 0.3611 -0.1894
vn -0.7987 0.0728 -0.5974
vn -0.3840 -0.3470 -0.8557
vn -0.7820 -0.2688 -0.5624
vn 0.3147 -0.9045 -0.2877
vn 0.7096 -0.7036 -0.0369
vn -0.1173 -0.9722 -0.2028
vn 0.2383 -0.9703 -0.0415
vn -0.2581 -0.9527 -0.1605
vn -0.2150 -0.9256 -0.3114
vn 0.2257 -0.9642 -0.1393
vn 0.6888 -0.6722 0.2715
vn 0.3304 -0.9101 0.2501
vn 0.9421 -0.3187 0.1047
vn 0.9990 0.0435 -0.0074
vn 0.8980 -0.2559 0.3579
vn 0.9605 0.1551 0.2310
vn 0.9082 0.1280 0.3985
vn 0.8752 0.4625 0.1417
vn 0.9692 0.1839 0.1641
vn 0.8280 0.5494 0.1120
vn 0.7840 0.5830 0.2133
vn -0.0778 -0.3796 -0.9219
vn 0.0966 -0.0088 -0.9953
vn -0.0135 -0.3690 -0.9293
vn -0.3353 -0.7689 -0.5443
vn -0.5342 -0.8428 -0.0660
vn -0.4998 -0.7148 -0.4892
vn -0.3355 -0.9326 -0.1329
vn -0.3340 -0.7779 -0.5322
vn -0.2879 -0.7871 -0.5456
vn -0.2344 -0.3701 -0.8989
vn -0.1237 -0.0131 -0.9922
vn -0.3173 -0.3847 -0.8668
vn 0.6229 0.5869 -0.5173
vn 0.5100 0.8452 -0.1596
vn 0.6131 0.7424 -0.2703
vn 0.3272 0.3965 -0.8578
vn 0.4968 0.7275 -0.4733
vn 0.1434 0.1607 -0.9765
vn 0.4851 0.3667 -0.7938
vn -0.0604 0.1603 -0.9852
vn -0.2258 0.2487 -0.9419
vn 0.0510 0.5204 -0.8524
vn -0.1882 0.6015 -0.7764
vn 0.2106 0.8672 -0.4511
vn 0.1051 0.9925 -0.0619
vn -0.0525 0.9102 -0.4109
vn 0.3167 0.9464 -0.0632
vn 0.0780 -0.5883 0.8049
vn -0.0871 -0.2538 0.9633
vn -0.0559 -0.8954 0.4418
vn -0.2234 -0.5727 0.7888
vn -0.3869 -0.9019 0.1919
vn -0.6248 -0.7236 0.2932
vn -0.3158 -0.7744 0.5482
vn -0.7221 -0.4632 0.5138
vn -0.6411 -0.3214 0.6969
vn -0.5018 -0.6488 0.5721
vn -0.3739 -0.2280 0.8990
vn -0.4258 -0.4983 0.7553
vn 0.4986 0.7476 0.4387
vn 0.5739 0.7125 0.4036
vn 0.5377 0.8428 0.0239
vn 0.3234 0.8079 0.4927
vn 0.2129 0.8119 0.5436
vn 0.3258 0.9370 0.1262
vn 0.2441 0.4173 0.8754
vn 0.2269 0.4076 0.8845
vn 0.0951 0.0128 0.9954
vn 0.2475 0.4041 0.8806
vn 0.0708 0.4170 0.9061
vn -0.1255 0.0349 0.9915
vn -0.2995 0.0658 0.9518
vn 0.2358 0.4793 0.8454
vn 0.3992 0.0892 0.9125
vn 0.1853 0.8568 0.4813
vn 0.4471 0.5485 0.7065
vn 0.4819 0.7955 0.3673
vn 0.6570 0.4189 0.6268
vn 0.2862 0.8183 0.4984
vn 0.5831 0.1141 0.8044
vn 0.3908 0.6144 0.6854
vn -0.4768 0.5085 -0.7170
vn -0.8049 0.3057 -0.5086
vn -0.7027 0.1090 -0.7031
vn -0.0405 0.7698 -0.6370
vn -0.4834 0.6485 -0.5881
vn -0.1522 0.9057 -0.3956
vn -0.6230 0.7331 -0.2727
vn -0.0643 0.7615 -0.6449
vn -0.8381 0.4867 -0.2465
vn -0.3645 0.6988 -0.6155
vn 0.8672 0.0165 0.4977
vn 0.7859 0.4764 0.3942
vn 0.9484 -0.1435 0.2827
vn 0.8547 0.3740 0.3600
vn 0.9919 0.1221 -0.0355
vn 0.9789 -0.1790 0.0985
vn 0.7509 0.6300 -0.1980
vn 0.9841 0.1200 0.1310
vn 0.5851 0.8101 -0.0376
vn 0.7922 0.6103 -0.0063
vn -0.0563 0.6335 0.7717
vn -0.0353 0.7875 0.6153
vn -0.4969 0.3696 0.7851
vn -0.2950 0.4175 0.8595
vn -0.6695 0.6371 0.3819
vn -0.6906 0.4832 0.5382
vn -0.2289 0.9010 0.3684
vn -0.4308 0.8532 0.2941
vn -0.8938 -0.3479 0.2829
vn -0.8563 -0.3001 0.4203
vn -0.7974 -0.1646 0.5806
vn -0.7732 0.1651 0.6123
vn -0.8097 0.3357 0.4814
vn -0.9960 0.0499 -0.0739
vn -0.9955 -0.0918 -0.0241
vn -0.9590 -0.2624 0.1067
vn -0.9124 0.3734 0.1679
vn -0.9713 0.2379 0.0076
vn 0.9436 -0.2400 0.2279
vn 0.9252 -0.3752 0.0573
vn 0.9024 -0.3358 -0.2699
vn 0.8990 -0.1651 -0.4057
vn 0.8943 0.0374 -0.4459
vn 0.9148 0.1652 -0.3687
vn 0.9328 0.3007 -0.1986
vn 0.9399 0.3413 0.0024
vn 0.9557 0.2651 0.1281
vn 0.9596 0.0947 0.2649
vn 0.9969 0.0758 -0.0231
vn 0.9807 -0.0733 -0.1814
vn 0.9192 -0.1370 -0.3691
vn 0.8650 -0.0717 -0.4967
vn 0.7747 0.0786 -0.6274
vn 0.6984 0.3963 -0.5960
vn 0.7146 0.5452 -0.4383
vn 0.7580 0.6049 -0.2442
vn 0.8290 0.5452 -0.1248
vn 0.9183 0.3958 0.0062
vn -0.5799 0.2163 0.7855
vn -0.4235 0.3624 0.8303
vn -0.3103 0.5345 0.7862
vn -0.3197 0.6515 0.6880
vn -0.3818 0.7682 0.5138
vn -0.8701 0.4102 0.2732
vn -0.8729 0.3023 0.3830
vn -0.8098 0.1851 0.5568
vn -0.4930 0.7975 0.3479
vn -0.6112 0.7387 0.2843
vn -0.7685 0.5932 0.2398
vn -0.7842 0.1709 -0.5966
vn -0.6781 0.5582 -0.4781
vn -0.6848 0.1806 -0.7060
vn -0.5587 0.5901 -0.5828
vn -0.5094 0.5440 -0.6667
vn -0.2384 0.9046 -0.3534
vn -0.5926 0.6227 -0.5109
vn -0.2826 0.9003 -0.3311
vn -0.3764 0.8402 -0.3903
vn 0.8680 0.4480 0.2140
vn 0.8924 0.0732 0.4453
vn 0.5504 0.8323 0.0664
vn 0.8609 0.3862 0.3313
vn 0.5716 0.7708 0.2812
vn 0.3570 0.8833 0.3039
vn 0.6837 0.4342 0.5865
vn 0.7768 0.0725 0.6256
vn 0.5983 0.4952 0.6299
vn -0.5165 0.2841 -0.8078
vn -0.1210 0.4315 -0.8940
vn -0.5040 0.0395 -0.8628
vn -0.8746 0.0716 -0.4796
vn -0.9945 0.0296 -0.1007
vn -0.8958 0.1128 -0.4299
vn -0.9889 0.1444 -0.0360
vn -0.9672 -0.0981 -0.2345
vn -0.8669 0.2923 -0.4038
vn -0.9176 -0.1260 -0.3771
vn -0.5033 0.7904 -0.3493
vn -0.8848 0.2473 -0.3949
vn -0.5154 0.6181 -0.5936
vn -0.1113 0.7785 -0.6178
vn 0.9981 0.0543 -0.0301
vn 0.8191 0.5698 0.0670
vn 0.8488 -0.0682 -0.5243
vn 0.9212 0.3479 -0.1743
vn 0.6824 -0.2666 -0.6806
vn 0.9561 -0.1583 -0.2466
vn 0.3949 -0.1685 -0.9031
vn 0.1220 0.0486 -0.9913
vn 0.5019 0.2362 -0.8320
vn 0.0832 0.7923 -0.6044
vn 0.0798 0.4400 -0.8945
vn 0.5637 0.6749 -0.4762
vn 0.4960 0.8675 -0.0376
vn -0.9590 -0.2743 -0.0715
vn -0.7849 -0.4163 -0.4589
vn -0.8994 -0.4179 -0.1281
vn -0.9964 -0.0454 -0.0714
vn -0.8623 -0.3192 -0.3931
vn -0.8621 0.1035 -0.4960
vn -0.4636 0.0310 -0.8855
vn -0.9020 0.0022 -0.4316
vn -0.6106 -0.1369 -0.7800
vn -0.4489 -0.2740 -0.8505
vn 0.8080 0.1113 -0.5786
vn 0.9800 0.0398 -0.1951
vn 0.3862 -0.0153 -0.9223
vn 0.7650 -0.0901 -0.6377
vn 0.3761 -0.1055 -0.9205
vn 0.7614 -0.0259 -0.6478
vn 0.5049 -0.0509 -0.8617
vn 0.9672 -0.1501 -0.2050
vn 0.7863 -0.2327 -0.5724
vn 0.2352 -0.4514 -0.8608
vn -0.3708 -0.3287 -0.8686
vn 0.4632 -0.7512 -0.4703
vn -0.0998 -0.5460 -0.8318
vn 0.0952 -0.9907 -0.0969
vn 0.4669 -0.8717 -0.1487
vn -0.5059 -0.8585 -0.0842
vn 0.1495 -0.9070 -0.3936
vn -0.7306 -0.4940 -0.4715
vn -0.4981 -0.7725 -0.3939
vn 0.4940 0.0665 -0.8669
vn 0.3553 -0.3837 -0.8524
vn 0.2028 -0.1090 -0.9731
vn 0.9237 -0.0386 -0.3812
vn 0.5760 -0.2099 -0.7901
vn 0.9931 -0.0873 -0.0783
vn 0.8556 0.2017 -0.4768
vn 0.7693 -0.5194 -0.3719
vn 0.5902 -0.6640 -0.4591
vn 0.8624 -0.4996 -0.0817
vn -0.7202 0.6501 -0.2423
vn -0.9330 0.2843 -0.2205
vn -0.4255 0.8990 0.1033
vn -0.6956 0.7137 0.0818
vn -0.3307 0.9233 0.1955
vn -0.3104 0.9506 0.0080
vn -0.6992 0.7149 0.0034
vn -0.9648 0.2497 0.0820
vn -0.7459 0.6092 0.2692
vn 0.8770 0.0796 0.4738
vn 0.6490 0.4003 0.6470
vn 0.8698 0.4698 0.1506
vn 0.7853 0.3523 0.5092
vn 0.8301 0.5575 0.0102
vn 0.9755 0.1312 0.1768
vn 0.9753 0.2182 -0.0348
vn 0.4319 0.8958 0.1053
vn 0.4081 0.7938 0.4509
vn 0.5658 0.7656 0.3061
vn -0.8263 -0.1901 0.5302
vn -0.9986 -0.0000 -0.0525
vn -0.4796 -0.1291 0.8680
vn -0.9414 0.0774 0.3282
vn -0.5853 0.3492 0.7317
vn -0.0804 0.4735 0.8771
vn -0.4628 0.8255 0.3231
vn -0.3455 0.9344 -0.0867
vn -0.0973 0.8477 0.5215
vn -0.1628 0.9702 0.1793
vn -0.5695 0.7554 -0.3242
vn -0.8422 0.5353 -0.0647
vn -0.9245 0.2343 -0.3008
vn 0.4016 -0.0852 0.9118
vn 0.1322 0.3636 0.9221
vn 0.6870 -0.1358 0.7139
vn 0.4079 0.1429 0.9018
vn 0.8350 -0.2230 0.5030
vn 0.7076 -0.1299 0.6945
vn 0.8651 -0.1425 0.4809
vn 0.7554 -0.3143 0.5749
vn 0.7070 0.0397 0.7061
vn 0.6766 -0.3418 0.6522
vn 0.4786 0.6718 0.5653
vn 0.7247 0.0166 0.6889
vn 0.4483 0.4774 0.7557
vn 0.1099 0.7622 0.6380
vn -0.5133 -0.6553 0.5543
vn -0.7356 -0.6264 0.2579
vn -0.2872 -0.4193 0.8612
vn -0.6093 -0.6024 0.5157
vn -0.3727 -0.1711 0.9120
vn -0.1166 -0.1637 0.9796
vn -0.7343 -0.3570 0.5773
vn -0.4389 -0.3552 0.8253
vn -0.8440 -0.4591 0.2773
vn -0.7362 -0.2698 0.6207
vn 0.9158 0.3949 0.0729
vn 0.7575 0.4178 0.5017
vn 0.9758 0.2004 0.0876
vn 0.7934 0.1793 0.5817
vn 0.8655 0.0411 0.4993
vn 0.4179 0.0170 0.9083
vn 0.7728 0.2473 0.5845
vn 0.3898 0.1092 0.9144
vn 0.5285 0.1141 0.8413
vn -0.2424 -0.9458 0.2160
vn -0.4450 -0.6983 0.5607
vn 0.1864 -0.9723 0.1411
vn -0.2494 -0.8548 0.4551
vn 0.3913 -0.7993 0.4561
vn 0.1660 -0.9423 0.2906
vn 0.2164 -0.4929 0.8428
vn 0.2273 -0.8837 0.4093
vn -0.2177 -0.4430 0.8697
vn 0.0159 -0.6061 0.7952
vn 0.3659 -0.4056 0.8377
vn 0.5117 0.1877 0.8384
vn 0.8347 -0.3874 0.3915
vn 0.6606 -0.1213 0.7409
vn 0.9061 -0.4203 0.0483
vn 0.5407 -0.6972 0.4707
vn 0.9876 0.1571 -0.0071
vn 0.8359 0.5485 -0.0183
vn 0.9265 0.1245 0.3551
vn 0.7911 0.4702 0.3913
vn -0.7493 0.4748 0.4616
vn -0.5867 0.7233 0.3643
vn -0.6595 0.4631 0.5921
vn -0.8180 0.4726 0.3279
vn -0.6265 0.7534 0.1999
vn -0.6764 0.7227 0.1420
vn -0.3713 0.9285 0.0058
vn -0.5986 0.7630 0.2442
vn -0.3551 0.9331 0.0565
vn -0.4403 0.8934 0.0892
vn 0.4595 0.2318 -0.8574
vn 0.6576 -0.2175 -0.7213
vn 0.2190 0.7495 -0.6248
vn 0.5760 0.1343 -0.8064
vn 0.4861 0.6547 -0.5789
vn 0.4422 0.8362 -0.3244
vn 0.8175 0.1980 -0.5408
vn 0.8018 -0.2341 -0.5498
vn 0.8472 0.2894 -0.4455
vn -0.8254 0.5338 0.1841
vn -0.9136 0.3197 0.2514
vn -0.6643 0.6015 0.4437
vn -0.6648 0.7453 -0.0511
vn -0.5361 0.7925 -0.2907
vn -0.4933 0.8529 0.1711
vn -0.7371 0.4610 -0.4941
vn -0.8532 0.4730 -0.2197
vn -0.9446 0.2302 -0.2342
vn -0.1997 0.7087 -0.6767
vn -0.4523 0.8080 -0.3776
vn 0.1127 0.8067 -0.5800
vn 0.0702 0.2108 -0.9750
vn 0.0643 -0.1367 -0.9885
vn 0.3410 0.2962 -0.8922
vn -0.4625 0.2808 -0.8410
vn -0.6377 0.4263 -0.6416
vn -0.3936 -0.0229 -0.9190
vn 0.4997 0.3552 0.7900
vn 0.1310 -0.0510 0.9901
vn 0.4355 0.7896 0.4323
vn 0.2721 0.2762 0.9218
vn 0.2449 0.9515 0.1861
vn 0.1451 0.7467 0.6491
vn -0.0685 0.8848 0.4610
vn -0.2432 0.3417 0.9078
vn -0.2963 -0.0097 0.9550
vn -0.4274 0.4802 0.7660
vn 0.2909 0.2832 -0.9139
vn 0.2118 0.6353 -0.7426
vn 0.5055 0.2552 -0.8242
vn 0.4011 0.6393 -0.6561
vn 0.5610 0.5422 -0.6255
vn 0.6970 0.1556 -0.7000
vn 0.2995 0.8562 -0.4209
vn 0.3287 0.6948 -0.6396
vn 0.2768 0.8918 -0.3580
vn 0.4097 0.8626 -0.2967
vn 0.8480 -0.0898 0.5224
vn 0.6026 0.3973 0.6921
vn 0.9714 0.2313 -0.0532
vn 0.8211 0.2676 0.5042
vn 0.8781 0.3392 -0.3375
vn 0.9958 -0.0864 0.0313
vn 0.6063 0.7659 -0.2142
vn 0.4685 0.8283 0.3073
vn 0.6849 0.7215 0.1019
vn 0.4665 0.6656 -0.5826
vn 0.2466 0.8084 -0.5345
vn 0.8077 0.3531 -0.4722
vn 0.5854 0.7257 -0.3615
vn 0.6578 0.3545 -0.6646
vn 0.6730 0.0636 -0.7369
vn 0.3565 0.4427 -0.8228
vn 0.1320 0.5435 -0.8289
vn 0.3159 0.1544 -0.9361
vn 0.0443 0.2315 -0.9718
vn -0.9545 -0.0099 0.2979
vn -0.8857 0.4570 0.0814
vn -0.8366 -0.1154 0.5355
vn -0.8647 0.3457 0.3645
vn -0.6708 -0.1429 0.7277
vn -0.6990 0.1285 0.7035
vn -0.5347 -0.0140 0.8449
vn -0.4356 0.4566 0.7758
vn -0.2854 0.6152 0.7349
vn -0.4285 0.1814 0.8851
vn -0.3221 0.3640 0.8739
vn -0.2041 0.8818 0.4251
vn -0.5309 0.7100 0.4626
vn -0.5605 0.8248 0.0746
vn -0.7663 0.4590 -0.4496
vn -0.9006 0.1154 -0.4190
vn -0.8621 0.5000 -0.0818
vn -0.4226 0.8203 -0.3854
vn -0.1044 0.9368 -0.3340
vn -0.5441 0.8335 -0.0962
vn -0.2499 0.9582 -0.1392
vn -0.1982 0.6721 -0.7135
vn -0.0850 0.5110 -0.8554
vn -0.0142 0.8101 -0.5861
vn -0.5180 0.3561 -0.7777
vn -0.6679 0.1650 -0.7258
vn -0.2593 0.3414 -0.9035
vn -0.8092 -0.5512 -0.2034
vn -0.8220 -0.4319 0.3712
vn -0.2977 -0.9541 -0.0323
vn -0.7500 -0.6436 0.1527
vn -0.0109 -0.9994 0.0343
vn -0.4307 -0.8390 -0.3325
vn -0.1168 -0.9455 -0.3039
vn 0.0431 -0.8347 0.5491
vn -0.3553 -0.5485 0.7569
vn -0.0375 -0.6010 0.7984
vn -0.2653 -0.7893 0.5537
vn -0.8730 -0.0362 -0.4864
vn -0.8045 -0.5061 -0.3109
vn -0.9433 -0.2241 -0.2448
vn -0.5966 0.1584 -0.7868
vn -0.7935 -0.3178 -0.5190
vn -0.2476 -0.1287 -0.9603
vn -0.1607 -0.6062 -0.7789
vn -0.4917 -0.1195 -0.8625
vn -0.4391 -0.7841 -0.4385
vn -0.4110 -0.6118 -0.6758
vn -0.6766 0.5250 0.5164
vn -0.4654 0.7569 0.4589
vn -0.4922 0.8664 0.0837
vn -0.4985 0.8582 -0.1225
vn -0.5967 0.7510 -0.2826
vn -0.8221 0.5323 -0.2022
vn -0.4003 0.9154 -0.0435
vn -0.3081 0.9264 0.2163
vn -0.3896 0.8796 -0.2729
vn -0.4393 0.8010 0.4067
vn -0.0792 0.8740 0.4795
vn -0.9240 0.3465 -0.1618
vn -0.5804 0.8125 -0.0548
vn -0.8138 0.4507 0.3669
vn -0.9534 0.0963 0.2859
vn -0.3483 0.4935 0.7970
vn 0.1185 0.5246 0.8431
vn -0.3860 0.4990 0.7759
vn 0.1349 0.5944 0.7927
vn 0.0430 0.4414 0.8963
vn -0.0494 0.6222 0.7813
vn -0.0346 0.4149 0.9092
vn -0.0983 0.6182 0.7799
vn -0.2916 -0.0103 -0.9565
vn -0.0769 0.4908 -0.8679
vn -0.5220 -0.2882 -0.8028
vn -0.2412 0.2712 -0.9318
vn -0.6452 0.1430 -0.7505
vn -0.5235 0.8021 -0.2874
vn -0.8538 0.2923 -0.4307
vn -0.1324 0.9723 -0.1924
vn -0.3866 0.6760 -0.6274
vn -0.0401 0.8433 -0.5360
vn -0.6483 0.0545 0.7594
vn -0.3450 0.0872 0.9345
vn -0.6419 0.3750 0.6689
vn -0.9207 -0.2009 0.3345
vn -0.8827 -0.4615 0.0883
vn -0.9539 0.0183 0.2996
vn -0.6576 -0.4731 0.5863
vn -0.4896 -0.4557 0.7434
vn -0.6903 -0.6602 0.2959
vn -0.5209 -0.7044 0.4822
vn 0.0805 0.9283 0.3629
vn -0.0721 0.9039 0.4216
vn 0.1214 0.7076 0.6961
vn 0.0617 0.8832 0.4649
vn 0.3112 0.3714 0.8748
vn 0.2953 0.6908 0.6600
vn 0.1478 0.7334 0.6636
vn -0.0147 0.6247 0.7807
vn 0.1469 0.3552 0.9232
vn 0.0965 0.5073 0.8564
vn -0.0463 0.5050 0.8619
vn 0.1793 0.2305 0.9564
vn 0.3059 0.6573 0.6888
vn 0.3529 0.7216 0.5957
vn 0.3533 0.3531 0.8663
vn 0.4570 0.4528 0.7656
vn 0.1121 0.9614 0.2511
vn -0.0540 0.8726 0.4854
vn 0.0703 0.8590 0.5071
vn -0.4309 0.2199 -0.8752
vn -0.4862 0.5348 -0.6911
vn -0.2607 0.3007 -0.9174
vn -0.3179 0.6172 -0.7197
vn -0.1827 0.6121 -0.7694
vn -0.3042 0.8376 -0.4538
vn -0.3691 0.6583 -0.6560
vn -0.2818 0.8697 -0.4051
vn -0.1527 0.8923 -0.4249
vn 0.8148 0.2520 -0.5221
vn 0.3407 0.1036 -0.9344
vn 0.4340 -0.0407 -0.9000
vn -0.2412 0.2234 0.9444
vn -0.5548 0.1544 0.8176
vn -0.1862 0.4094 0.8932
vn -0.2578 0.0658 0.9640
vn -0.6256 -0.0744 0.7766
vn -0.5321 -0.2366 0.8129
vn -0.8225 -0.3334 0.4608
vn -0.6369 -0.0515 0.7692
vn -0.8678 -0.1849 0.4612
vn -0.8081 -0.1752 0.5624
vn -0.8181 -0.2909 -0.4961
vn -0.9730 -0.0438 -0.2265
vn -0.5171 -0.2505 -0.8184
vn -0.8147 0.0909 -0.5728
vn -0.2501 0.0014 -0.9682
vn -0.2172 0.2190 -0.9512
vn -0.6386 0.1225 -0.7598
vn -0.5752 0.3894 -0.7194
vn -0.8435 0.3741 -0.3854
vn -0.6017 0.3037 -0.7387
vn -0.9618 0.2057 -0.1807
vn -0.8288 0.2893 -0.4790
vn 0.9299 0.3401 -0.1401
vn 0.7601 0.4171 -0.4982
vn 0.9920 0.1045 -0.0708
vn 0.7803 0.3921 -0.4873
vn 0.8048 0.1348 -0.5780
vn 0.3953 0.3019 -0.8675
vn 0.8517 0.2857 -0.4394
vn 0.4278 0.2434 -0.8705
vn 0.1018 0.1951 -0.9755
vn 0.4306 0.2846 -0.8565
vn 0.4623 0.1145 -0.8793
vn 0.1300 0.0276 -0.9911
vn 0.0651 0.3466 0.9357
vn 0.3672 0.6202 0.6932
vn 0.0130 0.1444 0.9894
vn 0.3345 0.4898 0.8052
vn 0.3380 0.2292 0.9128
vn 0.2753 -0.0520 0.9600
vn 0.8175 0.2235 0.5307
vn 0.6208 -0.0627 0.7814
vn 0.9894 0.1256 0.0724
vn 0.7704 0.4904 0.4073
vn 0.6576 0.6432 0.3922
vn 0.9268 0.3624 0.0985
vn 0.8397 0.5253 0.1377
vn -0.4442 0.3174 0.8378
vn -0.1042 0.3160 0.9430
vn -0.4734 0.3535 0.8068
vn -0.8339 0.2075 0.5115
vn -0.9909 -0.0159 0.1338
vn -0.8595 0.0458 0.5090
vn -0.9743 0.1790 0.1368
vn -0.7202 0.2141 0.6599
vn -0.3557 0.0634 0.9325
vn -0.8035 0.1880 0.5648
vn -0.0928 0.1291 0.9873
vn -0.4012 0.1631 0.9013
vn 0.5915 0.6203 0.5151
vn 0.1480 0.3016 0.9419
vn 0.1122 0.5878 -0.8012
vn 0.4684 0.7432 -0.4777
vn 0.0329 -0.5772 0.8159
vn 0.3641 -0.3263 0.8723
vn -0.4533 -0.6565 0.6029
vn -0.0859 -0.4841 0.8708
vn -0.5186 -0.5355 0.6665
vn -0.0896 -0.5376 0.8384
vn -0.3794 -0.6008 0.7036
vn 0.3082 -0.2637 0.9140
vn -0.0831 -0.3786 0.9218
vn 0.5909 -0.0435 0.8056
vn 0.8417 0.1695 0.5127
vn 0.8291 0.2897 0.4781
vn 0.7715 0.3152 0.5526
vn 0.6685 0.3758 0.6418
vn 0.5058 0.0875 0.8582
vn 0.3565 0.1970 0.9133
vn 0.8042 0.5821 0.1202
vn 0.8563 0.5059 0.1045
vn 0.8649 0.4581 0.2051
vn -0.1066 -0.0171 0.9942
vn -0.3114 0.1456 0.9391
vn -0.9060 0.3764 0.1936
vn -0.6984 0.3557 0.6211
vn -0.8083 0.4797 -0.3413
vn -0.5087 0.4980 -0.7023
vn 0.6462 -0.0617 0.7606
vn 0.0983 -0.0757 0.9923
vn 0.2346 -0.0624 0.9701
vn 0.3034 -0.0302 -0.9524
vn 0.8095 -0.1994 -0.5522
vn 0.0928 0.4776 0.8737
vn -0.1803 0.7928 0.5822
vn -0.7435 0.4272 0.5145
vn -0.4670 0.1853 0.8646
vn -0.3238 0.3520 -0.8782
vn -0.7036 0.4990 -0.5059
vn 0.7520 -0.4617 0.4704
vn 0.4626 -0.3135 0.8293
vn 0.1193 -0.1231 0.9852
vn 0.8981 -0.4259 -0.1098
vn 0.8257 -0.3317 -0.4563
vn 0.5531 -0.1362 -0.8219
vn 0.1452 -0.7879 -0.5985
vn -0.1857 -0.4699 -0.8630
vn -0.0616 -0.4394 -0.8962
vn 0.0928 -0.9166 0.3889
vn 0.2327 -0.5948 0.7695
vn -0.0902 0.9165 -0.3898
vn -0.2301 0.5947 -0.7703
vn 0.0742 0.8105 0.5810
vn 0.0837 0.4102 0.9081
vn 0.0758 0.0213 0.9969
vn -0.2934 -0.9290 -0.2257
vn -0.0761 -0.8028 -0.5914
vn -0.3496 -0.3805 -0.8562
vn -0.0843 -0.3977 -0.9136
vn 0.5263 0.8484 0.0566
vn 0.6120 0.7905 -0.0256
vn 0.6720 0.5823 0.4576
vn 0.7629 0.5179 0.3870
vn -0.6079 -0.7935 0.0280
vn -0.8390 -0.4510 -0.3044
vn -0.7615 -0.5221 -0.3842
vn -0.8078 -0.1563 -0.5684
vn -0.0711 0.7023 -0.7083
vn -0.4441 0.3623 -0.8195
vn -0.9731 -0.2186 -0.0722
vn -0.6909 -0.7166 0.0960
vn -0.8403 -0.4596 0.2875
vn -0.2272 -0.3772 0.8978
vn -0.0021 -0.6241 0.7813
vn 0.0970 -0.0755 0.9924
vn 0.4988 -0.5510 0.6690
vn 0.1235 -0.9152 0.3837
vn 0.4602 -0.8303 0.3144
vn -0.7463 0.3877 -0.5410
vn -0.9432 0.2915 -0.1593
vn -0.9358 0.1439 -0.3218
vn -0.9865 -0.0250 0.1621
vn -0.2569 0.8598 -0.4412
vn -0.3781 0.8361 -0.3973
vn -0.2940 0.5149 -0.8053
vn -0.4159 0.4808 -0.7719
vn -0.6480 0.5457 -0.5314
vn -0.3521 0.5990 -0.7192
vn -0.2162 0.9117 -0.3494
vn -0.5255 0.8274 -0.1983
vn -0.3410 -0.7878 -0.5129
vn -0.2165 -0.8030 -0.5552
vn -0.3030 -0.3981 -0.8659
vn -0.4251 -0.3943 -0.8147
vn 0.0545 -0.7979 -0.6003
vn 0.0465 -0.4043 -0.9134
vn 0.2050 0.7940 0.5723
vn 0.2141 0.4038 0.8894
vn -0.6947 -0.5226 0.4942
vn -0.4712 -0.3271 0.8191
vn 0.0275 -0.4210 0.9067
vn -0.0562 -0.2287 0.9719
vn 0.3739 -0.2692 0.8875
vn -0.2511 0.7266 0.6396
vn 0.0933 0.7981 0.5953
vn -0.1753 0.3721 0.9115
vn 0.1773 0.4046 0.8971
vn 0.2101 0.0279 0.9773
vn 0.0889 0.8587 0.5047
vn -0.0319 0.8349 0.5495
vn 0.2951 0.5129 0.8061
vn 0.2442 0.9366 0.2512
vn 0.3740 0.6964 0.6125
vn 0.6664 0.2680 0.6958
vn -0.6945 0.5579 -0.4544
vn -0.5238 0.4276 -0.7368
vn -0.1613 0.7593 -0.6304
vn -0.3678 0.8571 -0.3606
vn 0.4942 -0.7946 0.3527
vn 0.3773 -0.8372 0.3958
vn 0.4150 -0.4833 0.7709
vn 0.5314 -0.4503 0.7175
vn 0.2638 -0.3021 -0.9161
vn 0.4510 -0.6147 -0.6471
vn 0.4717 0.7913 -0.3889
vn 0.1358 0.9023 -0.4091
vn 0.4343 0.5102 -0.7423
vn 0.0942 0.5905 -0.8015
vn -0.0315 -0.9014 0.4318
vn 0.1044 -0.5887 0.8016
vn -0.5180 0.7914 -0.3246
vn -0.4992 0.4776 -0.7230
vn 0.0268 0.8938 -0.4477
vn 0.0063 0.9176 -0.3975
vn -0.1930 0.5605 -0.8054
vn -0.0367 0.5969 -0.8015
vn 0.2191 0.8029 0.5544
vn 0.3056 0.3980 0.8650
vn -0.0083 -0.9207 0.3903
vn 0.0353 -0.6036 0.7965
vn 0.1659 -0.6060 0.7780
vn 0.4482 -0.3592 0.8186
vn 0.3589 -0.2904 0.8871
vn -0.3423 -0.7573 -0.5562
vn 0.1805 0.4787 0.8592
vn 0.0266 -0.8293 -0.5582
vn 0.0766 -0.7014 0.7086
vn 0.2559 0.7828 0.5673
vn 0.2237 0.5470 0.8067
vn -0.5173 0.0828 0.8518
vn 0.6222 0.6627 0.4169
vn 0.5789 0.3462 0.7382
vn -0.2082 0.1561 0.9656
vn 0.7762 0.5499 0.3083
vn 0.7305 0.2154 0.6480
vn -0.8355 0.5240 0.1656
vn -0.8677 0.2882 0.4050
vn -0.3082 0.8664 -0.3929
vn -0.2328 0.7803 -0.5804
vn 0.1069 0.9648 -0.2402
vn 0.2059 0.8843 -0.4190
vn -0.4036 0.9149 0.0067
vn -0.0944 0.9882 0.1205
vn 0.1471 0.9649 0.2174
vn -0.3625 -0.7905 0.4936
vn -0.2400 -0.5089 0.8267
vn -0.6908 -0.5399 0.4810
vn -0.5996 -0.3301 0.7290
vn -0.6120 0.5331 0.5842
vn -0.5556 0.2691 0.7867
vn -0.7127 -0.3353 -0.6162
vn -0.6825 -0.0048 -0.7309
vn -0.6369 -0.6898 -0.3443
vn -0.9339 -0.2074 -0.2914
vn -0.8775 -0.4713 -0.0889
vn -0.8899 0.3918 -0.2337
vn -0.7987 0.6016 0.0144
vn -0.6735 0.7061 0.2187
vn 0.3920 -0.3720 -0.8414
vn 0.3992 -0.7265 -0.5593
vn 0.8062 -0.3951 0.4404
vn 0.7762 -0.1880 0.6019
vn 0.7773 -0.6038 0.1769
vn 0.7305 -0.2689 -0.6277
vn 0.7359 -0.5330 -0.4177
vn 0.7871 0.5404 -0.2973
vn 0.7593 0.3309 -0.5603
vn 0.5416 0.3427 0.7677
vn 0.5328 0.6949 0.4830
vn 0.8352 0.2120 0.5074
vn 0.8287 0.4750 0.2961
vn 0.7932 -0.3103 0.5240
vn 0.7597 -0.6202 0.1952
vn 0.9709 -0.0927 0.2208
vn 0.9185 0.1067 0.3807
vn 0.9459 -0.3235 -0.0241
vn 0.5966 -0.0875 -0.7977
vn 0.7363 -0.3195 -0.5965
vn 0.0914 0.8568 -0.5075
vn 0.0577 0.5463 -0.8356
vn 0.4816 0.7210 -0.4982
vn 0.4563 0.4900 -0.7428
vn 0.5833 0.5446 0.6026
vn 0.3977 0.8558 0.3307
vn 0.8281 0.4889 0.2744
vn 0.6899 0.7204 0.0715
vn -0.4592 -0.0354 0.8876
vn -0.2181 0.1901 0.9572
vn -0.1257 0.8939 0.4302
vn -0.0300 0.7142 0.6993
vn -0.9748 0.0891 0.2043
vn -0.8769 -0.0916 0.4719
vn -0.7857 0.6161 -0.0550
vn -0.5427 0.8398 0.0135
vn -0.3293 -0.7308 0.5979
vn 0.1449 -0.6184 0.7724
vn 0.9095 0.3906 0.1421
vn 0.8601 0.0291 0.5092
vn 0.3292 0.7309 -0.5979
vn 0.3293 0.7308 -0.5979
vn -0.1449 0.6184 -0.7724
vn -0.9095 -0.3906 -0.1421
vn -0.8601 -0.0291 -0.5092
vn 0.8594 0.0024 0.5113
vn 0.9322 0.0035 0.3620
vn 0.7426 -0.0009 0.6697
vn 0.6197 -0.0055 0.7848
vn -0.6376 0.0004 -0.7704
vn -0.7684 -0.0046 -0.6399
vn 0.2210 0.9654 0.1383
vn 0.4786 0.7268 0.4926
vn 0.6237 0.2328 0.7462
vn -0.3699 0.6189 -0.6929
vn -0.2446 0.8185 -0.5198
vn -0.0005 0.8081 -0.5890
vn -0.0018 0.4356 -0.9002
vn 0.9578 -0.2098 -0.1966
vn 0.9970 0.0470 0.0615
vn -0.9486 -0.2128 -0.2343
vn -0.9999 -0.0024 -0.0112
vn 0.9996 0.0244 -0.0120
vn 0.9719 -0.2318 -0.0402
vn 0.8944 -0.4434 -0.0596
vn -0.9996 -0.0188 0.0189
vn -0.9721 -0.2345 0.0043
vn 0.3243 -0.4260 -0.8446
vn 0.5189 -0.6998 -0.4909
vn 0.8808 -0.4721 -0.0367
vn 0.9938 -0.1069 -0.0315
vn 0.9768 0.2142 -0.0000
vn -0.4958 -0.8670 -0.0508
vn 0.0577 -0.9973 -0.0455
vn -0.9926 0.0092 0.1210
vn -0.9514 0.0394 -0.3055
vn -0.7932 0.0671 -0.6053
vn 0.8841 0.0252 0.4667
vn 0.9908 0.0596 0.1214
vn 0.4805 0.8738 0.0751
vn 0.9029 0.4234 -0.0738
vn -0.6574 0.6091 0.4438
vn -0.3909 0.8524 0.3472
vn -0.1216 0.9658 0.2289
vn -0.8598 0.2931 -0.4182
vn -0.9880 0.0052 -0.1542
vn 0.8047 -0.3388 0.4876
vn 0.6773 -0.4466 0.5847
vn -0.8668 -0.4578 0.1977
vn -0.7709 -0.6068 0.1935
vn -0.6690 -0.7208 0.1814
vn 0.9871 0.0897 -0.1329
vn -0.2490 -0.9536 0.1693
vn 0.1341 -0.9837 0.1199
vn 0.9016 -0.4252 -0.0795
vn 0.9776 0.1610 -0.1358
vn -0.8589 0.3444 0.3790
vn -0.7749 0.3446 0.5298
vn 0.6527 -0.2868 -0.7013
vn 0.7699 -0.2967 -0.5650
vn 0.8501 -0.2970 -0.4349
vn -0.3625 0.9300 -0.0602
vn -0.6896 0.7224 0.0509
vn -0.8873 0.4381 0.1440
vn 0.7990 0.4470 -0.4023
vn 0.4813 0.8172 -0.3170
vn 0.1437 0.9703 -0.1946
vn -0.9223 0.2504 0.2945
vn -0.9702 0.1584 -0.1836
vn -0.8311 0.0507 -0.5538
vn -0.3950 -0.0846 -0.9148
vn 0.0380 -0.1633 -0.9858
vn 0.3813 -0.2114 -0.9000
vn -0.5734 -0.0127 0.8192
vn -0.3090 -0.0580 0.9493
vn 0.3718 -0.1399 0.9177
vn 0.5052 0.0645 -0.8606
vn 0.2699 0.1079 -0.9568
vn 0.0021 0.9388 0.3445
vn -0.4230 0.5799 0.6963
vn 0.7347 0.3386 -0.5878
vn 0.6438 0.6475 -0.4078
vn 0.8274 -0.1530 0.5404
vn 0.9855 -0.1545 0.0695
vn 0.3104 0.0297 -0.9501
vn 0.6389 -0.0560 -0.7673
vn 0.8401 -0.1095 -0.5313
vn -0.0721 0.6517 -0.7550
vn -0.1803 0.6854 -0.7055
vn -0.1162 0.9278 -0.3545
vn -0.1567 0.9001 -0.4066
vn -0.1240 0.9843 -0.1253
vn -0.2180 0.2949 -0.9303
vn 0.0103 0.5208 -0.8536
vn -0.3731 0.1618 0.9136
vn -0.5130 -0.0406 0.8574
vn 0.0723 0.7081 -0.7024
vn -0.0592 0.9516 -0.3016
vn -0.9288 -0.2093 0.3057
vn -0.7819 -0.3037 0.5445
vn -0.5735 0.1626 -0.8029
vn -0.8928 0.0348 -0.4491
vn -0.1241 -0.5488 -0.8267
vn -0.1869 -0.0895 -0.9783
vn -0.2026 0.2828 -0.9375
vn 0.0784 -0.9040 0.4204
vn 0.0572 -0.9983 -0.0089
vn -0.7087 0.3000 0.6385
vn -0.9386 0.3276 -0.1083
vn 0.1714 0.4684 0.8667
vn 0.2817 0.5861 0.7597
vn -0.2987 -0.0732 -0.9515
vn -0.5346 -0.3127 -0.7852
vn -0.2765 0.2401 0.9305
vn -0.4350 -0.3421 0.8329
vn -0.7828 -0.5981 -0.1716
vn -0.6881 -0.7219 0.0725
vn -0.6191 -0.6351 -0.4619
vn -0.6236 -0.7453 -0.2361
vn -0.5733 -0.8170 0.0622
vn -0.2066 0.9000 0.3839
vn -0.1805 0.6999 0.6911
vn -0.1369 0.4460 0.8845
vn 0.3116 0.2037 0.9281
vn 0.0277 0.1683 0.9853
vn 0.2710 0.2268 0.9355
vn 0.4266 0.2937 0.8555
vn -0.1346 0.1725 -0.9758
vn -0.3338 0.1013 -0.9372
vn -0.5438 0.0176 -0.8390
vn -0.8109 -0.3338 -0.4807
vn 0.0211 0.5491 0.8355
vn 0.1190 0.6088 0.7843
vn -0.1184 0.5431 -0.8313
vn 0.3216 0.7138 -0.6222
vn -0.9113 -0.3829 -0.1516
vn -0.9136 -0.3722 -0.1640
vn -0.8560 -0.0201 -0.5165
vn -0.8314 -0.0424 -0.5540
vn -0.3495 -0.7332 0.5834
vn 0.1215 -0.6295 0.7674
vn 0.3345 0.7310 -0.5948
vn -0.1394 0.6207 -0.7715
vn -0.4803 0.4231 -0.7683
vn 0.9051 0.4098 0.1137
vn 0.8722 0.0546 0.4862
vn 0.7739 0.1045 -0.6246
vn 0.3782 0.2513 -0.8909
vn 0.1986 0.0643 -0.9780
vn -0.8111 0.2429 0.5320
vn -0.4394 0.4472 -0.7791
vn -0.9275 -0.3178 0.1970
vn 0.2895 0.2853 -0.9137
vn -0.7846 0.2366 -0.5731
vn 0.6082 0.7188 -0.3370
vn 0.6763 -0.2445 0.6949
vn -0.9411 0.3382 -0.0000
vn -0.9376 0.3478 -0.0000
vn 0.9907 -0.1364 -0.0000
vn -0.0000 0.3104 -0.9506
vn -0.9815 -0.1906 0.0179
vn -0.4112 -0.5250 0.7452
vn 0.9188 0.3651 -0.1500
vn 0.0668 -0.1090 0.9918
vn -0.4348 -0.1276 -0.8914
vt 0.392767 0.533656
vt 0.457287 0.473343
vt 0.423742 0.552117
vt 0.897405 0.670573
vt 0.940021 0.816305
vt 0.901650 0.828362
vt 0.079304 0.629466
vt 0.103319 0.716934
vt 0.071993 0.733247
vt 0.021241 0.287162
vt 0.088697 0.256971
vt 0.082180 0.320523
vt 0.156143 0.328473
vt 0.218643 0.399518
vt 0.160925 0.427328
vt 0.110025 0.734140
vt 0.155246 0.728650
vt 0.146546 0.743764
vt 0.200114 0.465761
vt 0.160616 0.432731
vt 0.219541 0.404212
vt 0.068153 0.736689
vt 0.037488 0.756271
vt 0.034600 0.741998
vt 0.065384 0.526132
vt 0.084996 0.563559
vt 0.056654 0.542094
vt 0.262925 0.167520
vt 0.326066 0.336948
vt 0.254646 0.315859
vt 0.076206 0.624256
vt 0.033943 0.737512
vt 0.028717 0.599418
vt 0.254646 0.315859
vt 0.282004 0.408020
vt 0.223525 0.399181
vt 0.127565 0.569861
vt 0.088945 0.566164
vt 0.097548 0.552363
vt 0.031751 0.375597
vt 0.076197 0.420180
vt 0.023863 0.428256
vt 0.065384 0.526132
vt 0.155629 0.430649
vt 0.093745 0.549684
vt 0.097548 0.552363
vt 0.200043 0.465907
vt 0.381988 0.580532
vt 0.379310 0.712004
vt 0.342038 0.711569
vt 0.984794 0.685713
vt 0.945589 0.816335
vt 0.944491 0.674216
vt 0.850853 0.671347
vt 0.829446 0.840055
vt 0.796715 0.695304
vt 0.151094 0.328727
vt 0.081808 0.421305
vt 0.083837 0.325355
vt 0.939858 0.837019
vt 0.902173 0.833449
vt 0.940205 0.821662
vt 0.460944 0.477582
vt 0.472087 0.595307
vt 0.425416 0.557234
vt 0.855803 0.674117
vt 0.896485 0.830160
vt 0.867099 0.843105
vt 0.079906 0.324107
vt 0.031562 0.375562
vt 0.021375 0.291940
vt 0.221026 0.450884
vt 0.305658 0.538792
vt 0.241483 0.561460
vt 0.093692 0.252937
vt 0.184028 0.142858
vt 0.169826 0.244855
vt 0.424893 0.556656
vt 0.471980 0.595169
vt 0.412596 0.592194
vt 0.301626 0.694189
vt 0.333331 0.728057
vt 0.295123 0.711608
vt 0.413243 0.591764
vt 0.422653 0.705020
vt 0.384386 0.711589
vt 0.249682 0.313023
vt 0.154003 0.323917
vt 0.174205 0.248934
vt 0.311470 0.540715
vt 0.382142 0.432792
vt 0.388605 0.536731
vt 0.258298 0.167937
vt 0.174217 0.248931
vt 0.188157 0.145069
vt 0.380117 0.575699
vt 0.311525 0.540673
vt 0.389233 0.536312
vt 0.980989 0.836529
vt 0.944215 0.837168
vt 0.945011 0.821846
vt 0.089335 0.930199
vt 0.132106 0.937255
vt 0.095961 0.936900
vt 0.290058 0.709619
vt 0.258075 0.682709
vt 0.295765 0.694672
vt 0.131736 0.571761
vt 0.214037 0.518585
vt 0.164878 0.583131
vt 0.020245 0.508761
vt 0.076734 0.420130
vt 0.061282 0.520934
vt 0.379255 0.574894
vt 0.301626 0.694189
vt 0.310624 0.539853
vt 0.019451 0.513650
vt 0.052195 0.539831
vt 0.014781 0.528260
vt 0.014783 0.844610
vt 0.023242 0.801704
vt 0.022645 0.837724
vt 0.305825 0.544641
vt 0.258550 0.677595
vt 0.242192 0.566889
vt 0.118525 0.963238
vt 0.108567 0.952666
vt 0.118809 0.952922
vt 0.120818 0.891320
vt 0.110843 0.880773
vt 0.121098 0.881078
vt 0.048102 0.893672
vt 0.038184 0.883116
vt 0.048399 0.883426
vt 0.038751 0.814807
vt 0.048606 0.825401
vt 0.038367 0.825012
vt -0.001138 0.004350
vt 0.998661 0.019104
vt -0.001139 0.019098
vt 0.143898 0.861602
vt 0.136300 0.904580
vt 0.137019 0.868269
vt 0.869263 0.861619
vt 0.897663 0.835081
vt 0.902140 0.848432
vt -0.001138 0.052540
vt 0.998661 0.037795
vt 0.998661 0.052545
vt 0.115777 0.638950
vt 0.156817 0.723583
vt 0.108672 0.713710
vt -0.001138 0.004353
vt 0.998661 0.019100
vt -0.001139 0.019094
vt -0.001138 0.052510
vt 0.998660 0.037843
vt 0.998661 0.052510
vt 0.036089 0.963350
vt 0.046636 0.953277
vt 0.046346 0.963587
vt 0.076141 0.747352
vt 0.103319 0.716934
vt 0.105524 0.734414
vt 0.087904 0.861120
vt 0.094868 0.903630
vt 0.088307 0.909353
vt 0.125242 0.586418
vt 0.159296 0.598559
vt 0.068149 0.848083
vt 0.025218 0.840493
vt 0.061495 0.841239
vt 0.161333 0.729240
vt 0.224379 0.616035
vt 0.184363 0.762404
vt 0.140617 0.915009
vt 0.097451 0.906315
vt 0.133637 0.907141
vt 0.422653 0.705020
vt 0.385777 0.729593
vt 0.384386 0.711589
vt 0.067905 0.917421
vt 0.024651 0.908697
vt 0.060922 0.909536
vt 0.020017 0.791532
vt 0.062344 0.799471
vt 0.025916 0.799046
vt 0.066080 0.929900
vt 0.023711 0.937562
vt 0.017038 0.930938
vt 0.999900 0.021156
vt 0.000101 0.035910
vt 0.000100 0.021150
vt -0.001139 0.054503
vt 0.998660 0.069283
vt -0.001139 0.069275
vt 0.089202 0.985706
vt 0.131393 0.979153
vt 0.138105 0.985940
vt 0.998661 0.021067
vt -0.001138 0.035821
vt -0.001139 0.021073
vt 0.069467 0.933151
vt 0.062069 0.976766
vt 0.062696 0.940040
vt 0.106201 0.947888
vt 0.122305 0.949601
vt 0.120942 0.968104
vt 0.104782 0.966109
vt 0.125815 0.973247
vt 0.105585 0.967513
vt 0.120942 0.968104
vt 0.829558 0.845001
vt 0.864672 0.862286
vt 0.828478 0.859131
vt 0.085729 0.982233
vt 0.093156 0.939613
vt 0.092465 0.975587
vt 0.098333 0.970057
vt 0.103922 0.950036
vt 0.103440 0.965235
vt 0.095961 0.936900
vt 0.126606 0.943212
vt 0.101483 0.942747
vt 0.101483 0.942747
vt 0.121519 0.948203
vt 0.106201 0.947888
vt 0.095171 0.978385
vt 0.125815 0.973247
vt 0.131393 0.979153
vt 0.128917 0.945644
vt 0.134198 0.976441
vt 0.128255 0.970931
vt 0.123221 0.965957
vt 0.123665 0.950481
vt 0.121817 0.966757
vt 0.134812 0.940053
vt 0.141586 0.982459
vt 0.140590 0.858220
vt 0.097920 0.864689
vt 0.091185 0.857911
vt 0.103440 0.965235
vt 0.105315 0.949238
vt 0.108251 0.962868
vt 0.099043 0.945064
vt 0.098333 0.970057
vt 0.342038 0.711569
vt 0.380311 0.729979
vt 0.338673 0.729210
vt 0.000100 0.004427
vt 0.999900 0.019181
vt 0.000100 0.019187
vt 0.097451 0.906315
vt 0.128135 0.901315
vt 0.133637 0.907141
vt 0.108346 0.875894
vt 0.124555 0.877815
vt 0.128869 0.871516
vt 0.108346 0.875894
vt 0.103400 0.870751
vt 0.137019 0.868269
vt 0.130445 0.899114
vt 0.131099 0.873855
vt 0.125910 0.878606
vt 0.124133 0.894782
vt 0.134436 0.865584
vt 0.103400 0.870752
vt 0.097920 0.864689
vt 0.999900 0.052627
vt 0.000101 0.037873
vt 0.999900 0.037879
vt 0.128135 0.901315
vt 0.107940 0.895599
vt 0.123368 0.896120
vt 0.123368 0.896120
vt 0.107213 0.894214
vt 0.101090 0.872953
vt 0.105869 0.893408
vt 0.100852 0.898213
vt 0.131099 0.873855
vt 0.125533 0.894072
vt 0.125910 0.878606
vt 0.999900 0.069350
vt 0.000100 0.054596
vt 0.999900 0.054602
vt 0.056641 0.945630
vt 0.051033 0.966314
vt 0.051502 0.950674
vt 0.107560 0.877255
vt 0.110619 0.890988
vt 0.998661 0.021095
vt -0.001138 0.035817
vt -0.001139 0.021097
vt 0.020373 0.976332
vt 0.026783 0.945718
vt 0.026198 0.970741
vt 0.048805 0.968405
vt 0.032616 0.966640
vt 0.051502 0.950674
vt 0.049632 0.967048
vt 0.094868 0.903630
vt 0.101090 0.872953
vt 0.100852 0.898213
vt -0.001138 0.054529
vt 0.998660 0.069239
vt -0.001138 0.069238
vt 0.026783 0.945718
vt 0.031266 0.965865
vt 0.026198 0.970741
vt 0.033120 0.949762
vt 0.013671 0.983089
vt 0.021013 0.940192
vt 0.020373 0.976332
vt 0.054367 0.943337
vt 0.033940 0.948402
vt 0.029128 0.943450
vt 0.033940 0.948402
vt 0.050140 0.949904
vt 0.036370 0.953143
vt 0.071194 0.914200
vt 0.064315 0.870660
vt 0.071194 0.864009
vt 0.060047 0.937402
vt 0.029128 0.943450
vt 0.023711 0.937562
vt 0.066092 0.986113
vt 0.022965 0.978981
vt 0.059339 0.979387
vt 0.059339 0.979387
vt 0.028429 0.973042
vt 0.053711 0.973517
vt 0.053711 0.973517
vt 0.033334 0.968031
vt 0.048805 0.968405
vt 0.015489 0.911620
vt 0.022638 0.869627
vt 0.022076 0.905929
vt 0.022076 0.905929
vt 0.028450 0.875328
vt 0.028085 0.900526
vt 0.050647 0.898491
vt 0.034448 0.896581
vt 0.053207 0.880977
vt 0.051418 0.897147
vt -0.001139 0.052551
vt 0.998661 0.037833
vt 0.998661 0.052559
vt 0.033519 0.880323
vt 0.033113 0.895730
vt 0.033113 0.895730
vt 0.034908 0.879634
vt 0.037870 0.893326
vt 0.067921 0.860615
vt 0.025271 0.867081
vt 0.018557 0.860313
vt 0.061757 0.867968
vt 0.030737 0.873138
vt 0.025271 0.867081
vt 0.056186 0.873891
vt 0.035666 0.878284
vt 0.030737 0.873138
vt 0.035666 0.878284
vt 0.051854 0.880176
vt 0.028484 0.832216
vt 0.034121 0.812103
vt 0.033579 0.827406
vt 0.058394 0.876235
vt 0.052821 0.896436
vt 0.053207 0.880977
vt 0.024651 0.908697
vt 0.055417 0.903697
vt 0.030308 0.902928
vt 0.050647 0.898491
vt 0.055417 0.903697
vt 0.063592 0.906967
vt 0.058394 0.876235
vt 0.064315 0.870660
vt 0.998661 0.069273
vt -0.001138 0.054519
vt 0.998661 0.054512
vt 0.064170 0.838553
vt 0.059008 0.807814
vt 0.064917 0.802215
vt 0.036323 0.809996
vt 0.052521 0.811838
vt 0.033578 0.827406
vt 0.035515 0.811345
vt 0.998660 0.035827
vt -0.001139 0.021073
vt 0.998661 0.021067
vt 0.062344 0.799471
vt 0.031478 0.804892
vt 0.025916 0.799046
vt 0.056801 0.805425
vt 0.036323 0.809996
vt 0.031478 0.804892
vt 0.029141 0.807167
vt 0.028484 0.832216
vt 0.998661 0.019050
vt -0.001138 0.004383
vt 0.998660 0.004384
vt 0.058269 0.833058
vt 0.053872 0.812684
vt 0.053872 0.812684
vt 0.051878 0.828885
vt 0.048999 0.815122
vt 0.030691 0.834624
vt 0.051090 0.830226
vt 0.055932 0.835354
vt 0.071506 0.844692
vt 0.064917 0.802214
vt 0.071506 0.796537
vt 0.998662 0.021013
vt -0.001137 0.035881
vt -0.001138 0.021013
vt 0.051090 0.830226
vt 0.034909 0.828266
vt 0.061495 0.841239
vt 0.030691 0.834624
vt 0.055932 0.835354
vt -0.001138 0.019158
vt 0.998662 0.004290
vt 0.998662 0.019158
vt 0.998662 0.052604
vt -0.001137 0.037736
vt 0.998662 0.037736
vt 0.741318 0.984227
vt 0.734791 0.903191
vt 0.753136 0.905206
vt -0.001137 0.054459
vt 0.998662 0.069327
vt -0.001137 0.069327
vt 0.807304 0.903042
vt 0.784817 0.837494
vt 0.822931 0.898379
vt 0.062069 0.976766
vt 0.056641 0.945630
vt 0.062696 0.940041
vt 0.567937 0.934460
vt 0.567516 0.853070
vt 0.597589 0.960417
vt 0.523323 0.852637
vt 0.531739 0.770830
vt 0.543142 0.775118
vt 0.580405 0.772824
vt 0.580904 0.737589
vt 0.586470 0.738367
vt 0.627578 0.953172
vt 0.573196 0.854980
vt 0.597977 0.847814
vt 0.508453 0.960577
vt 0.523208 0.857017
vt 0.539985 0.961757
vt 0.572380 0.850412
vt 0.580557 0.779027
vt 0.596748 0.843215
vt 0.563212 0.775041
vt 0.570732 0.732515
vt 0.576498 0.734342
vt 0.546210 0.851847
vt 0.546744 0.775852
vt 0.553533 0.777217
vt 0.562504 0.779226
vt 0.556386 0.725721
vt 0.565639 0.687002
vt 0.561492 0.727249
vt 0.534454 0.765287
vt 0.560396 0.732004
vt 0.544649 0.770111
vt 0.554554 0.773157
vt 0.566344 0.731363
vt 0.586525 0.733153
vt 0.578032 0.685660
vt 0.579075 0.685565
vt 0.811042 0.968438
vt 0.824692 0.902739
vt 0.837808 0.966580
vt 0.570216 0.681066
vt 0.571020 0.681662
vt 0.570375 0.681809
vt 0.566344 0.731363
vt 0.571495 0.686780
vt 0.573034 0.686443
vt 0.576498 0.734342
vt 0.572041 0.680663
vt 0.570864 0.680923
vt 0.395639 0.779138
vt 0.437917 0.839953
vt 0.419137 0.844550
vt 0.806081 0.969239
vt 0.759250 0.903037
vt 0.803084 0.905390
vt 0.737250 0.831728
vt 0.752044 0.793766
vt 0.749022 0.834409
vt 0.753409 0.900500
vt 0.736564 0.837865
vt 0.749327 0.839766
vt 0.759250 0.903037
vt 0.767483 0.843479
vt 0.803084 0.905389
vt 0.782811 0.831942
vt 0.769982 0.795736
vt 0.777762 0.796227
vt 0.774525 0.752533
vt 0.774446 0.751573
vt 0.774499 0.751580
vt 0.752877 0.835919
vt 0.764578 0.793055
vt 0.766611 0.838739
vt 0.770630 0.790787
vt 0.779968 0.758338
vt 0.777590 0.791098
vt 0.504177 0.757148
vt 0.469514 0.836923
vt 0.473382 0.737436
vt 0.753268 0.789345
vt 0.767458 0.755107
vt 0.768866 0.755740
vt 0.773458 0.757341
vt 0.773932 0.757416
vt 0.441275 0.919885
vt 0.437747 0.915045
vt 0.442823 0.915087
vt 0.425204 0.754350
vt 0.464175 0.839027
vt 0.443938 0.841686
vt 0.610986 0.861412
vt 0.648781 0.794074
vt 0.645298 0.865793
vt 0.420412 0.850049
vt 0.433243 0.909803
vt 0.427197 0.910550
vt 0.678353 0.896479
vt 0.710250 0.821830
vt 0.711960 0.898408
vt 0.484095 0.848642
vt 0.449790 0.911038
vt 0.468724 0.842398
vt 0.443938 0.841686
vt 0.444710 0.909680
vt 0.438748 0.909571
vt 0.653683 0.787119
vt 0.690424 0.758779
vt 0.693385 0.765723
vt 0.650764 0.868804
vt 0.677742 0.810295
vt 0.673107 0.893855
vt 0.527862 0.854457
vt 0.685621 0.810414
vt 0.711822 0.782470
vt 0.710317 0.815753
vt 0.551813 0.539581
vt 0.592216 0.581946
vt 0.550738 0.583762
vt 0.677742 0.810295
vt 0.696375 0.770922
vt 0.699908 0.775539
vt 0.706559 0.764434
vt 0.704511 0.771851
vt 0.701279 0.767751
vt 0.659107 0.668233
vt 0.671633 0.707021
vt 0.647334 0.674250
vt 0.615408 0.687973
vt 0.651846 0.715442
vt 0.640099 0.721368
vt 0.667553 0.709157
vt 0.684758 0.741699
vt 0.656091 0.713578
vt 0.643715 0.675437
vt 0.630886 0.680412
vt 0.680563 0.700844
vt 0.694000 0.733367
vt 0.607833 0.621117
vt 0.628080 0.677398
vt 0.564610 0.624452
vt 0.613805 0.619695
vt 0.656523 0.663633
vt 0.644556 0.670489
vt 0.562094 0.634291
vt 0.534958 0.672192
vt 0.521364 0.663669
vt 0.651846 0.715442
vt 0.678768 0.748335
vt 0.691385 0.747006
vt 0.693869 0.739280
vt 0.697239 0.741478
vt 0.478482 0.676624
vt 0.480435 0.693761
vt 0.472400 0.697065
vt 0.565260 0.622071
vt 0.506718 0.646937
vt 0.550822 0.584804
vt 0.473675 0.700613
vt 0.482819 0.699492
vt 0.482529 0.706761
vt 0.515299 0.662002
vt 0.496203 0.680857
vt 0.511743 0.693732
vt 0.485350 0.698221
vt 0.500103 0.685063
vt 0.495074 0.683419
vt 0.483033 0.694840
vt 0.503131 0.644979
vt 0.479947 0.671165
vt 0.489514 0.632256
vt 0.517395 0.667021
vt 0.515761 0.690552
vt 0.504200 0.683567
vt 0.543219 0.583741
vt 0.491379 0.627370
vt 0.517888 0.575732
vt 0.520472 0.551968
vt 0.544961 0.578601
vt 0.519264 0.570886
vt 0.566665 0.634193
vt 0.610825 0.683994
vt 0.567315 0.655023
vt 0.625998 0.549333
vt 0.598289 0.582148
vt 0.598443 0.538212
vt 0.624840 0.584240
vt 0.699125 0.561272
vt 0.817899 0.645672
vt 0.786928 0.663458
vt 0.565382 0.620591
vt 0.550863 0.584069
vt 0.023721 0.090733
vt 0.088728 0.257015
vt 0.021241 0.287162
vt 0.899542 0.522285
vt 0.857441 0.622098
vt 0.828256 0.482134
vt 0.696804 0.565210
vt 0.751186 0.681213
vt 0.660426 0.633415
vt 0.572972 0.510014
vt 0.551566 0.322305
vt 0.655353 0.478312
vt 0.823620 0.481178
vt 0.711711 0.303324
vt 0.857568 0.275553
vt 0.895864 0.620738
vt 0.863333 0.640119
vt 0.858749 0.626648
vt 0.823620 0.481178
vt 0.821764 0.643500
vt 0.745144 0.494211
vt 0.577537 0.168140
vt 0.706976 0.297867
vt 0.552931 0.316148
vt 0.817392 0.092037
vt 0.822404 0.120057
vt 0.760539 0.128985
vt 0.825547 0.659605
vt 0.786928 0.663458
vt 0.829298 0.657509
vt 0.853572 0.626026
vt 0.859158 0.641550
vt 0.910550 0.436017
vt 0.862934 0.274599
vt 0.989551 0.266296
vt 0.537761 0.177577
vt 0.696999 0.561132
vt 0.660118 0.478001
vt 0.740911 0.495313
vt 0.394447 0.241344
vt 0.422585 0.229415
vt 0.433023 0.368812
vt 0.991537 0.261095
vt 0.886440 0.125053
vt 0.978055 0.126859
vt 0.719228 0.102545
vt 0.675822 0.124998
vt 0.674329 0.122889
vt 0.415530 0.203752
vt 0.509180 0.190658
vt 0.536181 0.178104
vt 0.551450 0.316521
vt 0.822404 0.120057
vt 0.858774 0.269186
vt 0.572687 0.143221
vt 0.644278 0.141523
vt 0.723008 0.129005
vt 0.708626 0.297601
vt 0.862655 0.269286
vt 0.880063 0.098119
vt 0.977140 0.100384
vt 0.705939 0.304274
vt 0.660118 0.478001
vt 0.557337 0.321389
vt 0.751186 0.681213
vt 0.790547 0.679772
vt 0.758468 0.695768
vt 0.708626 0.297601
vt 0.674076 0.125284
vt 0.706976 0.297867
vt 0.901913 0.521372
vt 0.912050 0.439033
vt 0.034064 0.738818
vt 0.031825 0.737881
vt 0.032989 0.740412
vt 0.032819 0.739216
vt 0.032224 0.741661
vt 0.034334 0.740658
vt 0.184399 0.763999
vt 0.185385 0.764584
vt 0.184073 0.765721
vt 0.185550 0.762426
vt 0.185970 0.763884
vt 0.185434 0.763899
vt 0.032889 0.739897
vt 0.032383 0.739353
vt 0.158135 0.726233
vt 0.156750 0.725056
vt 0.160068 0.728053
vt 0.158324 0.726733
vt 0.160033 0.728829
vt 0.160615 0.728349
vt 0.161333 0.729240
vt 0.157153 0.728223
vt 0.156027 0.727338
vt 0.157967 0.727256
vt 0.060306 0.524555
vt 0.061219 0.525609
vt 0.059561 0.525904
vt 0.062287 0.523821
vt 0.062001 0.524580
vt 0.062225 0.522783
vt 0.061010 0.522659
vt 0.064405 0.524853
vt 0.064011 0.526040
vt 0.063868 0.524978
vt 0.017054 0.512098
vt 0.019840 0.512164
vt 0.165754 0.584270
vt 0.166782 0.584318
vt 0.166689 0.585484
vt 0.167117 0.583855
vt 0.017553 0.510450
vt 0.018638 0.510511
vt 0.017974 0.511048
vt 0.020183 0.510294
vt 0.018839 0.509565
vt 0.018544 0.511273
vt 0.018149 0.510713
vt 0.018760 0.510485
vt 0.297983 0.691439
vt 0.296595 0.691102
vt 0.296895 0.689450
vt 0.300296 0.693204
vt 0.298028 0.692404
vt 0.300142 0.694424
vt 0.297833 0.693205
vt 0.299765 0.693446
vt 0.296159 0.693189
vt 0.297271 0.694313
vt 0.082917 0.325262
vt 0.084522 0.322782
vt 0.080785 0.324826
vt 0.082847 0.323556
vt 0.080415 0.322861
vt 0.219677 0.450360
vt 0.081273 0.323251
vt 0.220134 0.452278
vt 0.218689 0.452530
vt 0.219233 0.451578
vt 0.530817 0.508462
vt 0.532924 0.510234
vt 0.530453 0.509580
vt 0.532650 0.507985
vt 0.533584 0.509270
vt 0.218228 0.451969
vt 0.460188 0.476277
vt 0.461223 0.476581
vt 0.153094 0.325280
vt 0.460164 0.475463
vt 0.154711 0.325318
vt 0.154186 0.326937
vt 0.153637 0.326016
vt 0.154826 0.328429
vt 0.155513 0.327081
vt 0.152307 0.328591
vt 0.151472 0.326270
vt 0.461650 0.475637
vt 0.460241 0.474898
vt 0.153667 0.325997
vt 0.153408 0.327021
vt 0.152816 0.326323
vt 0.112187 0.642402
vt 0.113566 0.642770
vt 0.112770 0.643939
vt 0.113010 0.641340
vt 0.113383 0.642088
vt 0.200383 0.472056
vt 0.201911 0.472561
vt 0.200049 0.474339
vt 0.114074 0.640331
vt 0.201293 0.470613
vt 0.114954 0.640978
vt 0.114209 0.641290
vt 0.113890 0.641263
vt 0.078720 0.627985
vt 0.079287 0.628282
vt 0.022605 0.429194
vt 0.078552 0.627241
vt 0.023340 0.429548
vt 0.024681 0.428196
vt 0.022109 0.430870
vt 0.022392 0.429846
vt 0.216139 0.517384
vt 0.216455 0.519418
vt 0.079264 0.626932
vt 0.078451 0.626741
vt 0.077901 0.627273
vt 0.077624 0.626282
vt 0.078342 0.626795
vt 0.283378 0.409849
vt 0.281244 0.410148
vt 0.025986 0.600693
vt 0.026904 0.600851
vt 0.026027 0.601088
vt 0.026557 0.601022
vt 0.027256 0.600125
vt 0.226681 0.613631
vt 0.225892 0.614084
vt 0.226457 0.613357
vt 0.224701 0.614668
vt 0.225482 0.615049
vt 0.225030 0.613466
vt 0.282434 0.409952
vt 0.282681 0.410741
vt 0.282189 0.410500
vt 0.160799 0.428980
vt 0.159736 0.428148
vt 0.160636 0.431267
vt 0.159577 0.429880
vt 0.159439 0.432429
vt 0.160616 0.432731
vt 0.157777 0.430566
vt 0.159518 0.431365
vt 0.157215 0.429422
vt 0.156618 0.431311
vt 0.155629 0.430649
vt 0.168290 0.614919
vt 0.168213 0.613057
vt 0.168980 0.613459
vt 0.220696 0.403746
vt 0.167935 0.614832
vt 0.219223 0.402850
vt 0.218820 0.400952
vt 0.220141 0.402198
vt 0.219773 0.400712
vt 0.219779 0.399164
vt 0.221641 0.400851
vt 0.222669 0.401549
vt 0.222448 0.399411
vt 0.168636 0.612033
vt 0.169635 0.612300
vt 0.220488 0.401415
vt 0.220259 0.400324
vt 0.392137 0.535743
vt 0.391859 0.534330
vt 0.944000 0.671343
vt 0.943359 0.671562
vt 0.943283 0.670748
vt 0.943558 0.672726
vt 0.944365 0.672557
vt 0.390171 0.536481
vt 0.389638 0.535599
vt 0.391697 0.535084
vt 0.390272 0.535811
vt 0.942745 0.670835
vt 0.942497 0.671638
vt 0.942136 0.670752
vt 0.893046 0.672756
vt 0.894418 0.673143
vt 0.893286 0.674178
vt 0.894356 0.671806
vt 0.894502 0.672189
vt 0.381370 0.579239
vt 0.382942 0.578595
vt 0.896050 0.670708
vt 0.381784 0.577994
vt 0.896550 0.671825
vt 0.895975 0.671535
vt 0.894969 0.671597
vt 0.409352 0.592301
vt 0.409640 0.593669
vt 0.408479 0.594321
vt 0.855277 0.671826
vt 0.854231 0.672251
vt 0.854106 0.671827
vt 0.854497 0.673198
vt 0.855590 0.672780
vt 0.411594 0.591879
vt 0.411864 0.592760
vt 0.410178 0.592730
vt 0.411227 0.592575
vt 0.853618 0.671714
vt 0.424140 0.553178
vt 0.422687 0.553916
vt 0.795148 0.695796
vt 0.423633 0.554479
vt 0.794919 0.697140
vt 0.986777 0.683697
vt 0.985859 0.683796
vt 0.984702 0.684190
vt 0.985744 0.684564
vt 0.985716 0.683391
vt 0.253135 0.316501
vt 0.253389 0.315239
vt 0.250681 0.315712
vt 0.252834 0.315755
vt 0.248945 0.316436
vt 0.250032 0.316922
vt 0.248430 0.317954
vt 0.249571 0.314547
vt 0.250876 0.314061
vt 0.249682 0.313023
vt 0.250998 0.314948
vt 0.019301 0.291135
vt 0.021162 0.290386
vt 0.326244 0.338521
vt 0.327437 0.338580
vt 0.326162 0.340227
vt 0.327464 0.337826
vt 0.327317 0.336800
vt 0.327930 0.337722
vt 0.021178 0.288517
vt 0.019042 0.287339
vt 0.019846 0.289386
vt 0.019944 0.288281
vt 0.019944 0.289019
vt 0.019513 0.288398
vt 0.089952 0.255678
vt 0.090371 0.256351
vt 0.092377 0.254279
vt 0.090674 0.255629
vt 0.093982 0.255194
vt 0.300249 0.427754
vt 0.298595 0.426453
vt 0.300439 0.426541
vt 0.298778 0.427843
vt 0.300157 0.429270
vt 0.298539 0.426968
vt 0.297950 0.426129
vt 0.170766 0.246051
vt 0.170034 0.247164
vt 0.385298 0.430397
vt 0.170913 0.246696
vt 0.385947 0.430543
vt 0.385586 0.429912
vt 0.387056 0.429663
vt 0.383448 0.430920
vt 0.382267 0.431547
vt 0.383275 0.431607
vt 0.382522 0.430475
vt 0.171243 0.247325
vt 0.170934 0.247306
vt 0.307180 0.539842
vt 0.305913 0.540429
vt 0.309252 0.540705
vt 0.307471 0.540654
vt 0.309787 0.540845
vt 0.309428 0.540043
vt 0.307520 0.541631
vt 0.306121 0.542979
vt 0.307141 0.542537
vt 0.241833 0.562974
vt 0.240255 0.563022
vt 0.242227 0.565323
vt 0.240269 0.564197
vt 0.240566 0.565786
vt 0.239119 0.565194
vt 0.240399 0.565112
vt 0.474098 0.596059
vt 0.473842 0.596433
vt 0.239031 0.564711
vt 0.240486 0.564368
vt 0.898124 0.831392
vt 0.897133 0.831724
vt 0.897560 0.829560
vt 0.900362 0.831086
vt 0.902084 0.829923
vt 0.900409 0.829135
vt 0.902294 0.832012
vt 0.900431 0.832294
vt 0.900952 0.833826
vt 0.898531 0.832943
vt 0.897594 0.833641
vt 0.898661 0.834652
vt 0.863616 0.843397
vt 0.862247 0.845610
vt 0.862415 0.844114
vt 0.865893 0.845474
vt 0.863876 0.845746
vt 0.867533 0.844689
vt 0.865808 0.843011
vt 0.867635 0.846684
vt 0.867275 0.848236
vt 0.866087 0.847078
vt 0.866277 0.848664
vt 0.863920 0.847429
vt 0.862979 0.848861
vt 0.864077 0.848984
vt 0.862435 0.847526
vt 0.943853 0.821378
vt 0.944646 0.820266
vt 0.941426 0.821285
vt 0.943458 0.819493
vt 0.940638 0.820151
vt 0.940610 0.817930
vt 0.941952 0.819454
vt 0.941558 0.816800
vt 0.943976 0.816816
vt 0.942092 0.818161
vt 0.944870 0.818015
vt 0.943411 0.818190
vt 0.828211 0.841499
vt 0.826994 0.840195
vt 0.829266 0.841638
vt 0.828166 0.843215
vt 0.827308 0.844753
vt 0.829288 0.843622
vt 0.982147 0.836998
vt 0.983333 0.835813
vt 0.983330 0.837472
vt 0.982624 0.835524
vt 0.980757 0.835044
vt 0.982650 0.834275
vt 0.982577 0.832121
vt 0.980951 0.832893
vt 0.981374 0.831229
vt 0.984133 0.833062
vt 0.827654 0.842087
vt 0.827723 0.840808
vt 0.257095 0.681623
vt 0.258248 0.681297
vt 0.256100 0.680402
vt 0.257170 0.680483
vt 0.425311 0.704563
vt 0.425535 0.705201
vt 0.257457 0.679029
vt 0.256310 0.679782
vt 0.256349 0.679674
vt 0.258456 0.679213
vt 0.257259 0.679690
vt 0.256308 0.679795
vt 0.257254 0.679783
vt 0.107261 0.717801
vt 0.108557 0.717466
vt 0.108800 0.718869
vt 0.105104 0.717159
vt 0.106903 0.716678
vt 0.104438 0.716485
vt 0.107011 0.715554
vt 0.105183 0.716518
vt 0.108571 0.715174
vt 0.106827 0.716001
vt 0.067947 0.735520
vt 0.069061 0.735911
vt 0.067789 0.733773
vt 0.068999 0.734962
vt 0.068824 0.732522
vt 0.067815 0.732460
vt 0.071388 0.732903
vt 0.068903 0.733831
vt 0.071095 0.734460
vt 0.071993 0.733247
vt 0.070641 0.734038
vt 0.122923 0.967039
vt 0.121817 0.966757
vt 0.122174 0.967780
vt 0.121173 0.967998
vt 0.122583 0.948488
vt 0.122305 0.949601
vt 0.123295 0.949220
vt 0.123486 0.950203
vt 0.104215 0.948976
vt 0.105315 0.949238
vt 0.104946 0.948255
vt 0.105918 0.948048
vt 0.104511 0.967207
vt 0.104782 0.966109
vt 0.103775 0.966457
vt 0.103554 0.965465
vt 0.123839 0.876415
vt 0.124865 0.876700
vt 0.124555 0.877815
vt 0.125564 0.877408
vt 0.125767 0.878348
vt 0.125258 0.895094
vt 0.124133 0.894782
vt 0.124558 0.895784
vt 0.123619 0.895973
vt 0.106180 0.877942
vt 0.106456 0.876918
vt 0.107560 0.877255
vt 0.107165 0.876221
vt 0.108115 0.876022
vt 0.106914 0.895311
vt 0.107213 0.894214
vt 0.106207 0.894596
vt 0.105995 0.893646
vt 0.050741 0.967356
vt 0.049631 0.967048
vt 0.050010 0.968076
vt 0.049036 0.968300
vt 0.032298 0.967752
vt 0.032616 0.966640
vt 0.031584 0.967041
vt 0.031366 0.966091
vt 0.031733 0.950500
vt 0.032018 0.949470
vt 0.033120 0.949762
vt 0.032730 0.948754
vt 0.033678 0.948527
vt 0.049395 0.948515
vt 0.050447 0.948779
vt 0.050140 0.949904
vt 0.051165 0.949482
vt 0.051374 0.950433
vt 0.052545 0.897460
vt 0.051418 0.897147
vt 0.051844 0.898151
vt 0.050904 0.898339
vt 0.035176 0.897976
vt 0.034147 0.897682
vt 0.034448 0.896581
vt 0.033440 0.896948
vt 0.033228 0.895972
vt 0.033798 0.879304
vt 0.034908 0.879634
vt 0.034504 0.878612
vt 0.035444 0.878415
vt 0.051156 0.878784
vt 0.052172 0.879068
vt 0.051854 0.880176
vt 0.052863 0.879775
vt 0.053061 0.880716
vt 0.034412 0.811052
vt 0.035515 0.811345
vt 0.035129 0.810334
vt 0.036078 0.810121
vt 0.051829 0.810440
vt 0.052857 0.810730
vt 0.052521 0.811838
vt 0.053558 0.811460
vt 0.053762 0.812434
vt 0.035621 0.829667
vt 0.034594 0.829368
vt 0.034909 0.828266
vt 0.033892 0.828630
vt 0.033685 0.827650
vt 0.053292 0.828102
vt 0.052998 0.829170
vt 0.051878 0.828885
vt 0.052277 0.829902
vt 0.051324 0.830121
vt 0.572482 0.851705
vt 0.571334 0.851409
vt 0.572882 0.853486
vt 0.571219 0.852499
vt 0.571623 0.854075
vt 0.569122 0.853481
vt 0.571281 0.853226
vt 0.568783 0.852431
vt 0.569494 0.853062
vt 0.524397 0.853111
vt 0.523044 0.853763
vt 0.526969 0.853608
vt 0.524288 0.854214
vt 0.526083 0.854673
vt 0.526630 0.855451
vt 0.524104 0.855252
vt 0.522931 0.855501
vt 0.524154 0.856483
vt 0.564078 0.776115
vt 0.563107 0.776137
vt 0.564381 0.774257
vt 0.566193 0.776599
vt 0.568420 0.775972
vt 0.566868 0.774441
vt 0.568210 0.774260
vt 0.567954 0.778197
vt 0.565729 0.779766
vt 0.566844 0.779816
vt 0.563407 0.779860
vt 0.565882 0.778000
vt 0.563597 0.778462
vt 0.562702 0.778207
vt 0.542605 0.773390
vt 0.544083 0.775796
vt 0.545038 0.772171
vt 0.544341 0.774006
vt 0.546019 0.770149
vt 0.543267 0.771306
vt 0.547736 0.770857
vt 0.548224 0.771940
vt 0.546897 0.772625
vt 0.547285 0.774988
vt 0.547977 0.773019
vt 0.546165 0.774869
vt 0.545820 0.776332
vt 0.581583 0.734340
vt 0.580247 0.733105
vt 0.581479 0.732799
vt 0.581388 0.736266
vt 0.580170 0.734570
vt 0.579920 0.736890
vt 0.577246 0.735541
vt 0.580130 0.735774
vt 0.578133 0.734860
vt 0.577700 0.733690
vt 0.562645 0.728737
vt 0.561332 0.728838
vt 0.564917 0.730379
vt 0.562726 0.729904
vt 0.564905 0.731457
vt 0.562591 0.730680
vt 0.564432 0.730813
vt 0.560796 0.730756
vt 0.562186 0.731408
vt 0.572843 0.685171
vt 0.574210 0.686210
vt 0.572389 0.682650
vt 0.574247 0.684687
vt 0.573381 0.681198
vt 0.572203 0.681414
vt 0.574704 0.680956
vt 0.573833 0.682550
vt 0.576764 0.685883
vt 0.577778 0.683070
vt 0.576330 0.683234
vt 0.573895 0.683068
vt 0.575008 0.682325
vt 0.569557 0.687030
vt 0.570750 0.685633
vt 0.570786 0.686952
vt 0.567279 0.685551
vt 0.569473 0.685674
vt 0.565996 0.684385
vt 0.566938 0.686969
vt 0.567988 0.682433
vt 0.569149 0.683557
vt 0.568557 0.683712
vt 0.570447 0.683068
vt 0.569099 0.682136
vt 0.569001 0.685740
vt 0.569510 0.685133
vt 0.754804 0.901866
vt 0.753456 0.901625
vt 0.756745 0.902904
vt 0.754970 0.902425
vt 0.757561 0.903461
vt 0.757324 0.902560
vt 0.754918 0.903241
vt 0.753321 0.903785
vt 0.754667 0.904061
vt 0.807895 0.904100
vt 0.806328 0.903493
vt 0.807215 0.905880
vt 0.806812 0.904619
vt 0.807430 0.906933
vt 0.808415 0.905929
vt 0.808510 0.907218
vt 0.804021 0.906288
vt 0.804163 0.904686
vt 0.804969 0.905570
vt 0.750312 0.834294
vt 0.748205 0.835822
vt 0.752229 0.834772
vt 0.750107 0.836341
vt 0.752129 0.836565
vt 0.753199 0.837006
vt 0.752015 0.839156
vt 0.752237 0.841115
vt 0.753173 0.839303
vt 0.753023 0.840512
vt 0.750489 0.840764
vt 0.750098 0.838607
vt 0.748201 0.838156
vt 0.767291 0.837876
vt 0.766987 0.839905
vt 0.769255 0.839713
vt 0.767650 0.839847
vt 0.771217 0.838654
vt 0.769116 0.837381
vt 0.770395 0.837093
vt 0.771726 0.840749
vt 0.770253 0.842625
vt 0.771496 0.842551
vt 0.768256 0.843606
vt 0.769612 0.841067
vt 0.767800 0.842314
vt 0.767201 0.842265
vt 0.754373 0.790012
vt 0.752698 0.790752
vt 0.756624 0.791686
vt 0.753947 0.791405
vt 0.755782 0.793002
vt 0.757274 0.792476
vt 0.753605 0.792432
vt 0.755444 0.792341
vt 0.752205 0.792492
vt 0.753332 0.793383
vt 0.770161 0.792315
vt 0.769063 0.791929
vt 0.770009 0.794378
vt 0.768582 0.792907
vt 0.768554 0.794544
vt 0.766118 0.793760
vt 0.768440 0.793692
vt 0.765989 0.792505
vt 0.766534 0.793157
vt 0.770074 0.753506
vt 0.770215 0.756141
vt 0.773286 0.752501
vt 0.772303 0.753711
vt 0.772198 0.752436
vt 0.774257 0.753666
vt 0.774526 0.752534
vt 0.773773 0.756072
vt 0.773092 0.753723
vt 0.772388 0.756972
vt 0.771435 0.754148
vt 0.772733 0.755679
vt 0.772962 0.754188
vt 0.774216 0.756115
vt 0.775044 0.757558
vt 0.775579 0.753823
vt 0.775253 0.756291
vt 0.775637 0.752705
vt 0.774523 0.753717
vt 0.776847 0.752859
vt 0.778605 0.758136
vt 0.778136 0.755392
vt 0.779185 0.755587
vt 0.777463 0.758011
vt 0.775519 0.754482
vt 0.776877 0.753923
vt 0.438130 0.843946
vt 0.439757 0.844219
vt 0.438153 0.845714
vt 0.438013 0.841699
vt 0.440025 0.842838
vt 0.439653 0.840725
vt 0.442138 0.841232
vt 0.440007 0.841886
vt 0.442443 0.842824
vt 0.441723 0.842122
vt 0.467599 0.841609
vt 0.469289 0.840816
vt 0.464674 0.840124
vt 0.467919 0.839894
vt 0.465717 0.838896
vt 0.465424 0.837981
vt 0.468181 0.838589
vt 0.469627 0.838658
vt 0.468349 0.837258
vt 0.434774 0.910986
vt 0.433418 0.912641
vt 0.434825 0.909626
vt 0.437234 0.910998
vt 0.438608 0.911045
vt 0.437302 0.909582
vt 0.438200 0.913661
vt 0.436894 0.913615
vt 0.436397 0.914930
vt 0.436198 0.913446
vt 0.435820 0.910876
vt 0.434991 0.911726
vt 0.445534 0.911382
vt 0.444152 0.911074
vt 0.445813 0.909995
vt 0.448083 0.912072
vt 0.448977 0.913672
vt 0.448558 0.910734
vt 0.445694 0.914958
vt 0.445096 0.913505
vt 0.445796 0.913422
vt 0.443422 0.913719
vt 0.444302 0.915071
vt 0.447691 0.911977
vt 0.448090 0.912761
vt 0.653934 0.788600
vt 0.652279 0.787862
vt 0.655402 0.791934
vt 0.652548 0.789595
vt 0.655264 0.793673
vt 0.653640 0.792193
vt 0.653723 0.793864
vt 0.650660 0.791133
vt 0.648943 0.790914
vt 0.650253 0.793997
vt 0.651085 0.788555
vt 0.651627 0.790068
vt 0.652555 0.790245
vt 0.684715 0.812039
vt 0.683489 0.810894
vt 0.683935 0.814522
vt 0.682463 0.812155
vt 0.682156 0.813971
vt 0.683662 0.816341
vt 0.680234 0.811790
vt 0.682049 0.813109
vt 0.679901 0.810432
vt 0.679376 0.811775
vt 0.696006 0.764401
vt 0.694057 0.766928
vt 0.699457 0.765570
vt 0.698870 0.767334
vt 0.698146 0.766393
vt 0.700075 0.768506
vt 0.700371 0.766641
vt 0.697662 0.770116
vt 0.695607 0.769647
vt 0.696638 0.765882
vt 0.696877 0.768668
vt 0.698337 0.767629
vt 0.701904 0.775557
vt 0.700965 0.776807
vt 0.703211 0.772565
vt 0.700947 0.774330
vt 0.704188 0.773782
vt 0.705471 0.773162
vt 0.704859 0.774889
vt 0.703386 0.778624
vt 0.706184 0.776638
vt 0.704737 0.779391
vt 0.704894 0.776019
vt 0.703509 0.774314
vt 0.630338 0.681051
vt 0.630296 0.679718
vt 0.629045 0.681665
vt 0.629347 0.680088
vt 0.627861 0.681842
vt 0.627948 0.680557
vt 0.626211 0.681379
vt 0.626539 0.679416
vt 0.624420 0.677752
vt 0.624394 0.679956
vt 0.623164 0.678325
vt 0.626410 0.677009
vt 0.627949 0.678422
vt 0.629039 0.678186
vt 0.644060 0.674410
vt 0.644765 0.675592
vt 0.643151 0.674713
vt 0.643026 0.672737
vt 0.642009 0.671435
vt 0.642127 0.673130
vt 0.641561 0.672231
vt 0.644489 0.672222
vt 0.646018 0.671305
vt 0.643394 0.670718
vt 0.645412 0.673501
vt 0.646350 0.674869
vt 0.647102 0.672838
vt 0.685655 0.742414
vt 0.684088 0.742493
vt 0.686184 0.744619
vt 0.684878 0.743423
vt 0.687352 0.745306
vt 0.687294 0.743847
vt 0.688211 0.744570
vt 0.686447 0.746053
vt 0.682593 0.744047
vt 0.683326 0.746416
vt 0.681697 0.744900
vt 0.684129 0.745461
vt 0.685753 0.744317
vt 0.685472 0.745305
vt 0.691497 0.735543
vt 0.691432 0.737006
vt 0.690592 0.736225
vt 0.693126 0.734128
vt 0.692441 0.736341
vt 0.695127 0.735349
vt 0.694513 0.738350
vt 0.693942 0.737161
vt 0.695154 0.737432
vt 0.693000 0.738498
vt 0.693673 0.737541
vt 0.692850 0.736046
vt 0.692812 0.736681
vt 0.565809 0.633999
vt 0.564955 0.630862
vt 0.564262 0.630494
vt 0.564671 0.630416
vt 0.563886 0.631011
vt 0.563170 0.634027
vt 0.564428 0.628019
vt 0.564645 0.626965
vt 0.564336 0.627114
vt 0.495439 0.681260
vt 0.495962 0.680051
vt 0.495387 0.682993
vt 0.495929 0.681570
vt 0.494841 0.682943
vt 0.494322 0.683567
vt 0.493286 0.681683
vt 0.491482 0.681160
vt 0.492626 0.682517
vt 0.491611 0.682294
vt 0.492246 0.679875
vt 0.494594 0.679331
vt 0.493531 0.678995
vt 0.493939 0.680883
vt 0.503393 0.684536
vt 0.503252 0.683042
vt 0.500629 0.685455
vt 0.502247 0.684039
vt 0.500103 0.685063
vt 0.500758 0.684735
vt 0.500831 0.683144
vt 0.500298 0.684583
vt 0.501165 0.682434
vt 0.501340 0.683258
vt 0.501915 0.682282
vt 0.480839 0.694117
vt 0.480076 0.694352
vt 0.481162 0.693642
vt 0.482039 0.694744
vt 0.482622 0.695350
vt 0.482532 0.694380
vt 0.481280 0.695235
vt 0.480417 0.695839
vt 0.481604 0.696105
vt 0.480689 0.696618
vt 0.548676 0.584262
vt 0.549210 0.582881
vt 0.546209 0.582385
vt 0.548363 0.582926
vt 0.544151 0.582318
vt 0.545274 0.583441
vt 0.546544 0.581595
vt 0.546429 0.580573
vt 0.544836 0.580257
vt 0.504605 0.644596
vt 0.504128 0.645492
vt 0.503568 0.643912
vt 0.505129 0.643576
vt 0.505797 0.642187
vt 0.504466 0.642171
vt 0.505379 0.640630
vt 0.506777 0.645574
vt 0.505941 0.646409
vt 0.506054 0.645350
vt 0.519860 0.664786
vt 0.519694 0.663316
vt 0.518261 0.666159
vt 0.518110 0.664270
vt 0.517111 0.665301
vt 0.516619 0.663330
vt 0.517359 0.664839
vt 0.517081 0.662132
vt 0.515948 0.663241
vt 0.656496 0.477898
vt 0.657316 0.477600
vt 0.657366 0.477582
vt 0.657604 0.477495
vt 0.828468 0.478502
vt 0.827469 0.478441
vt 0.828843 0.476726
vt 0.827839 0.480403
vt 0.827012 0.479852
vt 0.827111 0.481588
vt 0.824996 0.481393
vt 0.826726 0.480620
vt 0.824800 0.479903
vt 0.825287 0.480532
vt 0.710150 0.303139
vt 0.710365 0.301850
vt 0.707321 0.303626
vt 0.709124 0.301615
vt 0.706941 0.302362
vt 0.707385 0.299995
vt 0.707846 0.301805
vt 0.707332 0.297862
vt 0.708011 0.297878
vt 0.707917 0.300271
vt 0.709245 0.299515
vt 0.708502 0.300142
vt 0.551637 0.320654
vt 0.552907 0.322360
vt 0.551529 0.318374
vt 0.552332 0.320321
vt 0.551744 0.316434
vt 0.553250 0.318318
vt 0.552038 0.318504
vt 0.552422 0.316253
vt 0.554776 0.317730
vt 0.554291 0.319642
vt 0.555725 0.321498
vt 0.556481 0.319815
vt 0.989980 0.264787
vt 0.991850 0.267214
vt 0.990839 0.262618
vt 0.991918 0.264524
vt 0.993421 0.262728
vt 0.432401 0.369163
vt 0.433630 0.370716
vt 0.432977 0.371000
vt 0.432716 0.368957
vt 0.434511 0.369971
vt 0.434793 0.372139
vt 0.436646 0.373700
vt 0.436174 0.371546
vt 0.437338 0.372626
vt 0.434437 0.372823
vt 0.434609 0.371562
vt 0.434082 0.371775
vt 0.861503 0.272958
vt 0.862642 0.273005
vt 0.861692 0.275036
vt 0.859384 0.272983
vt 0.857581 0.273816
vt 0.858900 0.275150
vt 0.858386 0.271067
vt 0.859463 0.269329
vt 0.861393 0.269203
vt 0.859772 0.271390
vt 0.862547 0.270936
vt 0.861403 0.271239
vt 0.901300 0.523276
vt 0.901195 0.523217
vt 0.900693 0.522934
vt 0.900551 0.522854
vt 0.899542 0.522286
vt 0.699125 0.561271
vt 0.698490 0.562244
vt 0.697898 0.563041
vt 0.697928 0.563103
vt 0.857399 0.626167
vt 0.858112 0.625332
vt 0.855047 0.626138
vt 0.856790 0.625112
vt 0.854483 0.625010
vt 0.853572 0.626026
vt 0.856511 0.624447
vt 0.855107 0.625302
vt 0.857660 0.623607
vt 0.856467 0.623493
vt 0.895637 0.619422
vt 0.896873 0.619904
vt 0.896772 0.618108
vt 0.896857 0.618809
vt 0.896582 0.617401
vt 0.895574 0.617662
vt 0.895578 0.616304
vt 0.897790 0.618193
vt 0.749324 0.682975
vt 0.748985 0.682296
vt 0.897913 0.618926
vt 0.896794 0.618850
vt 0.823892 0.120675
vt 0.823847 0.120247
vt 0.823575 0.119888
vt 0.823080 0.119959
vt 0.675294 0.124953
vt 0.674907 0.124921
vt 0.674766 0.124909
vt 0.394110 0.241487
vt 0.393988 0.241539
vt 0.393863 0.241592
vt 0.393773 0.241630
vt 0.531294 0.507366
vt 0.218915 0.453776
vt 0.296179 0.426011
vt 0.310004 0.540547
vt 0.111604 0.640740
vt 0.080512 0.421109
vt 0.077889 0.420570
vt 0.076780 0.420283
vt 0.160735 0.431105
vt 0.186621 0.762360
vt 0.300579 0.693114
vt 0.130627 0.571391
vt 0.128576 0.570377
vt 0.199713 0.468479
vt 0.064480 0.524889
vt 0.081808 0.421305
vt 0.259473 0.168133
vt 0.261722 0.168045
vt 0.253401 0.315191
vt 0.185017 0.143679
vt 0.187139 0.144574
vt 0.173104 0.247691
vt 0.326699 0.338581
vt 0.282560 0.409381
vt 0.326997 0.340183
vt 0.283027 0.410409
vt 0.028982 0.373712
vt 0.249371 0.314517
vt 0.081306 0.321450
vt 0.166162 0.614258
vt 0.160677 0.728322
vt 0.022612 0.090986
vt 0.020091 0.287286
vt 0.021464 0.091515
vt 0.328643 0.336841
vt 0.346419 0.128055
vt 0.348915 0.127547
vt 0.106778 0.086212
vt 0.107886 0.086321
vt 0.110076 0.086928
vt 0.425274 0.555268
vt 0.458436 0.474498
vt 0.998661 0.035827
vt -0.001138 0.036315
vt 0.998661 0.037321
vt -0.001138 0.037320
vt -0.001138 0.037832
vt 0.940965 0.836691
vt 0.943144 0.836765
vt 0.865875 0.862391
vt 0.868171 0.862058
vt 0.425519 0.723121
vt 0.425444 0.705382
vt 0.428261 0.722675
vt 0.250835 0.695791
vt 0.252057 0.696222
vt 0.253280 0.696653
vt 0.337170 0.710452
vt 0.334610 0.728608
vt 0.340808 0.711493
vt 0.337281 0.729184
vt -0.001138 0.003363
vt 0.998660 0.003363
vt 0.998661 0.070254
vt -0.001138 0.069760
vt 0.998661 0.069764
vt -0.001138 0.037841
vt 0.998660 0.037326
vt -0.001138 0.036315
vt 0.998660 0.036318
vt -0.001138 0.035821
vt 0.104525 0.717151
vt 0.106560 0.733957
vt 0.108811 0.733820
vt 0.018008 0.848107
vt 0.023980 0.840321
vt 0.014805 0.846299
vt 0.022761 0.839015
vt 0.016656 0.794890
vt 0.023399 0.800426
vt 0.016796 0.793218
vt 0.024665 0.799171
vt 0.069467 0.982774
vt 0.061903 0.978029
vt 0.067721 0.986029
vt 0.060613 0.979269
vt 0.085853 0.933680
vt 0.093327 0.938307
vt 0.085944 0.932004
vt 0.094654 0.937026
vt 0.998661 0.054493
vt -0.001139 0.054017
vt 0.998661 0.054012
vt -0.001139 0.053041
vt 0.998661 0.053045
vt 0.094988 0.904884
vt 0.088395 0.910921
vt 0.090023 0.912586
vt 0.096208 0.906154
vt 0.091616 0.912735
vt 0.999900 0.036398
vt 0.000101 0.036401
vt 0.000101 0.037382
vt 0.999900 0.037385
vt 0.998661 0.035823
vt -0.001138 0.036313
vt 0.998661 0.036316
vt -0.001137 0.037304
vt -0.001138 0.037800
vt -0.001138 0.070254
vt 0.998661 0.003363
vt -0.001138 0.003856
vt -0.001138 0.003363
vt 0.998661 0.004344
vt 0.138113 0.929852
vt 0.133417 0.937414
vt 0.141505 0.931639
vt 0.134696 0.938738
vt 0.141586 0.933326
vt 0.134875 0.907033
vt 0.142196 0.914997
vt 0.136135 0.905823
vt 0.143812 0.913417
vt 0.143898 0.911800
vt -0.001139 0.070254
vt 0.998661 0.003363
vt -0.001138 0.003858
vt -0.001138 0.003363
vt 0.998661 0.004348
vt 0.064813 0.800920
vt 0.071432 0.794908
vt 0.063595 0.799625
vt 0.069839 0.793209
vt 0.068275 0.793081
vt 0.062735 0.841127
vt 0.069768 0.848001
vt 0.071424 0.846334
vt 0.064003 0.839860
vt -0.001139 0.020579
vt 0.998661 0.020576
vt 0.998661 0.019593
vt -0.001139 0.019590
vt 0.022189 0.907224
vt 0.015569 0.913247
vt 0.023408 0.908531
vt 0.017195 0.914969
vt 0.018790 0.915122
vt 0.022449 0.937702
vt 0.015434 0.931049
vt 0.021173 0.938945
vt 0.013794 0.932700
vt 0.013710 0.934291
vt 0.999900 0.020662
vt 0.000100 0.020659
vt 0.999900 0.019675
vt 0.087906 0.565570
vt 0.096609 0.551744
vt 0.085932 0.564268
vt 0.094666 0.550461
vt 0.093745 0.549684
vt 0.383106 0.711885
vt 0.384436 0.729812
vt 0.380569 0.711955
vt 0.381703 0.730004
vt 0.978587 0.850088
vt 0.976445 0.849283
vt 0.000100 0.069356
vt 0.999900 0.070337
vt 0.000100 0.070337
vt 0.999900 0.003446
vt 0.000100 0.003936
vt 0.000100 0.003446
vt 0.999900 0.003939
vt 0.075118 0.747803
vt 0.072954 0.748503
vt -0.001139 0.020591
vt 0.998661 0.020590
vt 0.998661 0.019595
vt -0.001139 0.019592
vt 0.000100 0.054105
vt 0.999900 0.054108
vt 0.999900 0.053121
vt 0.000100 0.052633
vt -0.001138 0.053021
vt 0.998661 0.054022
vt -0.001138 0.054025
vt -0.001139 0.019053
vt 0.998661 0.019568
vt -0.001139 0.019569
vt -0.001139 0.020579
vt 0.998661 0.054028
vt 0.998661 0.054524
vt -0.001138 0.054030
vt 0.998661 0.053038
vt -0.001138 0.053035
vt 0.077015 0.626083
vt 0.071038 0.732917
vt 0.472790 0.594641
vt 0.338431 0.710945
vt 0.379812 0.576971
vt 0.156943 0.431232
vt 0.941646 0.671016
vt 0.940885 0.669521
vt 0.852133 0.672251
vt 0.150578 0.746213
vt 0.149776 0.745309
vt 0.147760 0.744084
vt 0.121920 0.585008
vt 0.120871 0.584409
vt 0.124105 0.586013
vt 0.131736 0.571762
vt 0.053438 0.540215
vt 0.055668 0.541347
vt 0.293813 0.711044
vt 0.291281 0.710050
vt 0.173312 0.771848
vt 0.184656 0.764002
vt 0.174104 0.772741
vt 0.184923 0.765585
vt 0.174896 0.773634
vt 0.035206 0.756771
vt 0.906540 0.846899
vt 0.905433 0.847227
vt 0.013537 0.527876
vt 0.018394 0.512508
vt 0.012294 0.527491
vt 0.017318 0.511246
vt 0.166845 0.584575
vt 0.122019 0.967888
vt 0.126949 0.973054
vt 0.127989 0.972069
vt 0.126606 0.943212
vt 0.127733 0.943467
vt 0.123432 0.949392
vt 0.123665 0.950481
vt 0.132702 0.979043
vt 0.134028 0.977762
vt 0.132106 0.937255
vt 0.128716 0.944504
vt 0.134812 0.940053
vt 0.139784 0.985868
vt 0.141498 0.984154
vt 0.099307 0.943940
vt 0.100347 0.942955
vt 0.099043 0.945064
vt 0.105119 0.948127
vt 0.092578 0.976887
vt 0.085805 0.983900
vt 0.093856 0.978210
vt 0.087515 0.985611
vt 0.098527 0.971183
vt 0.099510 0.972219
vt 0.103662 0.966303
vt 0.100644 0.972489
vt 0.135690 0.865755
vt 0.134436 0.865584
vt 0.142192 0.858314
vt 0.136911 0.867025
vt 0.129957 0.871773
vt 0.128869 0.871516
vt 0.130907 0.872770
vt 0.129211 0.901130
vt 0.130194 0.900194
vt 0.136300 0.904580
vt 0.125684 0.877569
vt 0.124399 0.895904
vt 0.130445 0.899114
vt 0.095408 0.866004
vt 0.095257 0.867251
vt 0.089589 0.857977
vt 0.096667 0.864793
vt 0.095257 0.867251
vt 0.101324 0.871876
vt 0.102307 0.870939
vt 0.107316 0.876107
vt 0.101061 0.899299
vt 0.102010 0.900296
vt 0.106095 0.894442
vt 0.103082 0.900552
vt 0.020482 0.977574
vt 0.013745 0.984672
vt 0.021707 0.978827
vt 0.015372 0.986282
vt 0.016976 0.986357
vt 0.055825 0.972357
vt 0.056081 0.971258
vt 0.054817 0.973319
vt 0.026390 0.971815
vt 0.027339 0.972796
vt 0.022965 0.978981
vt 0.056081 0.971258
vt 0.049856 0.968182
vt 0.031481 0.966891
vt 0.028429 0.973042
vt 0.028030 0.943675
vt 0.027031 0.944640
vt 0.021013 0.940192
vt 0.032895 0.948642
vt 0.062579 0.938784
vt 0.069388 0.931551
vt 0.067722 0.929948
vt 0.061329 0.937534
vt 0.056439 0.944535
vt 0.055472 0.943557
vt 0.051279 0.949638
vt 0.063426 0.908214
vt 0.063592 0.906967
vt 0.071108 0.915824
vt 0.062163 0.909428
vt 0.057482 0.902572
vt 0.057733 0.901489
vt 0.056496 0.903512
vt 0.028288 0.901644
vt 0.029236 0.902666
vt 0.057733 0.901489
vt 0.051682 0.898274
vt 0.033331 0.896792
vt 0.024039 0.867185
vt 0.016991 0.860379
vt 0.015397 0.861947
vt 0.022793 0.868387
vt 0.015322 0.863499
vt 0.029661 0.873325
vt 0.028686 0.874257
vt 0.022638 0.869627
vt 0.034651 0.878498
vt 0.028450 0.875328
vt 0.064208 0.869411
vt 0.071117 0.862379
vt 0.062999 0.868139
vt 0.069505 0.860709
vt 0.058204 0.875146
vt 0.057264 0.874148
vt 0.052983 0.879938
vt 0.023242 0.801704
vt 0.029395 0.806059
vt 0.030393 0.805093
vt 0.058823 0.806696
vt 0.057883 0.805679
vt 0.029141 0.807167
vt 0.035288 0.810221
vt 0.053665 0.811621
vt 0.025218 0.840493
vt 0.029611 0.834361
vt 0.028671 0.833336
vt 0.033787 0.828471
vt 0.057012 0.835161
vt 0.058011 0.834186
vt 0.052121 0.830008
vt 0.998662 0.020549
vt -0.001138 0.020549
vt 0.998662 0.019622
vt -0.001138 0.019622
vt 0.998662 0.070254
vt -0.001137 0.070254
vt -0.001137 0.003362
vt 0.998662 0.003826
vt -0.001137 0.003826
vt -0.001137 0.004290
vt 0.998662 0.054459
vt -0.001137 0.053995
vt 0.998662 0.053995
vt 0.998662 0.053067
vt -0.001137 0.052604
vt 0.998662 0.035881
vt -0.001137 0.036345
vt 0.998662 0.037272
vt -0.001137 0.037272
vt 0.526694 0.853871
vt 0.499536 0.850076
vt 0.499995 0.848820
vt 0.499238 0.851902
vt 0.499373 0.853471
vt 0.597571 0.846350
vt 0.597025 0.844567
vt 0.545372 0.959108
vt 0.544201 0.960408
vt 0.541338 0.961543
vt 0.601507 0.962225
vt 0.599240 0.961666
vt 0.568988 0.853586
vt 0.553533 0.777217
vt 0.553698 0.776224
vt 0.554554 0.773157
vt 0.554207 0.774232
vt 0.533257 0.766656
vt 0.532100 0.769131
vt 0.580542 0.777312
vt 0.580442 0.774672
vt 0.556051 0.727219
vt 0.555231 0.729191
vt 0.554538 0.730551
vt 0.586788 0.736797
vt 0.586791 0.734709
vt 0.577554 0.735449
vt 0.571521 0.685429
vt 0.571209 0.682918
vt 0.568909 0.681336
vt 0.567804 0.681596
vt 0.565101 0.684244
vt 0.564562 0.686810
vt 0.578669 0.682970
vt 0.574517 0.680114
vt 0.573230 0.680384
vt 0.565196 0.730297
vt 0.735148 0.901859
vt 0.735479 0.899602
vt 0.735585 0.898354
vt 0.823713 0.899497
vt 0.824455 0.901447
vt 0.804675 0.906279
vt 0.807308 0.968914
vt 0.809921 0.968592
vt 0.742723 0.984123
vt 0.745153 0.984064
vt 0.746618 0.983737
vt 0.736248 0.836181
vt 0.736681 0.833382
vt 0.783342 0.833625
vt 0.784209 0.835820
vt 0.757614 0.902619
vt 0.745429 0.790824
vt 0.746163 0.788991
vt 0.746980 0.787639
vt 0.777600 0.794746
vt 0.765920 0.793615
vt 0.768834 0.752921
vt 0.773181 0.751391
vt 0.775616 0.751698
vt 0.776819 0.751875
vt 0.756333 0.791413
vt 0.419657 0.846195
vt 0.420151 0.848331
vt 0.484846 0.847089
vt 0.485518 0.845023
vt 0.485828 0.843363
vt 0.442391 0.841216
vt 0.423601 0.755207
vt 0.421075 0.756543
vt 0.419832 0.757686
vt 0.471930 0.736644
vt 0.468589 0.736416
vt 0.466958 0.736908
vt 0.427668 0.913347
vt 0.435056 0.914553
vt 0.434496 0.919847
vt 0.433116 0.919707
vt 0.435936 0.919859
vt 0.442761 0.919897
vt 0.444100 0.919898
vt 0.454928 0.913554
vt 0.453782 0.916105
vt 0.465063 0.840153
vt 0.984463 0.683029
vt 0.892716 0.671807
vt 0.622490 0.790717
vt 0.642906 0.765718
vt 0.645853 0.765260
vt 0.710101 0.820010
vt 0.710184 0.817496
vt 0.649681 0.867467
vt 0.646770 0.866322
vt 0.676767 0.896037
vt 0.674291 0.895062
vt 0.679320 0.811718
vt 0.693422 0.758343
vt 0.704816 0.762204
vt 0.705756 0.763240
vt 0.711960 0.779412
vt 0.706109 0.774181
vt 0.711017 0.769949
vt 0.711703 0.771016
vt 0.709950 0.768773
vt 0.654967 0.791849
vt 0.596788 0.582014
vt 0.597057 0.537767
vt 0.593875 0.582074
vt 0.594616 0.537440
vt 0.593191 0.537320
vt 0.658523 0.666851
vt 0.657458 0.664877
vt 0.612471 0.685440
vt 0.614303 0.687083
vt 0.612521 0.619968
vt 0.609717 0.620796
vt 0.654765 0.714111
vt 0.652996 0.714972
vt 0.670627 0.707627
vt 0.668711 0.708736
vt 0.667553 0.709157
vt 0.698087 0.740679
vt 0.698871 0.739856
vt 0.698779 0.732722
vt 0.697688 0.730698
vt 0.680625 0.749630
vt 0.689728 0.748571
vt 0.690509 0.747835
vt 0.566350 0.654484
vt 0.563842 0.654420
vt 0.479275 0.672785
vt 0.478595 0.675115
vt 0.514692 0.691842
vt 0.512898 0.693335
vt 0.501695 0.685342
vt 0.472070 0.698091
vt 0.472866 0.699962
vt 0.484851 0.698655
vt 0.483786 0.699195
vt 0.486258 0.707339
vt 0.485310 0.707692
vt 0.483712 0.707503
vt 0.607833 0.621117
vt 0.549115 0.582451
vt 0.550403 0.539863
vt 0.548051 0.540320
vt 0.546706 0.540799
vt 0.518531 0.574337
vt 0.519115 0.572340
vt 0.564670 0.626000
vt 0.506829 0.644879
vt 0.515953 0.663193
vt 0.489904 0.630824
vt 0.490648 0.628924
vt 0.530819 0.675437
vt 0.531914 0.674403
vt 0.533565 0.673076
vt 0.744005 0.494397
vt 0.740883 0.495389
vt 0.656582 0.478127
vt 0.658866 0.477648
vt 0.912289 0.437314
vt 0.570905 0.508730
vt 0.571871 0.509410
vt 0.824881 0.481334
vt 0.698606 0.562289
vt 0.785916 0.664001
vt 0.697330 0.564038
vt 0.783963 0.665100
vt 0.900586 0.522851
vt 0.901656 0.523476
vt 0.707239 0.299881
vt 0.828392 0.657994
vt 0.820785 0.644058
vt 0.826517 0.659041
vt 0.818829 0.645102
vt 0.740872 0.495423
vt 0.854882 0.626158
vt 0.860157 0.641016
vt 0.862244 0.640301
vt 0.791575 0.679258
vt 0.793576 0.678181
vt 0.794547 0.677616
vt 0.900415 0.633936
vt 0.899327 0.634117
vt 0.858032 0.271247
vt 0.708145 0.297721
vt 0.675292 0.125000
vt 0.674446 0.125148
vt 0.823097 0.120068
vt 0.824923 0.119942
vt 0.826096 0.120056
vt 0.536507 0.177933
vt 0.552511 0.316274
vt 0.537312 0.177716
vt 0.993227 0.260794
vt 0.393772 0.241630
vt 0.432732 0.368955
vt 0.432427 0.369157
vt 0.394099 0.241462
vt 0.828314 0.480589
vt 0.911851 0.438153
vt 0.911326 0.437058
vt 0.551514 0.318360
vt 0.990713 0.262735
vt 0.184363 0.762404
vt 0.071813 0.748753
vt 0.294754 0.424272
vt 0.111100 0.087662
vt 0.165140 0.613560
vt 0.060047 0.937402
vt 0.999900 0.035904
vt 0.121519 0.948203
vt 0.105585 0.967513
vt 0.100644 0.972489
vt 0.103922 0.950036
vt 0.999900 0.004433
vt 0.103082 0.900552
vt 0.123839 0.876415
vt 0.125533 0.894072
vt 0.033334 0.968031
vt 0.031733 0.950500
vt 0.049395 0.948515
vt 0.054367 0.943337
vt 0.035176 0.897976
vt 0.052821 0.896436
vt 0.033519 0.880322
vt 0.061757 0.867968
vt 0.056186 0.873891
vt 0.030308 0.902928
vt -0.001138 0.069267
vt 0.058269 0.833058
vt 0.051829 0.810440
vt 0.034121 0.812102
vt 0.056801 0.805425
vt 0.053292 0.828102
vt 0.064170 0.838553
vt 0.035621 0.829667
vt 0.710711 0.982199
vt 0.602818 0.962289
vt 0.745092 0.792352
vt 0.655264 0.793673
vt 0.632793 0.613574
vt 0.562854 0.655000
vt 0.782947 0.665577
vt 0.898238 0.634299
vt 0.763915 0.099949
vt 0.823259 0.117699
vt 0.658532 0.479466
vt 0.669061 0.098505
vt 0.505621 0.163873
vt 0.641952 0.115399
vt 0.979577 0.124679
vt 0.782947 0.665577
vt 0.899542 0.522286
vt 0.166467 0.583747
vt 0.218229 0.451117
vt 0.152573 0.327207
vt 0.021846 0.430561
vt 0.216020 0.518551
vt 0.226105 0.613419
vt 0.219984 0.401786
vt 0.328660 0.336667
vt 0.092273 0.255375
vt 0.383481 0.430335
vt 0.983122 0.835119
vt 0.828102 0.842694
vt 0.425348 0.704669
vt 0.693736 0.735183
vt 0.436074 0.374686
vt 0.018967 0.287408
vt 0.998661 0.036318
vt -0.001137 0.070254
vt -0.001138 0.037325
vt 0.016396 0.848018
vt 0.018453 0.791567
vt 0.069381 0.984384
vt 0.087659 0.930291
vt 0.998661 0.037302
vt 0.998660 0.070254
vt 0.998661 0.003853
vt 0.139796 0.929928
vt 0.998661 0.003855
vt 0.000100 0.019678
vt 0.826072 0.858921
vt 0.977516 0.849686
vt 0.000100 0.053124
vt 0.998661 0.053020
vt 0.998661 0.020576
vt 0.903233 0.847994
vt 0.161571 0.599370
vt 0.143820 0.859979
vt 0.087973 0.859557
vt 0.069488 0.917409
vt 0.998662 0.003362
vt -0.001137 0.053067
vt 0.998662 0.036345
vt 0.777451 0.792584
vt 0.772103 0.751274
vt 0.780154 0.755767
vt 0.623028 0.787605
vt 0.644252 0.765508
vt 0.741830 0.495030
vt 0.659489 0.635172
vt 0.756254 0.696872
vt 0.979799 0.126894
s 1
g off
g Plane.001_Material.006
usemtl Material.006
f 228/1/1 145/2/2 264/3/3
f 242/4/4 398/5/5 357/6/6
f 172/7/7 473/8/8 486/9/9
f 294/10/10 304/11/11 130/12/12
f 146/13/13 210/14/14 196/15/15
f 568/16/16 70/17/17 536/18/18
f 162/19/19 197/20/20 209/21/21
f 484/22/22 557/23/23 57/24/24
f 82/25/25 512/26/26 517/27/27
f 288/28/28 293/29/29 276/30/30
f 173/31/31 56/32/32 185/33/33
f 276/34/30 184/35/34 211/36/35
f 105/37/36 513/38/37 469/39/38
f 185/40/33 225/41/39 173/42/31
f 82/43/25 198/44/40 468/45/41
f 469/46/38 162/47/19 105/37/36
f 241/48/42 448/49/43 445/50/44
f 266/51/45 399/52/46 229/53/47
f 254/54/48 412/55/49 265/56/50
f 147/57/51 224/58/52 128/59/53
f 529/60/54 358/61/55 397/62/56
f 144/63/57 346/64/58 265/65/50
f 253/66/59 356/67/60 381/68/61
f 129/69/62 185/70/33 292/71/63
f 130/72/12 332/73/64 344/74/65
f 305/75/66 329/76/67 316/77/68
f 265/78/50 346/79/58 254/80/48
f 109/81/69 525/82/70 573/83/71
f 254/84/48 453/85/72 449/86/73
f 278/87/74 145/88/2 317/89/75
f 333/90/76 318/91/77 230/92/78
f 289/93/79 317/94/75 328/95/80
f 242/96/4 333/97/76 230/98/78
f 414/99/81 528/100/82 396/101/83
s 2
f 372/102/84 603/103/85 615/104/86
s 1
f 572/105/87 452/106/88 110/107/89
f 104/108/90 174/109/91 93/110/92
f 94/111/93 225/112/39 81/113/94
f 242/114/4 109/115/69 333/116/76
f 92/117/95 516/118/96 565/119/97
f 496/120/98 830/121/99 855/122/100
f 334/123/101 454/124/102 345/125/103
s 2
f 1/126/104 3/127/105 2/128/106
s 1
f 6/129/107 7/130/108 5/131/109
f 13/132/110 15/133/111 16/134/112
f 17/135/113 20/136/114 19/137/115
f 739/138/116 572/139/87 440/140/117
f 636/141/118 654/142/119 649/143/120
f 560/144/121 359/145/122 540/146/123
f 436/147/124 524/148/125 521/149/126
f 162/150/19 68/151/127 474/152/128
f 803/153/129 564/154/130 757/155/131
f 504/156/132 537/157/133 556/158/134
f 10/159/135 12/160/136 9/161/137
f 553/162/138 473/163/8 569/164/139
f 667/165/140 683/166/141 429/167/142
f 545/168/143 93/110/92 564/169/130
f 501/170/144 856/171/145 859/172/146
f 69/173/147 186/174/148 58/175/149
f 433/176/150 684/177/151 653/178/152
f 453/179/72 520/180/153 449/181/73
f 756/182/154 774/183/155 769/184/156
f 505/185/157 834/186/158 829/187/159
f 740/188/160 726/189/161 437/190/162
f 637/191/163 541/192/164 529/193/54
f 786/194/165 544/195/166 804/196/167
s 2
f 620/197/168 581/198/169 576/199/170
s 1
f 565/200/97 465/201/171 756/202/154
f 739/203/116 706/204/172 743/205/173
s 2
f 607/206/174 595/207/175 3/127/105
f 589/208/176 633/209/177 1/126/104
f 585/210/178 631/211/179 589/212/176
s 1
f 413/213/180 561/214/181 532/215/182
s 2
f 619/216/183 616/217/184 623/218/185
f 627/219/186 606/220/187 632/221/188
f 615/222/86 598/223/189 611/224/190
f 611/225/190 593/226/191 607/227/174
f 624/228/192 585/229/178 581/230/169
f 599/231/193 580/232/194 584/233/195
f 588/234/196 599/231/193 584/233/195
f 2/128/106 594/235/197 590/236/198
f 602/237/199 577/238/200 580/232/194
s 1
f 637/239/163 679/240/201 666/241/202
s 2
f 632/242/188 608/243/203 4/244/204
f 623/218/185 612/245/205 627/246/186
s 1
f 445/247/44 521/248/126 524/249/125
f 533/250/206 636/251/118 528/252/82
f 684/253/151 657/254/207 653/255/152
f 671/256/208 642/257/209 7/130/108
f 646/258/210 671/259/208 675/260/211
f 649/261/120 658/262/212 645/263/213
f 641/264/214 663/265/215 5/131/109
f 650/266/216 675/267/211 679/268/201
f 429/269/142 540/270/123 667/271/140
f 657/272/207 691/273/217 662/274/218
f 662/275/218 693/276/219 6/129/107
f 676/277/220 692/278/221 687/279/222
f 645/280/213 661/281/223 641/282/214
f 433/283/150 561/284/181 428/285/224
f 747/286/225 696/287/226 752/288/227
f 692/278/221 672/289/228 8/290/229
f 573/291/71 710/292/230 441/293/231
f 713/294/232 731/295/233 717/296/234
f 697/297/235 723/298/236 9/161/137
f 752/299/227 698/300/237 12/160/136
f 683/301/141 676/302/220 687/303/222
f 437/304/162 549/305/238 740/306/160
f 731/307/233 722/308/239 717/309/234
f 722/308/239 736/310/240 10/159/135
f 709/311/241 727/312/242 713/313/232
f 748/314/243 735/315/244 730/316/245
f 735/317/244 753/318/246 11/319/247
f 757/320/131 807/321/248 803/322/129
f 744/323/249 730/324/245 726/325/161
f 441/326/231 714/327/250 705/328/251
f 705/329/251 718/330/252 701/331/253
f 701/332/253 721/333/254 697/334/235
f 464/335/255 791/336/256 773/337/257
f 773/338/257 795/339/258 777/340/259
f 761/341/260 783/342/261 13/132/110
f 816/343/262 762/344/263 16/134/112
f 787/345/264 517/346/27 512/347/26
f 777/340/259 798/348/265 782/349/266
f 782/350/266 800/351/267 14/352/268
f 804/353/167 790/354/269 786/355/165
f 808/356/270 794/357/271 790/358/269
f 812/359/272 799/360/273 794/361/271
f 799/362/273 817/363/274 15/133/111
f 851/364/275 820/365/276 847/366/277
f 811/367/278 760/368/279 816/369/262
f 774/370/155 765/371/280 769/184/156
f 778/372/281 761/373/260 765/374/280
f 770/375/282 811/376/278 807/377/248
f 552/378/283 505/379/157 557/380/23
f 860/381/284 837/382/285 833/383/286
f 821/384/287 843/385/288 17/135/113
f 847/386/277 822/387/289 19/137/115
f 536/388/18 501/389/144 568/390/16
f 834/391/158 825/392/290 829/393/159
f 838/394/291 821/395/287 825/396/290
f 855/122/100 826/397/292 851/398/275
f 569/399/139 508/400/293 553/401/138
f 864/402/294 842/403/295 837/382/285
f 842/404/295 869/405/296 18/406/297
f 852/407/298 868/408/299 863/409/300
f 500/410/301 833/411/286 508/412/293
s 3
f 876/413/302 880/414/303 889/415/302
s 1
f 868/416/299 848/417/304 20/136/114
f 859/418/146 852/419/298 863/420/300
s 3
f 888/421/305 896/422/306 877/423/307
f 901/424/308 881/425/309 872/426/309
s 4
f 904/427/310 1077/428/311 1082/429/312
s 3
f 893/430/313 897/431/314 884/432/314
s 4
f 1092/433/315 1104/434/316 1073/435/317
s 1
f 706/436/172 747/437/225 743/438/173
s 5
f 24/439/318 930/440/319 920/441/320
f 944/442/321 981/443/322 984/444/323
f 957/445/324 1005/446/325 1000/447/326
f 26/448/327 929/449/328 924/450/329
f 25/451/330 946/452/331 916/453/332
f 928/454/333 956/455/334 925/456/335
f 964/457/336 28/458/337 1006/459/338
f 27/460/339 987/461/340 960/462/341
f 27/460/339 967/463/342 930/440/319
f 1016/464/343 1057/465/344 1020/466/345
f 980/467/346 1022/468/347 985/469/348
f 961/470/349 1021/471/350 28/458/337
f 1001/472/351 1042/473/352 1032/474/353
s 4
f 1069/475/354 1072/476/355 30/477/356
s 5
f 1052/478/357 1037/479/358 1058/480/359
f 1021/481/350 1036/482/360 28/458/337
f 28/458/337 1040/483/361 1006/484/338
f 1033/485/362 1037/479/358 29/486/363
s 6
f 22/487/364 1217/488/365 1212/489/366
s 4
f 1068/490/367 1081/491/368 1094/492/369
f 1108/493/370 1154/494/371 1112/495/372
f 1080/496/373 1109/497/374 1115/498/375
f 1081/499/368 1131/500/376 1094/501/369
f 1105/502/377 1165/503/378 1144/504/379
f 1197/505/380 1180/506/381 1177/507/382
f 1113/508/383 1166/509/384 1128/510/385
f 1164/511/386 1176/512/387 1145/513/388
s 6
f 31/514/389 1234/515/390 1208/516/391
s 4
f 1152/517/392 1181/518/393 1184/519/394
f 1166/509/384 1186/520/395 1196/521/396
s 6
f 1260/522/397 1250/523/398 1266/524/399
f 908/525/400 1233/526/401 1218/527/402
s 7
f 21/528/403 1290/529/404 912/530/405
s 6
f 1213/531/406 1248/532/407 1244/533/408
s 7
f 1277/534/409 1280/535/410 32/536/411
s 6
f 1228/537/412 1265/538/413 1232/539/414
f 1218/540/402 1264/541/415 1249/542/416
s 7
f 1288/543/417 1317/544/418 1320/545/419
f 913/546/420 1302/547/421 1276/548/422
s 5
f 24/439/318 945/549/423 27/460/339
s 7
f 1300/550/424 1312/551/425 1281/552/426
s 8
f 1344/553/427 1513/554/428 1520/555/429
s 7
f 1302/556/421 1322/557/430 1332/558/431
f 1316/559/432 1333/560/433 1321/561/434
s 8
f 1356/562/435 1396/563/436 1379/564/437
f 1353/565/438 1393/566/439 35/567/440
f 1397/568/441 1408/569/442 1392/570/443
f 1376/571/444 1392/570/443 1360/572/445
f 36/573/446 1421/574/447 1396/563/436
f 1448/575/448 1363/576/449 1438/577/450
f 1449/578/451 1357/579/452 1378/580/453
f 1437/581/454 1549/582/455 1552/583/456
f 1393/584/439 1400/585/457 35/567/440
f 1401/586/458 1422/587/459 1404/588/460
f 1453/589/461 1492/590/462 1488/591/463
f 1438/592/450 1534/593/464 1520/594/429
f 1489/595/465 1509/596/466 1504/597/467
f 1554/598/468 1456/599/469 1534/593/464
f 1472/600/470 1508/601/471 1477/602/472
f 1457/603/473 1508/601/471 1493/604/474
f 1532/605/475 1452/606/476 1545/607/477
f 1553/608/478 1473/609/479 1476/610/480
f 1521/611/481 1544/612/482 1517/613/483
f 33/614/484 1522/615/485 1516/616/486
f 1436/617/487 1352/618/488 1433/619/489
f 34/620/490 1512/621/491 1348/622/492
f 38/623/493 1449/578/451 1512/621/491
s 9
f 1658/624/494 1691/625/495 1687/626/496
s 8
f 1513/554/428 1438/627/450 1520/628/429
s 1
f 124/629/497 304/630/11 294/631/10
s 9
f 1654/632/498 1665/633/499 1578/634/500
f 1659/635/501 1677/636/502 1653/637/503
f 1574/638/504 1605/639/505 1568/640/506
f 1579/641/507 1589/642/508 1638/643/509
f 1675/644/510 1704/645/511 1663/646/512
f 1579/647/507 1692/648/513 1564/649/514
f 45/650/515 1591/651/516 1607/652/517
f 41/653/518 1712/654/519 54/655/520
f 1695/656/521 1687/657/496 1691/625/495
f 1696/658/522 1664/659/523 1703/660/524
f 1573/661/525 1637/662/526 1621/663/527
f 1716/664/528 45/650/515 1607/652/517
f 1660/665/529 1569/666/530 1565/667/531
f 1725/668/532 51/669/533 1623/670/534
f 1622/671/535 47/672/536 1726/673/537
f 53/674/538 1720/675/539 1722/676/540
f 50/677/541 43/678/542 51/669/533
f 43/678/542 1717/679/543 1606/680/544
f 51/669/533 1606/680/544 1623/670/534
f 54/655/520 1712/681/519 1639/682/545
f 44/683/546 49/684/547 45/650/515
f 1720/675/539 55/685/548 1592/686/549
f 1640/687/550 47/672/536 1622/671/535
f 1726/673/537 46/688/551 39/689/552
f 1590/690/553 1569/691/530 1608/692/554
f 1677/693/502 1707/694/555 1700/695/556
f 54/655/520 1592/696/549 55/685/548
f 49/684/547 1721/697/557 1591/698/516
f 1655/699/558 1578/634/500 1574/700/504
s 1
f 59/701/559 60/702/560 56/32/32
f 59/701/559 64/703/561 61/704/562
f 62/705/563 63/706/564 57/24/24
f 66/707/565 64/708/561 62/709/563
f 65/710/566 66/707/565 58/175/149
f 65/710/566 61/711/562 67/712/567
f 61/704/562 64/713/561 67/714/567
f 71/715/568 72/716/569 68/151/127
f 71/715/568 76/717/570 73/718/571
f 74/719/572 75/720/573 69/721/147
f 78/722/574 76/717/570 74/719/572
f 77/723/575 78/722/574 70/17/17
f 77/723/575 73/718/571 79/724/576
f 73/718/571 76/717/570 79/724/576
f 83/725/577 84/726/578 80/727/579
f 83/725/577 88/728/580 85/729/581
f 86/730/582 87/731/583 81/113/94
f 90/732/584 88/728/580 86/730/582
f 89/733/585 90/732/584 82/25/25
f 89/733/585 85/729/581 91/734/586
f 85/729/581 88/728/580 91/734/586
f 95/735/587 96/736/588 92/117/95
f 99/737/589 97/738/590 95/739/587
f 98/740/591 99/737/589 93/110/92
f 98/741/591 103/742/592 100/743/593
f 101/744/594 102/745/595 94/111/93
f 101/744/594 97/746/590 103/742/592
f 97/746/590 100/747/593 103/748/592
f 111/749/596 112/750/597 108/751/598
f 115/752/599 113/753/600 111/749/596
f 114/754/601 115/752/599 109/81/69
f 114/754/601 119/755/602 116/756/603
f 117/757/604 118/758/605 110/107/89
f 117/757/604 113/753/600 119/755/602
f 113/753/600 116/756/603 119/755/602
f 132/759/606 133/760/607 128/59/53
f 136/761/608 134/762/609 132/759/606
f 135/763/610 136/761/608 129/69/62
f 139/764/611 137/765/612 135/763/610
f 138/766/613 139/764/611 130/72/12
f 138/766/613 143/767/614 140/768/615
f 141/769/616 142/770/617 131/771/618
f 141/769/616 134/772/609 143/773/614
f 134/774/609 140/768/615 143/767/614
f 148/775/619 149/776/620 144/63/57
f 152/777/621 150/778/622 148/775/619
f 151/779/623 152/777/621 145/88/2
f 151/779/623 156/780/624 153/781/625
f 154/782/626 155/783/627 146/13/13
f 158/784/628 156/780/624 154/782/626
f 157/785/629 158/784/628 147/57/51
f 157/786/629 150/778/622 159/787/630
f 153/788/625 159/789/630 150/790/622
f 163/791/631 164/792/632 160/793/633
f 163/791/631 168/794/634 165/795/635
f 166/796/636 167/797/637 161/798/638
f 170/799/639 168/800/634 166/796/636
f 169/801/640 170/799/639 162/150/19
f 164/792/632 171/802/641 169/801/640
f 165/795/635 168/794/634 171/803/641
f 175/804/642 176/805/643 172/7/7
f 179/806/644 177/807/645 175/804/642
f 178/808/646 179/806/644 173/809/31
f 182/810/647 180/811/648 178/808/646
f 181/812/649 182/813/647 174/109/91
f 181/814/649 177/807/645 183/815/650
f 177/816/645 180/817/648 183/818/650
f 187/819/651 188/820/652 184/35/34
f 187/821/651 192/822/653 189/823/654
f 190/824/655 191/825/656 185/33/33
f 190/826/655 195/827/657 192/828/653
f 193/829/658 194/830/659 186/174/148
f 188/831/652 195/827/657 193/829/658
f 189/832/654 192/833/653 195/834/657
f 199/835/660 200/836/661 196/15/15
f 203/837/662 201/838/663 199/835/660
f 202/839/664 203/837/662 197/840/20
f 202/839/664 207/841/665 204/842/666
f 205/843/667 206/844/668 198/845/40
f 205/843/667 201/838/663 207/841/665
f 201/838/663 204/842/666 207/841/665
f 208/846/669 214/847/670 213/848/671
f 216/849/672 214/847/670 212/850/673
f 215/851/674 216/849/672 209/21/21
f 219/852/675 217/853/676 215/851/674
f 210/14/14 220/854/677 219/852/675
f 218/855/678 223/856/679 220/854/677
f 221/857/680 222/858/681 211/36/35
f 213/848/671 223/859/679 221/860/680
f 214/861/670 220/854/677 223/862/679
f 231/863/682 232/864/683 228/1/1
f 231/865/682 236/866/684 233/867/685
f 234/868/686 235/869/687 229/53/47
f 238/870/688 236/866/684 234/868/686
f 237/871/689 238/870/688 230/92/78
f 237/871/689 233/872/685 239/873/690
f 233/874/685 236/875/684 239/876/690
f 243/877/691 244/878/692 240/879/693
f 243/877/691 248/880/694 245/881/695
f 246/882/696 247/883/697 241/48/42
f 250/884/698 248/885/694 246/882/696
f 249/886/699 250/884/698 242/4/4
f 249/886/699 245/881/695 251/887/700
f 245/881/695 248/880/694 251/888/700
f 255/889/701 256/890/702 252/891/703
f 255/892/701 260/893/704 257/894/705
f 258/895/706 259/896/707 253/66/59
f 262/897/708 260/893/704 258/895/706
f 261/898/709 262/897/708 254/84/48
f 261/898/709 257/899/705 263/900/710
f 257/894/705 260/893/704 263/901/710
f 267/902/711 268/903/712 264/3/3
f 271/904/713 269/905/714 267/902/711
f 270/906/715 271/904/713 265/56/50
f 270/907/715 275/908/716 272/907/717
f 273/909/718 274/910/719 266/51/45
f 273/909/718 269/911/714 275/908/716
f 269/911/714 272/907/717 275/908/716
f 279/912/720 280/913/721 276/34/30
f 279/912/720 284/914/722 281/915/723
f 282/916/724 283/917/725 277/918/726
f 286/919/727 284/914/722 282/916/724
f 285/920/728 286/919/727 278/921/74
f 280/913/721 287/922/729 285/920/728
f 281/915/723 284/914/722 287/922/729
f 295/923/730 296/924/731 292/71/63
f 299/925/732 297/926/733 295/927/730
f 293/29/29 300/928/734 299/925/732
f 298/929/735 303/930/736 300/928/734
f 301/931/737 302/932/738 294/10/10
f 301/931/737 297/933/733 303/934/736
f 297/935/733 300/936/734 303/934/736
f 307/937/739 308/938/740 304/630/11
f 311/939/741 309/940/742 307/937/739
f 310/941/743 311/939/741 305/75/66
f 314/942/744 312/943/745 310/944/743
f 313/945/746 314/942/744 306/946/747
f 313/945/746 309/940/742 315/947/748
f 309/948/742 312/943/745 315/947/748
f 319/949/749 320/950/750 316/77/68
f 319/949/749 324/951/751 321/952/752
f 322/953/753 323/954/754 317/955/75
f 322/953/753 327/956/755 324/951/751
f 325/957/756 326/958/757 318/91/77
f 320/959/750 327/956/755 325/957/756
f 321/952/752 324/960/751 327/961/755
f 335/962/758 336/963/759 332/73/64
f 335/962/758 340/964/760 337/965/761
f 338/966/762 339/967/763 333/116/76
f 338/966/762 343/968/764 340/964/760
f 341/969/765 342/970/766 334/123/101
f 336/963/759 343/968/764 341/969/765
f 337/965/761 340/964/760 343/968/764
f 347/971/767 348/972/768 344/74/65
f 351/973/769 349/974/770 347/971/767
f 350/975/771 351/973/769 345/125/103
f 350/975/771 355/976/772 352/977/773
f 353/978/774 354/979/775 346/64/58
f 353/980/774 349/974/770 355/976/772
f 349/981/770 352/977/773 355/976/772
f 356/67/60 362/982/776 361/983/777
f 360/984/778 365/985/779 362/982/776
f 363/986/780 364/987/781 357/6/6
f 367/988/782 365/985/779 363/986/780
f 358/61/55 368/989/783 367/988/782
f 366/990/784 371/991/785 368/989/783
f 369/992/786 370/993/787 359/145/122
f 361/983/777 371/991/785 369/992/786
f 362/982/776 368/989/783 371/991/785
f 384/994/788 385/995/789 380/996/790
f 384/994/788 389/997/791 386/998/792
f 387/999/793 388/1000/794 381/68/61
f 391/1001/795 389/997/791 387/999/793
f 382/1002/796 392/1003/797 391/1001/795
f 390/1004/798 395/1005/799 392/1003/797
f 383/1006/800 395/1005/799 394/1007/801
f 393/1008/802 386/998/792 395/1005/799
f 386/998/792 392/1003/797 395/1005/799
f 400/1009/803 401/1010/804 396/101/83
f 404/1011/805 402/1012/806 400/1009/803
f 403/1013/807 404/1011/805 397/62/56
f 407/1014/808 405/1015/809 403/1013/807
f 406/1016/810 407/1014/808 398/5/5
f 410/1017/811 408/1018/812 406/1016/810
f 409/1019/813 410/1017/811 399/52/46
f 409/1019/813 402/1012/806 411/1020/814
f 402/1012/806 408/1018/812 411/1020/814
f 412/55/49 418/1021/815 417/1022/816
f 416/1023/817 421/1024/818 418/1021/815
f 419/1025/819 420/1026/820 413/213/180
f 423/1027/821 421/1028/818 419/1029/819
f 414/99/81 424/1030/822 423/1027/821
f 422/1031/823 427/1032/824 424/1030/822
f 425/1033/825 426/1034/826 415/1035/827
f 417/1036/816 427/1032/824 425/1033/825
f 418/1021/815 424/1037/822 427/1038/824
f 455/1039/828 456/1040/829 452/106/88
f 459/1041/830 457/1042/831 455/1039/828
f 458/1043/832 459/1044/830 453/85/72
f 462/1045/833 460/1046/834 458/1047/832
f 461/1048/835 462/1045/833 454/124/102
f 461/1048/835 457/1042/831 463/1049/836
f 457/1042/831 460/1050/834 463/1051/836
f 475/1052/837 476/1053/838 472/1054/839
f 479/1055/840 477/1056/841 475/1052/837
f 478/1057/842 479/1055/840 473/8/8
f 482/1058/843 480/1059/844 478/1057/842
f 481/1060/845 482/1058/843 474/152/128
f 476/1053/838 483/1061/846 481/1060/845
f 477/1056/841 480/1059/844 483/1061/846
f 487/1062/847 488/1063/848 484/22/22
f 491/1064/849 489/1065/850 487/1062/847
f 490/1066/851 491/1064/849 485/1067/852
f 494/1068/853 492/1069/854 490/1066/851
f 493/1070/855 494/1068/853 486/1071/9
f 493/1070/855 489/1065/850 495/1072/856
f 489/1065/850 492/1069/854 495/1072/856
s 2
f 588/234/196 591/1073/857 590/1074/198
f 591/1073/857 592/1075/858 590/1074/198
f 592/1075/858 589/1076/176 590/1074/198
f 593/226/191 596/1077/859 595/1078/175
f 596/1077/859 597/1079/860 595/1078/175
f 597/1079/860 594/1080/197 595/1078/175
f 606/220/187 609/1081/861 608/1082/203
f 609/1081/861 610/1083/862 608/1082/203
f 610/1083/862 607/1084/174 608/1082/203
f 631/211/179 634/1085/863 633/1086/177
f 634/1085/863 635/1087/864 633/1086/177
f 635/1087/864 632/1088/188 633/1086/177
s 1
f 640/1089/865 643/1090/866 642/1091/209
f 643/1090/866 644/1092/867 642/1091/209
f 644/1092/867 641/1093/214 642/1091/209
f 661/281/223 664/1094/868 663/1095/215
f 664/1094/868 665/1096/869 663/1095/215
f 665/1096/869 662/1097/218 663/1095/215
f 670/1098/870 673/1099/871 672/1100/228
f 673/1099/871 674/1101/872 672/1100/228
f 674/1101/872 671/1102/208 672/1100/228
f 691/273/217 694/1103/873 693/1104/219
f 694/1103/873 695/1105/874 693/1104/219
f 695/1105/874 692/1106/221 693/1104/219
f 696/287/226 699/1107/875 698/1108/237
f 699/1107/875 700/1109/876 698/1108/237
f 700/1109/876 697/1110/235 698/1108/237
f 721/333/254 724/1111/877 723/1112/236
f 724/1111/877 725/1113/878 723/1112/236
f 725/1113/878 722/1114/239 723/1112/236
f 734/1115/879 737/1116/880 736/1117/240
f 737/1116/880 738/1118/881 736/1117/240
f 738/1118/881 735/1119/244 736/1117/240
f 751/1120/882 754/1121/883 753/1122/246
f 754/1121/883 755/1123/884 753/1122/246
f 755/1123/884 752/1124/227 753/1122/246
f 760/368/279 763/1125/885 762/1126/263
f 763/1125/885 764/1127/886 762/1126/263
f 764/1127/886 761/1128/260 762/1126/263
f 781/1129/887 784/1130/888 783/1131/261
f 784/1130/888 785/1132/889 783/1131/261
f 785/1132/889 782/1133/266 783/1131/261
f 798/348/265 801/1134/890 800/1135/267
f 801/1134/890 802/1136/891 800/1135/267
f 802/1136/891 799/1137/273 800/1135/267
f 815/1138/892 818/1139/893 817/1140/274
f 818/1139/893 819/1141/894 817/1140/274
f 819/1141/894 816/1142/262 817/1140/274
f 820/365/276 823/1143/895 822/1144/289
f 823/1143/895 824/1145/896 822/1144/289
f 824/1145/896 821/1146/287 822/1144/289
f 841/1147/897 844/1148/898 843/1149/288
f 844/1148/898 845/1150/899 843/1149/288
f 845/1150/899 842/1151/295 843/1149/288
f 846/1152/900 849/1153/901 848/1154/304
f 849/1153/901 850/1155/902 848/1154/304
f 850/1155/902 847/1156/277 848/1154/304
f 867/1157/903 870/1158/904 869/1159/296
f 870/1158/904 871/1160/905 869/1159/296
f 871/1160/905 868/1161/299 869/1159/296
s 5
f 931/1162/906 932/1163/907 928/454/333
f 935/1164/908 933/1165/909 931/1162/906
f 934/1166/910 935/1164/908 929/449/328
f 938/1167/911 936/1168/912 934/1166/910
f 937/1169/913 938/1167/911 930/440/319
f 937/1169/913 933/1165/909 939/1170/914
f 933/1165/909 936/1168/912 939/1170/914
f 947/1171/915 948/1172/916 944/442/321
f 951/1173/917 949/1174/918 947/1171/915
f 945/549/423 952/1175/919 951/1173/917
f 950/1176/920 955/1177/921 952/1175/919
f 953/1178/922 954/1179/923 946/452/331
f 953/1178/922 949/1174/918 955/1177/921
f 949/1174/918 952/1175/919 955/1177/921
f 964/457/336 970/1180/924 969/1181/925
f 968/1182/926 973/1183/927 970/1180/924
f 971/1184/928 972/1185/929 965/1186/930
f 975/1187/931 973/1183/927 971/1184/928
f 974/1188/932 975/1187/931 966/1189/933
f 978/1190/934 976/1191/935 974/1188/932
f 967/463/342 979/1192/936 978/1190/934
f 977/1193/937 970/1180/924 979/1192/936
f 970/1180/924 976/1191/935 979/1192/936
f 988/1194/938 989/1195/939 984/444/323
f 988/1194/938 993/1196/940 990/1197/941
f 991/1198/942 992/1199/943 985/469/348
f 995/1200/944 993/1196/940 991/1198/942
f 986/1201/945 996/1202/946 995/1200/944
f 998/1203/947 996/1202/946 994/1204/948
f 987/461/340 999/1205/949 998/1203/947
f 997/1206/950 990/1197/941 999/1205/949
f 990/1197/941 996/1202/946 999/1205/949
f 1007/1207/951 1008/1208/952 1004/1209/953
f 1011/1210/954 1009/1211/955 1007/1207/951
f 1010/1212/956 1011/1210/954 1005/446/325
f 1014/1213/957 1012/1214/958 1010/1212/956
f 1006/484/338 1015/1215/959 1014/1213/957
f 1013/1216/960 1009/1211/955 1015/1215/959
f 1009/1211/955 1012/1214/958 1015/1215/959
f 1023/1217/961 1024/1218/962 1020/466/345
f 1027/1219/963 1025/1220/964 1023/1217/961
f 1026/1221/965 1027/1219/963 1021/471/350
f 1026/1221/965 1031/1222/966 1028/1223/967
f 1029/1224/968 1030/1225/969 1022/468/347
f 1029/1224/968 1025/1220/964 1031/1222/966
f 1025/1220/964 1028/1223/967 1031/1222/966
f 1043/1226/970 1044/1227/971 1040/483/361
f 1047/1228/972 1045/1229/973 1043/1226/970
f 1046/1230/974 1047/1228/972 1041/1231/975
f 1050/1232/976 1048/1233/977 1046/1230/974
f 1049/1234/978 1050/1235/976 1042/473/352
f 1049/1234/978 1045/1229/973 1051/1236/979
f 1045/1237/973 1048/1233/977 1051/1238/979
f 1059/1239/980 1060/1240/981 1056/1241/982
f 1059/1239/980 1064/1242/983 1061/1243/984
f 1062/1244/985 1063/1245/986 1057/465/344
f 1062/1246/985 1067/1247/987 1064/1248/983
f 1065/1249/988 1066/1250/989 1058/480/359
f 1060/1240/981 1067/1247/987 1065/1249/988
f 1061/1243/984 1064/1251/983 1067/1252/987
s 4
f 1083/1253/990 1084/1254/991 1080/496/373
f 1083/1253/990 1088/1255/992 1085/1256/993
f 1086/1257/994 1087/1258/995 1081/491/368
f 1086/1257/994 1091/1259/996 1088/1255/992
f 1089/1260/997 1090/1261/998 1082/429/312
f 1089/1260/997 1085/1256/993 1091/1259/996
f 1085/1256/993 1088/1255/992 1091/1259/996
f 1095/1262/999 1096/1263/1000 1092/433/315
f 1095/1262/999 1100/1264/1001 1097/1265/1002
f 1098/1266/1003 1099/1267/1004 1093/1268/1005
f 1102/1269/1006 1100/1264/1001 1098/1266/1003
f 1101/1270/1007 1102/1269/1006 1094/501/369
f 1101/1270/1007 1097/1265/1002 1103/1271/1008
f 1097/1265/1002 1100/1264/1001 1103/1271/1008
f 1116/1272/1009 1117/1273/1010 1112/495/372
f 1120/1274/1011 1118/1275/1012 1116/1272/1009
f 1113/508/383 1121/1276/1013 1120/1274/1011
f 1119/1277/1014 1124/1278/1015 1121/1276/1013
f 1122/1279/1016 1123/1280/1017 1114/1281/1018
f 1126/1282/1019 1124/1278/1015 1122/1279/1016
f 1115/498/375 1127/1283/1020 1126/1282/1019
f 1125/1284/1021 1118/1275/1012 1127/1283/1020
f 1121/1276/1013 1127/1283/1020 1118/1275/1012
f 1132/1285/1022 1133/1286/1023 1128/510/385
f 1132/1285/1022 1137/1287/1024 1134/1288/1025
f 1135/1289/1026 1136/1290/1027 1129/1291/1028
f 1139/1292/1029 1137/1287/1024 1135/1289/1026
f 1138/1293/1030 1139/1292/1029 1130/1294/1031
f 1142/1295/1032 1140/1296/1033 1138/1293/1030
f 1131/500/376 1143/1297/1034 1142/1295/1032
f 1141/1298/1035 1134/1288/1025 1143/1297/1034
f 1137/1287/1024 1143/1297/1034 1134/1288/1025
f 1155/1299/1036 1156/1300/1037 1152/517/392
f 1159/1301/1038 1157/1302/1039 1155/1299/1036
f 1158/1303/1040 1159/1301/1038 1153/1304/1041
f 1158/1303/1040 1163/1305/1042 1160/1306/1043
f 1161/1307/1044 1162/1308/1045 1154/494/371
f 1156/1300/1037 1163/1305/1042 1161/1307/1044
f 1157/1302/1039 1160/1306/1043 1163/1305/1042
f 1167/1309/1046 1168/1310/1047 1164/511/386
f 1171/1311/1048 1169/1312/1049 1167/1309/1046
f 1170/1313/1050 1171/1311/1048 1165/503/378
f 1174/1314/1051 1172/1315/1052 1170/1313/1050
f 1173/1316/1053 1174/1314/1051 1166/509/384
f 1173/1316/1053 1169/1312/1049 1175/1317/1054
f 1169/1312/1049 1172/1315/1052 1175/1317/1054
f 1187/1318/1055 1188/1319/1056 1184/519/394
f 1191/1320/1057 1189/1321/1058 1187/1322/1055
f 1190/1323/1059 1191/1320/1057 1185/1324/1060
f 1194/1325/1061 1192/1326/1062 1190/1323/1059
f 1193/1327/1063 1194/1325/1061 1186/520/395
f 1193/1327/1063 1189/1328/1058 1195/1329/1064
f 1189/1321/1058 1192/1326/1062 1195/1330/1064
f 1199/1331/1065 1200/1332/1066 1196/521/396
f 1199/1331/1065 1204/1333/1067 1201/1334/1068
f 1202/1335/1069 1203/1336/1070 1197/505/380
f 1206/1337/1071 1204/1333/1067 1202/1335/1069
f 1198/1338/1072 1207/1339/1073 1206/1340/1071
f 1205/1341/1074 1201/1334/1068 1207/1339/1073
f 1201/1342/1068 1204/1333/1067 1207/1343/1073
s 6
f 1219/1344/1075 1220/1345/1076 1216/1346/1077
f 1223/1347/1078 1221/1348/1079 1219/1344/1075
f 1222/1349/1080 1223/1347/1078 1217/488/365
f 1226/1350/1081 1224/1351/1082 1222/1349/1080
f 1225/1352/1083 1226/1350/1081 1218/540/402
f 1225/1352/1083 1221/1348/1079 1227/1353/1084
f 1221/1348/1079 1224/1351/1082 1227/1353/1084
f 1235/1354/1085 1236/1355/1086 1232/539/414
f 1239/1356/1087 1237/1357/1088 1235/1354/1085
f 1233/526/401 1240/1358/1089 1239/1356/1087
f 1238/1359/1090 1243/1360/1091 1240/1358/1089
f 1241/1361/1092 1242/1362/1093 1234/515/390
f 1241/1361/1092 1237/1357/1088 1243/1360/1091
f 1237/1357/1088 1240/1358/1089 1243/1360/1091
f 1248/532/407 1253/1363/1094 1252/1364/1095
f 1251/1365/1096 1256/1366/1097 1253/1363/1094
f 1254/1367/1098 1255/1368/1099 1249/542/416
f 1258/1369/1100 1256/1366/1097 1254/1367/1098
f 1250/523/398 1259/1370/1101 1258/1369/1100
f 1257/1371/1102 1253/1372/1094 1259/1370/1101
f 1253/1363/1094 1256/1373/1097 1259/1374/1101
f 1264/541/415 1269/1375/1103 1268/1376/1104
f 1267/1377/1105 1272/1378/1106 1269/1375/1103
f 1270/1379/1107 1271/1380/1108 1265/538/413
f 1270/1381/1107 1275/1382/1109 1272/1383/1106
f 1273/1384/1110 1274/1385/1111 1266/524/399
f 1268/1376/1104 1275/1382/1109 1273/1384/1110
f 1269/1386/1103 1272/1378/1106 1275/1387/1109
s 7
f 1291/1388/1112 1292/1389/1113 1288/543/417
f 1295/1390/1114 1293/1391/1115 1291/1388/1112
f 1289/1392/1116 1296/1393/1117 1295/1390/1114
f 1294/1394/1118 1299/1395/1119 1296/1393/1117
f 1297/1396/1120 1298/1397/1121 1290/529/404
f 1297/1398/1120 1293/1391/1115 1299/1399/1119
f 1293/1391/1115 1296/1400/1117 1299/1399/1119
f 1303/1401/1122 1304/1402/1123 1300/550/424
f 1307/1403/1124 1305/1404/1125 1303/1401/1122
f 1306/1405/1126 1307/1403/1124 1301/1406/1127
f 1306/1405/1126 1311/1407/1128 1308/1408/1129
f 1309/1409/1130 1310/1410/1131 1302/556/421
f 1309/1409/1130 1305/1404/1125 1311/1407/1128
f 1305/1404/1125 1308/1408/1129 1311/1407/1128
f 1323/1411/1132 1324/1412/1133 1320/545/419
f 1323/1413/1132 1328/1414/1134 1325/1415/1135
f 1326/1416/1136 1327/1417/1137 1321/561/434
f 1330/1418/1138 1328/1414/1134 1326/1416/1136
f 1329/1419/1139 1330/1418/1138 1322/557/430
f 1329/1419/1139 1325/1420/1135 1331/1421/1140
f 1325/1415/1135 1328/1414/1134 1331/1422/1140
f 1332/558/431 1337/1423/1141 1336/1424/1142
f 1339/1425/1143 1337/1423/1141 1335/1426/1144
f 1333/560/433 1340/1427/1145 1339/1425/1143
f 1338/1428/1146 1343/1429/1147 1340/1427/1145
f 1341/1430/1148 1342/1431/1149 1334/1432/1150
f 1336/1424/1142 1343/1433/1147 1341/1430/1148
f 1337/1434/1141 1340/1427/1145 1343/1429/1147
s 8
f 1364/1435/1151 1365/1436/1152 1360/572/445
f 1368/1437/1153 1366/1438/1154 1364/1435/1151
f 1361/1439/1155 1369/1440/1156 1368/1437/1153
f 1367/1441/1157 1372/1442/1158 1369/1440/1156
f 1370/1443/1159 1371/1444/1160 1362/1445/1161
f 1374/1446/1162 1372/1442/1158 1370/1443/1159
f 1363/576/449 1375/1447/1163 1374/1446/1162
f 1373/1448/1164 1366/1438/1154 1375/1447/1163
f 1369/1440/1156 1375/1447/1163 1366/1438/1154
f 1376/571/444 1382/1449/1165 1381/1450/1166
f 1380/1451/1167 1385/1452/1168 1382/1449/1165
f 1383/1453/1169 1384/1454/1170 1377/1455/1171
f 1383/1453/1169 1388/1456/1172 1385/1452/1168
f 1386/1457/1173 1387/1458/1174 1378/580/453
f 1386/1457/1173 1391/1459/1175 1388/1456/1172
f 1389/1460/1176 1390/1461/1177 1379/564/437
f 1381/1450/1166 1391/1459/1175 1389/1460/1176
f 1382/1449/1165 1388/1456/1172 1391/1459/1175
f 1411/1462/1178 1412/1463/1179 1408/569/442
f 1411/1462/1178 1416/1464/1180 1413/1465/1181
f 1414/1466/1182 1415/1467/1183 1409/1468/1184
f 1418/1469/1185 1416/1464/1180 1414/1466/1182
f 1417/1470/1186 1418/1471/1185 1410/1472/1187
f 1417/1470/1186 1413/1465/1181 1419/1473/1188
f 1413/1474/1181 1416/1464/1180 1419/1475/1188
f 1423/1476/1189 1424/1477/1190 1420/1478/1191
f 1427/1479/1192 1425/1480/1193 1423/1476/1189
f 1426/1481/1194 1427/1479/1192 1421/574/447
f 1430/1482/1195 1428/1483/1196 1426/1484/1194
f 1429/1485/1197 1430/1482/1195 1422/587/459
f 1429/1485/1197 1425/1480/1193 1431/1486/1198
f 1425/1480/1193 1428/1487/1196 1431/1488/1198
f 1439/1489/1199 1440/1490/1200 1436/617/487
f 1439/1489/1199 1444/1491/1201 1441/1492/1202
f 1442/1493/1203 1443/1494/1204 1437/581/454
f 1442/1493/1203 1447/1495/1205 1444/1491/1201
f 1445/1496/1206 1446/1497/1207 1438/577/450
f 1440/1490/1200 1447/1495/1205 1445/1496/1206
f 1441/1492/1202 1444/1491/1201 1447/1495/1205
f 1456/599/469 1462/1498/1208 1461/1499/1209
f 1464/1500/1210 1462/1498/1208 1460/1501/1211
f 1457/603/473 1465/1502/1212 1464/1500/1210
f 1463/1503/1213 1468/1504/1214 1465/1502/1212
f 1466/1505/1215 1467/1506/1216 1458/1507/1217
f 1470/1508/1218 1468/1504/1214 1466/1505/1215
f 1469/1509/1219 1470/1508/1218 1459/1510/1220
f 1461/1499/1209 1471/1511/1221 1469/1509/1219
f 1465/1502/1212 1471/1511/1221 1462/1498/1208
f 1479/1512/1222 1480/1513/1223 1476/610/480
f 1483/1514/1224 1481/1515/1225 1479/1512/1222
f 1477/1516/472 1484/1517/1226 1483/1514/1224
f 1486/1518/1227 1484/1517/1226 1482/1519/1228
f 1478/1520/1229 1487/1521/1230 1486/1518/1227
f 1485/1522/1231 1481/1515/1225 1487/1521/1230
f 1481/1515/1225 1484/1517/1226 1487/1521/1230
f 1492/590/462 1497/1523/1232 1496/1524/1233
f 1495/1525/1234 1500/1526/1235 1497/1523/1232
f 1498/1527/1236 1499/1528/1237 1493/604/474
f 1498/1527/1236 1503/1529/1238 1500/1526/1235
f 1501/1530/1239 1502/1531/1240 1494/1532/1241
f 1496/1524/1233 1503/1529/1238 1501/1530/1239
f 1497/1523/1232 1500/1526/1235 1503/1529/1238
f 1523/1533/1242 1524/1534/1243 1520/594/429
f 1523/1533/1242 1528/1535/1244 1525/1536/1245
f 1526/1537/1246 1527/1538/1247 1521/611/481
f 1526/1537/1246 1531/1539/1248 1528/1535/1244
f 1529/1540/1249 1530/1541/1250 1522/615/485
f 1524/1534/1243 1531/1539/1248 1529/1540/1249
f 1525/1536/1245 1528/1535/1244 1531/1539/1248
f 1532/605/475 1537/1542/1251 1536/1543/1252
f 1535/1544/1253 1540/1545/1254 1537/1542/1251
f 1538/1546/1255 1539/1547/1256 1533/1548/1257
f 1542/1549/1258 1540/1545/1254 1538/1546/1255
f 1541/1550/1259 1542/1549/1258 1534/593/464
f 1536/1543/1252 1543/1551/1260 1541/1550/1259
f 1537/1542/1251 1540/1545/1254 1543/1551/1260
f 1555/1552/1261 1556/1553/1262 1552/583/456
f 1559/1554/1263 1557/1555/1264 1555/1552/1261
f 1558/1556/1265 1559/1554/1263 1553/608/478
f 1558/1556/1265 1563/1557/1266 1560/1558/1267
f 1561/1559/1268 1562/1560/1269 1554/598/468
f 1561/1559/1268 1557/1555/1264 1563/1557/1266
f 1557/1555/1264 1560/1558/1267 1563/1557/1266
s 9
f 1568/640/506 1571/1561/1270 1570/1562/1271
f 1571/1561/1270 1572/1563/1272 1570/1562/1271
f 1572/1563/1272 1569/1564/530 1570/1562/1271
f 1580/1565/1273 1581/1566/1274 1577/1567/1275
f 1584/1568/1276 1582/1569/1277 1580/1565/1273
f 1583/1570/1278 1584/1568/1276 1578/634/500
f 1587/1571/1279 1585/1572/1280 1583/1570/1278
f 1586/1573/1281 1587/1571/1279 1579/641/507
f 1586/1573/1281 1582/1569/1277 1588/1574/1282
f 1582/1569/1277 1585/1572/1280 1588/1574/1282
f 1593/1575/1283 1594/1576/1284 1589/642/508
f 1597/1577/1285 1595/1578/1286 1593/1575/1283
f 1596/1579/1287 1597/1577/1285 1590/690/553
f 1600/1580/1288 1598/1581/1289 1596/1579/1287
f 1599/1582/1290 1600/1580/1288 1591/698/516
f 1603/1583/1291 1601/1584/1292 1599/1582/1290
f 1602/1585/1293 1603/1583/1291 1592/696/549
f 1602/1585/1293 1595/1578/1286 1604/1586/1294
f 1598/1581/1289 1604/1586/1294 1595/1578/1286
f 1609/1587/1295 1610/1588/1296 1605/639/505
f 1613/1589/1297 1611/1590/1298 1609/1587/1295
f 1612/1591/1299 1613/1589/1297 1606/680/544
f 1612/1591/1299 1617/1592/1300 1614/1593/1301
f 1607/652/517 1617/1592/1300 1616/1594/1302
f 1615/1595/1303 1620/1596/1304 1617/1592/1300
f 1618/1597/1305 1619/1598/1306 1608/692/554
f 1610/1588/1296 1620/1596/1304 1618/1597/1305
f 1611/1590/1298 1617/1592/1300 1620/1596/1304
f 1625/1599/1307 1626/1600/1308 1621/663/527
f 1629/1601/1309 1627/1602/1310 1625/1599/1307
f 1622/671/535 1630/1603/1311 1629/1601/1309
f 1628/1604/1312 1633/1605/1313 1630/1606/1311
f 1623/670/534 1633/1605/1313 1632/1607/1314
f 1631/1608/1315 1636/1609/1316 1633/1605/1313
f 1634/1610/1317 1635/1611/1318 1624/1612/1319
f 1634/1610/1317 1627/1613/1310 1636/1609/1316
f 1630/1606/1311 1636/1614/1316 1627/1615/1310
f 1637/662/526 1643/1616/1320 1642/1617/1321
f 1641/1618/1322 1646/1619/1323 1643/1616/1320
f 1644/1620/1324 1645/1621/1325 1638/643/509
f 1648/1622/1326 1646/1619/1323 1644/1620/1324
f 1647/1623/1327 1648/1622/1326 1639/682/545
f 1651/1624/1328 1649/1625/1329 1647/1623/1327
f 1650/1626/1330 1651/1624/1328 1640/687/550
f 1642/1617/1321 1652/1627/1331 1650/1626/1330
f 1643/1616/1320 1649/1625/1329 1652/1627/1331
f 1653/1628/503 1656/1629/1332 1655/1630/558
f 1656/1629/1332 1657/1631/1333 1655/1630/558
f 1657/1631/1333 1654/1632/498 1655/1630/558
f 1658/1633/494 1661/1634/1334 1660/665/529
f 1661/1634/1334 1662/1635/1335 1660/665/529
f 1662/1635/1335 1659/1636/501 1660/665/529
f 1666/1637/1336 1667/1638/1337 1663/646/512
f 1670/1639/1338 1668/1640/1339 1666/1637/1336
f 1669/1641/1340 1670/1639/1338 1664/1642/523
f 1669/1641/1340 1674/1643/1341 1671/1644/1342
f 1672/1645/1343 1673/1646/1344 1665/633/499
f 1672/1645/1343 1668/1640/1339 1674/1643/1341
f 1668/1640/1339 1671/1644/1342 1674/1643/1341
f 1678/1647/1345 1679/1648/1346 1675/644/510
f 1678/1647/1345 1683/1649/1347 1680/1650/1348
f 1681/1651/1349 1682/1652/1350 1676/1653/1351
f 1685/1654/1352 1683/1649/1347 1681/1651/1349
f 1684/1655/1353 1685/1656/1352 1677/693/502
f 1684/1657/1353 1680/1650/1348 1686/1654/1354
f 1680/1658/1348 1683/1649/1347 1686/1654/1354
f 1711/1659/1355 1714/1660/1356 1713/1661/1357
f 1714/1660/1356 1715/1662/1358 1713/1661/1357
f 1715/1662/1358 1712/681/519 1713/1661/1357
f 1720/675/539 1723/1663/1359 1722/676/540
f 1723/1663/1359 1724/1664/1360 1722/676/540
f 1724/1664/1360 1721/1665/557 1722/676/540
f 1725/668/532 1728/1666/1361 1727/1667/1362
f 1728/1666/1361 1729/1668/1363 1727/1667/1362
f 1729/1668/1363 1726/1669/537 1727/1667/1362
s 1
f 144/63/57 141/769/616 131/771/618
f 149/776/620 133/1670/607 141/769/616
f 157/785/629 128/59/53 133/760/607
f 131/771/618 353/978/774 346/64/58
f 142/1671/617 348/972/768 353/980/774
f 138/766/613 344/74/65 348/972/768
f 332/73/64 308/1672/740 335/962/758
f 335/962/758 313/945/746 339/1673/763
f 339/1673/763 306/946/747 333/90/76
f 172/7/7 163/791/631 160/793/633
f 176/805/643 167/1674/637 163/791/631
f 181/812/649 161/798/638 167/797/637
f 128/59/53 226/1675/1364 132/759/606
f 132/759/606 227/1676/1365 136/761/608
f 136/761/608 225/1677/39 129/69/62
f 211/36/35 188/820/652 221/857/680
f 221/860/680 193/829/658 213/848/671
f 213/848/671 186/174/148 208/846/669
f 209/21/21 203/1678/662 215/851/674
f 215/851/674 199/835/660 219/852/675
f 219/852/675 196/15/15 210/14/14
f 56/32/32 190/824/655 185/33/33
f 60/1679/560 194/830/659 190/826/655
f 65/710/566 186/174/148 194/830/659
f 92/117/95 83/725/577 80/727/579
f 96/736/588 87/731/583 83/725/577
f 101/744/594 81/113/94 87/731/583
f 334/123/101 111/749/596 108/751/598
f 342/970/766 115/1680/599 111/749/596
f 338/966/762 109/115/69 115/1680/599
f 147/57/51 205/843/667 198/845/40
f 158/784/628 200/836/661 205/843/667
f 154/782/626 196/15/15 200/836/661
f 161/798/638 106/1681/1366 166/796/636
f 166/796/636 107/1682/1367 170/1683/639
f 170/1683/639 105/37/36 162/47/19
f 81/113/94 227/1676/1365 86/730/582
f 86/730/582 226/1675/1364 90/1684/584
f 90/1684/584 224/1685/52 82/43/25
f 174/109/91 98/740/591 93/110/92
f 182/810/647 102/745/595 98/741/591
f 178/808/646 94/111/93 102/745/595
f 278/921/74 291/1686/1368 285/920/728
f 285/920/728 290/1687/1369 280/1688/721
f 280/1688/721 288/28/28 276/30/30
f 211/36/35 279/912/720 276/34/30
f 222/858/681 283/917/725 279/912/720
f 218/855/678 277/918/726 283/917/725
f 316/77/68 331/1689/1370 319/949/749
f 319/949/749 330/1690/1371 323/1691/754
f 323/1691/754 328/95/80 317/94/75
f 184/35/34 299/1692/732 187/1693/651
f 187/1693/651 295/1694/730 191/1695/656
f 191/1696/656 292/71/63 185/70/33
f 277/918/726 155/783/627 282/916/724
f 282/916/724 151/779/623 286/1697/727
f 286/1697/727 145/88/2 278/87/74
f 292/71/63 135/763/610 129/69/62
f 296/924/731 139/1698/611 135/763/610
f 301/931/737 130/12/12 139/1698/611
f 240/879/693 360/984/778 356/67/60
f 244/878/692 364/987/781 360/984/778
f 249/886/699 357/6/6 364/987/781
f 68/151/127 216/1699/672 71/715/568
f 71/715/568 212/850/673 75/1700/573
f 75/1700/573 208/846/669 69/173/147
f 294/631/10 126/1701/1372 124/629/497
f 302/1702/738 127/1703/1373 126/1701/1372
f 298/1704/735 125/1705/1374 127/1706/1373
f 121/1707/1375 307/937/739 304/630/11
f 123/1708/1376 311/939/741 307/937/739
f 122/1709/1377 305/75/66 311/939/741
f 318/91/77 237/871/689 230/92/78
f 326/958/757 232/864/683 237/871/689
f 322/953/753 228/1/1 232/864/683
f 144/63/57 271/1710/713 148/775/619
f 148/775/619 267/902/711 152/1711/621
f 152/1711/621 264/3/3 145/2/2
f 516/1712/96 467/1713/1378 465/201/171
f 467/1713/1378 519/1714/1379 466/1715/1380
f 466/1715/1380 517/346/27 464/1716/255
f 413/213/180 393/1008/802 383/1006/800
f 420/1026/820 385/995/789 393/1008/802
f 416/1023/817 380/996/790 385/995/789
f 529/60/54 404/1011/805 531/1717/1381
f 404/1011/805 530/1718/1382 531/1717/1381
f 400/1009/803 528/100/82 530/1718/1382
f 561/214/181 394/1007/801 563/1719/1383
f 394/1007/801 562/1720/1384 563/1719/1383
f 390/1004/798 560/144/121 562/1720/1384
f 549/1721/238 459/1722/830 551/1723/1385
f 551/1724/1385 455/1039/828 550/1725/1386
f 550/1725/1386 452/106/88 548/1726/1387
f 444/1727/1388 527/1728/1389 525/82/70
f 527/1728/1389 447/1729/1390 526/1730/1391
f 526/1730/1391 445/247/44 524/249/125
f 553/401/138 510/1731/1392 555/1732/1393
f 555/1733/1393 511/1734/1394 554/1735/1395
f 511/1734/1394 552/378/283 554/1735/1395
f 496/1736/98 539/1737/1396 537/157/133
f 539/1737/1396 499/1738/1397 538/1739/1398
f 538/1739/1398 497/1740/1399 536/388/18
f 569/164/139 479/1741/840 571/1742/1400
f 571/1742/1400 475/1052/837 570/1743/1401
f 570/1743/1401 472/1054/839 568/16/16
f 497/1744/1399 858/1745/1402 856/171/145
f 858/1745/1402 498/1746/1403 857/1747/1404
f 857/1747/1404 496/120/98 855/122/100
f 504/1748/132 832/1749/1405 830/121/99
f 506/1750/1406 831/1751/1407 832/1749/1405
f 831/1751/1407 505/185/157 829/187/159
f 440/1752/117 708/1753/1408 706/204/172
f 708/1753/1408 443/1754/1409 707/1755/1410
f 707/1755/1410 441/326/231 705/328/251
s 2
f 373/1756/1411 618/1757/1412 616/217/184
f 375/1758/1413 617/1759/1414 618/1757/1412
f 617/1759/1414 372/102/84 615/104/86
s 1
f 513/1760/37 788/1761/1415 515/1762/1416
f 515/1762/1416 789/1763/1417 514/1764/1418
f 514/1764/1418 787/345/264 512/347/26
f 429/167/142 685/1765/1419 431/1766/1420
f 685/1765/1419 430/1767/1421 431/1766/1420
f 686/1768/1422 428/1769/224 430/1767/1421
f 541/192/164 668/1770/1423 543/1771/1424
f 668/1770/1423 542/1772/1425 543/1771/1424
f 669/1773/1426 540/270/123 542/1772/1425
f 525/1774/70 712/1775/1427 710/292/230
f 527/1776/1389 711/1777/1428 712/1775/1427
f 711/1777/1428 524/148/125 709/1778/241
f 549/305/238 742/1779/1429 740/306/160
f 551/1780/1385 741/1781/1430 742/1782/1429
f 741/1781/1430 548/1783/1387 739/138/116
s 2
f 377/1784/1431 605/1785/1432 603/103/85
f 605/1785/1432 378/1786/1433 604/1787/1434
f 604/1787/1434 376/1788/1435 602/237/199
s 1
f 433/176/150 655/1789/1436 435/1790/1437
f 435/1790/1437 656/1791/1438 434/1792/1439
f 656/1791/1438 432/1793/1440 434/1792/1439
f 544/195/166 806/1794/1441 804/196/167
f 546/1795/1442 805/1796/1443 806/1797/1441
f 805/1796/1443 545/1798/143 803/153/129
f 508/412/293 835/1799/1444 510/1800/1392
f 510/1800/1392 836/1801/1445 511/1802/1394
f 836/1801/1445 509/1803/1446 511/1802/1394
f 501/170/144 861/1804/1447 503/1805/1448
f 861/1804/1447 502/1806/1449 503/1805/1448
f 862/1807/1450 500/410/301 502/1806/1449
f 565/200/97 758/1808/1451 567/1809/1452
f 758/1808/1451 566/1810/1453 567/1809/1452
f 759/1811/1454 564/154/130 566/1810/1453
f 464/335/255 775/1812/1455 466/1813/1380
f 466/1813/1380 776/1814/1456 467/1815/1378
f 776/1814/1456 465/1816/171 467/1815/1378
f 437/190/162 728/1817/1457 439/1818/1458
f 439/1818/1458 729/1819/1459 438/1820/1460
f 729/1819/1459 436/1821/124 438/1820/1460
f 529/193/54 639/1822/1461 637/191/163
f 531/1823/1381 638/1824/1462 639/1822/1461
f 638/1824/1462 528/252/82 636/251/118
f 469/39/38 515/1825/1416 471/1826/1463
f 471/1826/1463 514/1827/1418 470/1828/1464
f 514/1827/1418 468/1829/41 470/1828/1464
f 520/180/153 451/1830/1465 449/181/73
f 522/1831/1466 450/1832/1467 451/1830/1465
f 523/1833/1468 448/49/43 450/1832/1467
f 532/215/182 419/1025/819 413/213/180
f 534/1834/1469 423/1027/821 419/1029/819
f 423/1027/821 533/1835/206 414/99/81
f 532/1836/182 435/1837/1437 534/1838/1469
f 435/1839/1437 535/1840/1470 534/1841/1469
f 434/1842/1439 533/250/206 535/1840/1470
f 553/162/138 493/1070/855 486/1071/9
f 555/1843/1393 488/1063/848 493/1070/855
f 554/1844/1395 484/22/22 488/1063/848
f 573/291/71 443/1845/1409 575/1846/1471
f 443/1845/1409 574/1847/1472 575/1846/1471
f 442/1848/1473 572/139/87 574/1847/1472
f 428/285/224 563/1849/1383 430/1850/1421
f 563/1849/1383 431/1851/1420 430/1850/1421
f 431/1851/1420 560/1852/121 429/269/142
f 556/158/134 506/1853/1406 504/156/132
f 506/1853/1406 559/1854/1474 507/1855/1475
f 507/1855/1475 557/380/23 505/379/157
f 500/1856/301 571/1857/1400 502/1858/1449
f 571/1857/1400 503/1859/1448 502/1858/1449
f 503/1859/1448 568/390/16 501/389/144
f 437/304/162 522/1860/1466 520/1861/153
f 439/1862/1458 523/1863/1468 522/1860/1466
f 438/1864/1460 521/149/126 523/1863/1468
f 485/1067/852 179/1865/644 490/1066/851
f 490/1066/851 175/804/642 494/1866/853
f 494/1866/853 172/7/7 486/9/9
f 472/1054/839 77/723/575 70/17/17
f 476/1053/838 72/716/569 77/723/575
f 481/1060/845 68/151/127 72/716/569
f 484/22/22 63/706/564 487/1062/847
f 487/1062/847 59/701/559 491/1064/849
f 491/1064/849 56/32/32 485/1067/852
f 345/125/103 462/1045/833 350/975/771
f 350/975/771 458/1047/832 354/976/775
f 354/979/775 453/85/72 346/1867/58
f 252/891/703 450/1832/1467 448/49/43
f 256/890/702 451/1830/1465 450/1832/1467
f 261/898/709 449/86/73 451/1830/1465
f 241/48/42 447/1729/1390 246/882/696
f 246/882/696 446/1868/1476 250/1869/698
f 250/1869/698 444/1727/1388 242/114/4
f 474/152/128 169/801/640 162/150/19
f 482/1058/843 164/792/632 169/801/640
f 478/1057/842 160/793/633 164/792/632
f 468/45/41 206/1870/668 470/1828/1464
f 470/1828/1464 202/839/664 471/1826/1463
f 202/839/664 469/46/38 471/1826/1463
f 229/53/47 410/1017/811 234/868/686
f 234/868/686 406/1016/810 238/1871/688
f 238/1871/688 398/5/5 230/1872/78
f 415/1035/827 274/910/719 425/1033/825
f 425/1033/825 270/907/715 417/1036/816
f 417/1022/816 265/56/50 412/55/49
f 253/66/59 388/1000/794 258/895/706
f 258/895/706 384/994/788 262/1873/708
f 262/1873/708 380/996/790 254/54/48
f 357/6/6 407/1014/808 363/986/780
f 363/986/780 403/1013/807 367/988/782
f 367/988/782 397/62/56 358/61/55
f 537/1874/133 74/719/572 69/721/147
f 539/1875/1396 78/722/574 74/719/572
f 538/1876/1398 70/17/17 78/722/574
f 105/37/36 546/1877/1442 544/1878/166
f 107/1682/1367 547/1879/1477 546/1877/1442
f 547/1879/1477 104/1880/90 545/168/143
f 80/727/579 518/1881/1478 516/118/96
f 84/726/578 519/1882/1379 518/1881/1478
f 89/733/585 517/27/27 519/1882/1379
f 573/83/71 114/754/601 109/81/69
f 575/1883/1471 118/758/605 114/754/601
f 574/1884/1472 110/107/89 118/758/605
f 556/1885/134 66/1886/565 558/1887/1479
f 558/1887/1479 62/1888/563 559/1889/1474
f 559/1890/1474 57/24/24 557/23/23
f 541/1891/164 366/990/784 358/61/55
f 543/1892/1424 370/993/787 366/990/784
f 370/993/787 540/146/123 359/145/122
f 92/117/95 567/1893/1452 95/1894/587
f 95/1894/587 566/1895/1453 99/1896/589
f 99/1897/589 564/169/130 93/110/92
s 2
f 585/210/178 592/1898/858 587/1899/1480
f 592/1898/858 586/1900/1481 587/1899/1480
f 591/1073/857 584/233/195 586/1900/1481
f 598/1901/189 596/1077/859 593/226/191
f 600/1902/1482 597/1903/860 596/1077/859
f 597/1903/860 599/231/193 594/1904/197
f 581/230/169 587/1899/1480 583/1905/1483
f 583/1905/1483 586/1900/1481 582/1906/1484
f 586/1900/1481 580/232/194 582/1906/1484
f 603/1907/85 600/1902/1482 598/223/189
f 605/1785/1432 601/1908/1485 600/1902/1482
f 601/1908/1485 602/1909/199 599/231/193
f 576/199/170 583/1905/1483 578/1910/1486
f 578/1910/1486 582/1906/1484 579/1911/1487
f 582/1906/1484 577/238/200 579/1911/1487
f 616/217/184 614/1912/1488 612/245/205
f 618/1757/1412 613/1913/1489 614/1912/1488
f 613/1913/1489 615/222/86 611/224/190
f 612/1914/205 609/1081/861 606/220/187
f 614/1912/1488 610/1915/862 609/1081/861
f 610/1915/862 611/225/190 607/227/174
f 619/216/183 625/1916/1490 621/1917/1491
f 621/1917/1491 626/1918/1492 622/1919/1493
f 626/1918/1492 620/197/168 622/1919/1493
f 623/218/185 629/1920/1494 625/1916/1490
f 625/1916/1490 630/1921/1495 626/1918/1492
f 630/1921/1495 624/228/192 626/1918/1492
f 627/219/186 635/1922/864 629/1920/1494
f 629/1920/1494 634/1085/863 630/1921/1495
f 634/1085/863 628/1923/1496 630/1921/1495
s 1
f 637/239/163 652/1924/1497 650/1925/216
f 639/1926/1461 651/1927/1498 652/1924/1497
f 651/1927/1498 636/141/118 649/143/120
f 650/266/216 648/1928/1499 646/1929/210
f 652/1924/1497 647/1930/1500 648/1928/1499
f 647/1930/1500 649/261/120 645/263/213
f 653/255/152 659/1931/1501 655/1789/1436
f 659/1931/1501 656/1791/1438 655/1789/1436
f 660/1932/1502 654/1933/119 656/1791/1438
f 646/258/210 643/1090/866 640/1089/865
f 648/1928/1499 644/1934/867 643/1090/866
f 644/1934/867 645/280/213 641/282/214
f 657/272/207 665/1935/869 659/1931/1501
f 659/1931/1501 664/1094/868 660/1932/1502
f 664/1094/868 658/1936/212 660/1932/1502
f 667/165/140 682/1937/1503 680/1938/1504
f 682/1937/1503 668/1939/1423 681/1940/1505
f 681/1940/1505 666/241/202 679/240/201
f 680/1941/1504 678/1942/1506 676/302/220
f 682/1937/1503 677/1943/1507 678/1942/1506
f 677/1943/1507 679/268/201 675/267/211
f 676/277/220 673/1099/871 670/1098/870
f 673/1099/871 677/1943/1507 674/1944/872
f 674/1944/872 675/260/211 671/259/208
f 683/301/141 689/1945/1508 685/1765/1419
f 689/1945/1508 686/1768/1422 685/1765/1419
f 690/1946/1509 684/253/151 686/1768/1422
f 687/279/222 695/1947/874 689/1945/1508
f 695/1947/874 690/1946/1509 689/1945/1508
f 694/1103/873 688/1948/1510 690/1946/1509
f 709/311/241 715/1949/1511 711/1950/1428
f 711/1950/1428 716/1951/1512 712/1952/1427
f 716/1951/1512 710/1953/230 712/1952/1427
f 706/436/172 704/1954/1513 702/1955/1514
f 704/1954/1513 707/1755/1410 703/1956/1515
f 703/1956/1515 705/329/251 701/331/253
f 713/294/232 719/1957/1516 715/1949/1511
f 715/1949/1511 720/1958/1517 716/1951/1512
f 720/1958/1517 714/1959/250 716/1951/1512
f 702/1960/1514 699/1107/875 696/287/226
f 699/1107/875 703/1956/1515 700/1961/876
f 700/1961/876 701/332/253 697/334/235
f 717/309/234 725/1962/878 719/1957/1516
f 719/1957/1516 724/1111/877 720/1958/1517
f 724/1111/877 718/1963/252 720/1958/1517
f 726/325/161 732/1964/1518 728/1817/1457
f 728/1817/1457 733/1965/1519 729/1819/1459
f 733/1965/1519 727/1966/242 729/1819/1459
f 730/316/245 738/1967/881 732/1964/1518
f 732/1964/1518 737/1116/880 733/1965/1519
f 737/1116/880 731/307/233 733/1965/1519
f 739/203/116 745/1968/1520 741/1969/1430
f 745/1968/1520 742/1970/1429 741/1969/1430
f 746/1971/1521 740/188/160 742/1970/1429
f 743/438/173 749/1972/1522 745/1968/1520
f 749/1972/1522 746/1971/1521 745/1968/1520
f 750/1973/1523 744/323/249 746/1971/1521
f 747/286/225 755/1974/884 749/1972/1522
f 755/1974/884 750/1973/1523 749/1972/1522
f 754/1121/883 748/314/243 750/1973/1523
f 757/320/131 772/1975/1524 770/1976/282
f 759/1977/1454 771/1978/1525 772/1975/1524
f 771/1978/1525 756/182/154 769/184/156
f 770/375/282 768/1979/1526 766/1980/1527
f 772/1975/1524 767/1981/1528 768/1979/1526
f 767/1981/1528 769/184/156 765/371/280
f 773/338/257 779/1982/1529 775/1812/1455
f 775/1812/1455 780/1983/1530 776/1814/1456
f 780/1983/1530 774/370/155 776/1814/1456
f 766/1984/1527 763/1125/885 760/368/279
f 768/1979/1526 764/1985/886 763/1125/885
f 764/1985/886 765/374/280 761/373/260
f 777/340/259 785/1986/889 779/1982/1529
f 779/1982/1529 784/1130/888 780/1983/1530
f 784/1130/888 778/372/281 780/1983/1530
f 786/355/165 792/1987/1531 788/1988/1415
f 792/1987/1531 789/1989/1417 788/1988/1415
f 793/1990/1532 787/1991/264 789/1989/1417
f 790/358/269 796/1992/1533 792/1987/1531
f 796/1992/1533 793/1990/1532 792/1987/1531
f 797/1993/1534 791/1994/256 793/1990/1532
f 794/361/271 802/1995/891 796/1992/1533
f 802/1995/891 797/1993/1534 796/1992/1533
f 801/1134/890 795/1996/258 797/1993/1534
f 803/322/129 809/1997/1535 805/1998/1443
f 805/1998/1443 810/1999/1536 806/2000/1441
f 810/1999/1536 804/353/167 806/2000/1441
f 807/377/248 813/2001/1537 809/1997/1535
f 809/1997/1535 814/2002/1538 810/1999/1536
f 814/2002/1538 808/356/270 810/1999/1536
f 811/367/278 819/2003/894 813/2001/1537
f 813/2001/1537 818/1139/893 814/2002/1538
f 818/1139/893 812/359/272 814/2002/1538
f 830/2004/99 828/2005/1539 826/397/292
f 832/1749/1405 827/2006/1540 828/2005/1539
f 827/2006/1540 829/393/159 825/392/290
f 833/383/286 839/2007/1541 835/1799/1444
f 835/1799/1444 840/2008/1542 836/1801/1445
f 840/2008/1542 834/391/158 836/1801/1445
f 826/2009/292 823/1143/895 820/365/276
f 828/2005/1539 824/2010/896 823/1143/895
f 824/2010/896 825/396/290 821/395/287
f 837/382/285 845/2011/899 839/2007/1541
f 839/2007/1541 844/1148/898 840/2008/1542
f 844/1148/898 838/394/291 840/2008/1542
f 856/2012/145 854/2013/1543 852/419/298
f 854/2013/1543 857/1747/1404 853/2014/1544
f 853/2014/1544 855/122/100 851/398/275
f 852/407/298 849/1153/901 846/1152/900
f 849/1153/901 853/2014/1544 850/2015/902
f 850/2015/902 851/364/275 847/366/277
f 859/418/146 865/2016/1545 861/1804/1447
f 865/2016/1545 862/1807/1450 861/1804/1447
f 866/2017/1546 860/381/284 862/1807/1450
f 863/409/300 871/2018/905 865/2016/1545
f 871/2018/905 866/2017/1546 865/2016/1545
f 870/1158/904 864/402/294 866/2017/1546
s 3
f 889/415/302 878/2019/1547 876/413/302
f 891/2020/1547 879/2021/1548 878/2019/1547
f 890/2022/1548 877/423/307 879/2021/1548
f 884/432/314 899/2023/1549 886/2024/1549
f 886/2025/1549 898/2026/1550 887/2027/1550
f 898/2026/1550 885/2028/306 887/2027/1550
f 900/2029/313 895/2030/1551 902/2031/1552
f 895/2030/1551 903/2032/1553 902/2031/1552
f 903/2032/1553 892/2033/308 901/424/308
f 873/2034/303 882/2035/1554 880/414/303
f 882/2035/1554 874/2036/1555 883/2037/1555
f 874/2036/1555 881/425/309 883/2037/1555
s 5
f 984/444/323 947/1171/915 944/442/321
f 989/1195/939 951/2038/917 947/1171/915
f 997/1206/950 945/549/423 951/2038/917
f 944/442/321 942/2039/1556 940/2040/1557
f 948/1172/916 943/2041/1558 942/2039/1556
f 953/1178/922 941/2042/1559 943/2041/1558
f 924/450/329 935/1164/908 926/2043/1560
f 926/2043/1560 931/1162/906 927/2044/1561
f 927/2044/1561 928/454/333 925/456/335
f 917/2045/1562 950/1176/920 945/549/423
f 919/2046/1563 954/1179/923 950/1176/920
f 918/2047/1564 946/452/331 954/1179/923
f 929/449/328 923/2048/1565 934/1166/910
f 934/1166/910 922/2049/1566 938/2050/911
f 938/2050/911 920/441/320 930/440/319
f 960/2051/341 977/1193/937 967/463/342
f 962/2052/1567 969/1181/925 977/1193/937
f 969/1181/925 961/2053/349 964/457/336
f 987/461/340 962/2052/1567 960/462/341
f 962/2052/1567 994/1204/948 963/2054/1568
f 963/2054/1568 986/1201/945 961/470/349
f 985/469/348 982/2055/1569 980/467/346
f 982/2055/1569 988/1194/938 983/2056/1570
f 983/2056/1570 984/444/323 981/443/322
f 966/1189/933 958/2057/1571 956/455/334
f 958/2057/1571 971/1184/928 959/2058/1572
f 959/2058/1572 965/1186/930 957/445/324
f 966/1189/933 932/1163/907 974/1188/932
f 974/1188/932 937/1169/913 978/1190/934
f 978/1190/934 930/440/319 967/463/342
f 1016/464/343 1024/1218/962 1018/2059/1573
f 1018/2059/1573 1029/1224/968 1019/2060/1574
f 1019/2060/1574 1022/468/347 1017/2061/1575
f 1005/446/325 1002/2062/1576 1000/447/326
f 1011/1210/954 1003/2063/1577 1002/2062/1576
f 1007/1207/951 1001/472/351 1003/2063/1577
f 1006/459/338 968/1182/926 964/457/336
f 1014/2064/957 972/1185/929 968/1182/926
f 1010/1212/956 965/1186/930 972/1185/929
f 1022/468/347 991/1198/942 985/469/348
f 1030/1225/969 995/1200/944 991/1198/942
f 1026/1221/965 986/1201/945 995/1200/944
f 1040/483/361 1038/2065/1578 1043/1226/970
f 1043/1226/970 1039/2066/1579 1047/1228/972
f 1047/1228/972 1037/479/358 1041/1231/975
f 1036/482/360 1060/1240/981 1038/2065/1578
f 1038/2065/1578 1065/1249/988 1039/2066/1579
f 1039/2066/1579 1058/480/359 1037/479/358
f 1058/480/359 1054/2067/1580 1052/478/357
f 1066/1250/989 1055/2068/1581 1054/2067/1580
f 1055/2069/1581 1057/465/344 1053/2070/1582
f 1032/474/353 1050/1235/976 1034/2071/1583
f 1034/2072/1583 1046/1230/974 1035/2073/1584
f 1035/2073/1584 1041/1231/975 1033/485/362
f 1004/1209/953 1049/1234/978 1042/473/352
f 1008/1208/952 1044/1227/971 1049/1234/978
f 1013/1216/960 1040/483/361 1044/1227/971
f 1056/1241/982 1027/2074/963 1059/1239/980
f 1059/1239/980 1023/1217/961 1063/1245/986
f 1063/1245/986 1020/466/345 1057/465/344
s 4
f 1082/429/312 1079/2075/1585 1089/1260/997
f 1089/1260/997 1078/2076/1586 1084/1254/991
f 1084/1254/991 1076/2077/1587 1080/496/373
f 1073/435/317 1095/1262/999 1092/433/315
f 1075/2078/1588 1099/1267/1004 1095/1262/999
f 1074/2079/1589 1093/1268/1005 1099/1267/1004
f 1068/490/367 1102/2080/1006 1070/2081/1590
f 1070/2081/1590 1098/1266/1003 1071/2082/1591
f 1071/2082/1591 1093/1268/1005 1069/475/354
f 1082/429/312 906/2083/1592 904/427/310
f 1090/1261/998 907/2084/1593 906/2083/1592
f 1086/1257/994 905/2085/1594 907/2084/1593
f 1115/498/375 1111/2086/1595 1125/1284/1021
f 1111/2086/1595 1117/1273/1010 1125/1284/1021
f 1110/2087/1596 1112/495/372 1117/1273/1010
f 1128/510/385 1119/1277/1014 1113/508/383
f 1133/1286/1023 1123/1280/1017 1119/1277/1014
f 1141/1298/1035 1114/1281/1018 1123/1280/1017
f 1129/1291/1028 1107/2088/1597 1135/1289/1026
f 1135/1289/1026 1106/2089/1598 1139/1292/1029
f 1106/2089/1598 1130/1294/1031 1139/1292/1029
f 1094/501/369 1142/1295/1032 1101/1270/1007
f 1101/1270/1007 1138/1293/1030 1096/1263/1000
f 1096/1263/1000 1130/1294/1031 1092/433/315
f 1114/1281/1018 1087/2090/995 1122/1279/1016
f 1122/1279/1016 1083/1253/990 1126/1282/1019
f 1126/1282/1019 1080/496/373 1115/498/375
f 1154/494/371 1151/2091/1599 1161/1307/1044
f 1161/1307/1044 1150/2092/1600 1156/1300/1037
f 1156/1300/1037 1148/2093/1601 1152/517/392
f 1145/513/388 1167/1309/1046 1164/511/386
f 1167/1309/1046 1146/2094/1602 1171/1311/1048
f 1171/1311/1048 1144/504/379 1165/503/378
f 1128/510/385 1174/2095/1051 1132/1285/1022
f 1132/1285/1022 1170/1313/1050 1136/1290/1027
f 1136/1290/1027 1165/503/378 1129/1291/1028
f 1153/1304/1041 1120/1274/1011 1158/1303/1040
f 1158/1303/1040 1116/1272/1009 1162/1308/1045
f 1162/1308/1045 1112/495/372 1154/494/371
f 1184/519/394 1183/2096/1603 1187/1318/1055
f 1187/1322/1055 1182/2097/1604 1191/1320/1057
f 1191/1320/1057 1180/506/381 1185/1324/1060
f 1185/1324/1060 1203/1336/1070 1190/1323/1059
f 1190/1323/1059 1199/1331/1065 1194/1325/1061
f 1194/1325/1061 1196/521/396 1186/520/395
f 1197/505/380 1179/2098/1605 1202/1335/1069
f 1202/1335/1069 1178/2099/1606 1206/1337/1071
f 1206/1340/1071 1176/512/387 1198/1338/1072
f 1152/517/392 1188/1319/1056 1155/1299/1036
f 1155/1299/1036 1193/1327/1063 1159/2100/1038
f 1159/2100/1038 1186/520/395 1153/1304/1041
f 1164/511/386 1205/1341/1074 1198/1338/1072
f 1168/1310/1047 1200/1332/1066 1205/1341/1074
f 1173/1316/1053 1196/521/396 1200/1332/1066
s 1
f 305/75/66 320/950/750 310/941/743
f 310/944/743 325/957/756 314/942/744
f 314/942/744 318/91/77 306/946/747
s 6
f 1212/489/366 1223/1347/1078 1214/2101/1607
f 1214/2101/1607 1219/1344/1075 1215/2102/1608
f 1215/2102/1608 1216/1346/1077 1213/531/406
f 1232/539/414 1230/2103/1609 1228/537/412
f 1236/1355/1086 1231/2104/1610 1230/2103/1609
f 1241/1361/1092 1229/2105/1611 1231/2104/1610
f 908/525/400 1226/2106/1081 910/2107/1612
f 910/2107/1612 1222/1349/1080 911/2108/1613
f 911/2108/1613 1217/488/365 909/2109/1614
f 1234/515/390 1210/2110/1615 1208/516/391
f 1242/1362/1093 1211/2111/1616 1210/2110/1615
f 1238/1359/1090 1209/2112/1617 1211/2111/1616
f 1244/533/408 1252/1364/1095 1246/2113/1618
f 1252/2114/1095 1247/2115/1619 1246/2116/1618
f 1257/1371/1102 1245/2117/1620 1247/2115/1619
f 1249/542/416 1268/1376/1104 1254/1367/1098
f 1254/1367/1098 1273/1384/1110 1258/1369/1100
f 1258/1369/1100 1266/524/399 1250/523/398
f 1266/524/399 1262/2118/1621 1260/522/397
f 1274/1385/1111 1263/2119/1622 1262/2118/1621
f 1270/1379/1107 1261/2120/1623 1263/2121/1622
f 1264/541/415 1239/2122/1087 1267/1377/1105
f 1267/1377/1105 1235/1354/1085 1271/1380/1108
f 1271/1380/1108 1232/539/414 1265/538/413
f 1216/1346/1077 1251/1365/1096 1248/532/407
f 1220/1345/1076 1255/1368/1099 1251/1365/1096
f 1225/1352/1083 1249/542/416 1255/1368/1099
s 1
f 264/3/3 231/863/682 228/1/1
f 268/2123/712 235/869/687 231/865/682
f 273/909/718 229/53/47 235/869/687
f 253/66/59 243/877/691 240/879/693
f 259/896/707 247/2124/697 243/877/691
f 255/889/701 241/48/42 247/883/697
f 344/74/65 336/963/759 347/971/767
f 347/971/767 341/969/765 351/973/769
f 351/973/769 334/123/101 345/125/103
f 396/101/83 422/1031/823 414/99/81
f 401/1010/804 426/1034/826 422/1031/823
f 409/1019/813 415/1035/827 426/1034/826
f 108/751/598 461/1048/835 454/124/102
f 112/750/597 456/1040/829 461/1048/835
f 117/757/604 452/106/88 456/1040/829
f 359/145/122 391/1001/795 369/992/786
f 369/992/786 387/999/793 361/983/777
f 361/983/777 381/68/61 356/67/60
s 7
f 1285/2125/1624 1297/1396/1120 1290/529/404
f 1287/2126/1625 1292/1389/1113 1297/1398/1120
f 1292/1389/1113 1284/2127/1626 1288/543/417
f 1301/1406/1127 1282/2128/1627 1280/535/410
f 1307/1403/1124 1283/2129/1628 1282/2128/1627
f 1303/1401/1122 1281/552/426 1283/2129/1628
f 1289/1392/1116 915/2130/1629 1294/1394/1118
f 1294/1394/1118 914/2131/1630 1298/1397/1121
f 1298/1397/1121 912/530/405 1290/529/404
f 1301/1406/1127 1279/2132/1631 1306/1405/1126
f 1306/1405/1126 1278/2133/1632 1310/2134/1131
f 1310/2134/1131 1276/548/422 1302/547/421
f 1320/545/419 1319/2135/1633 1323/1411/1132
f 1319/2136/1633 1327/1417/1137 1323/1413/1132
f 1318/2137/1634 1321/561/434 1327/1417/1137
f 1322/557/430 1335/1426/1144 1332/558/431
f 1335/1426/1144 1326/1416/1136 1339/1425/1143
f 1339/1425/1143 1321/561/434 1333/560/433
f 1334/1432/1150 1314/2138/1635 1312/551/425
f 1342/2139/1149 1315/2140/1636 1314/2141/1635
f 1338/1428/1146 1313/2142/1637 1315/2140/1636
f 1332/558/431 1309/1409/1130 1302/556/421
f 1336/1424/1142 1304/1402/1123 1309/1409/1130
f 1341/1430/1148 1300/550/424 1304/1402/1123
f 1322/557/430 1295/2143/1114 1329/1419/1139
f 1329/1419/1139 1291/1388/1112 1324/1412/1133
f 1324/1412/1133 1288/543/417 1320/545/419
s 8
f 1348/622/492 1514/2144/1638 1350/2145/1639
f 1350/2145/1639 1515/2146/1640 1351/2147/1641
f 1515/2146/1640 1349/2148/1642 1351/2147/1641
f 1534/593/464 1461/1499/1209 1541/1550/1259
f 1541/1550/1259 1469/1509/1219 1536/1543/1252
f 1536/1543/1252 1459/1510/1220 1532/605/475
f 1377/1455/1171 1373/1448/1164 1363/576/449
f 1384/1454/1170 1365/1436/1152 1373/1448/1164
f 1380/1451/1167 1360/572/445 1365/1436/1152
f 1379/564/437 1358/2149/1643 1356/562/435
f 1390/1461/1177 1359/2150/1644 1358/2149/1643
f 1359/2150/1644 1378/580/453 1357/579/452
f 1362/1445/1161 1354/2151/1645 1352/618/488
f 1371/1444/1160 1355/2152/1646 1354/2151/1645
f 1367/1441/1157 1353/565/438 1355/2152/1646
f 1363/576/449 1445/1496/1206 1438/577/450
f 1374/1446/1162 1440/1490/1200 1445/1496/1206
f 1370/1443/1159 1436/617/487 1440/1490/1200
f 1378/580/453 1451/2153/1647 1449/578/451
f 1451/2153/1647 1383/1453/1169 1450/2154/1648
f 1450/2154/1648 1377/1455/1171 1448/575/448
f 1360/572/445 1394/2155/1649 1364/1435/1151
f 1364/1435/1151 1395/2156/1650 1368/1437/1153
f 1368/1437/1153 1393/566/439 1361/1439/1155
f 1379/564/437 1398/2157/1651 1389/1460/1176
f 1389/1460/1176 1399/2158/1652 1381/1450/1166
f 1381/1450/1166 1397/2159/441 1376/571/444
f 1420/1478/1191 1411/1462/1178 1408/569/442
f 1424/1477/1190 1415/1467/1183 1411/1462/1178
f 1429/1485/1197 1409/1468/1184 1415/1467/1183
f 1404/588/460 1430/1482/1195 1406/2160/1653
f 1406/2160/1653 1426/1484/1194 1407/2161/1654
f 1407/2162/1654 1421/574/447 1405/2163/1655
f 1400/585/457 1418/1471/1185 1402/2164/1656
f 1402/2165/1656 1414/1466/1182 1403/2166/1657
f 1403/2166/1657 1409/1468/1184 1401/586/458
f 1392/570/443 1412/1463/1179 1394/2155/1649
f 1394/2155/1649 1417/1470/1186 1395/2156/1650
f 1395/2156/1650 1410/1472/1187 1393/584/439
f 1396/563/436 1427/1479/1192 1398/2157/1651
f 1398/2157/1651 1423/1476/1189 1399/2158/1652
f 1399/2158/1652 1420/1478/1191 1397/568/441
f 1436/617/487 1435/2167/1658 1439/1489/1199
f 1439/1489/1199 1434/2168/1659 1443/1494/1204
f 1434/2168/1659 1437/581/454 1443/1494/1204
f 1459/1510/1220 1454/2169/1660 1452/606/476
f 1470/1508/1218 1455/2170/1661 1454/2169/1660
f 1455/2170/1661 1458/1507/1217 1453/589/461
f 1476/610/480 1475/2171/1662 1479/1512/1222
f 1479/1512/1222 1474/2172/1663 1483/2173/1224
f 1483/2173/1224 1472/600/470 1477/602/472
f 1456/599/469 1486/1518/1227 1460/1501/1211
f 1460/1501/1211 1482/1519/1228 1464/1500/1210
f 1464/1500/1210 1477/1516/472 1457/603/473
f 1488/591/463 1496/1524/1233 1490/2174/1664
f 1490/2174/1664 1501/1530/1239 1491/2175/1665
f 1491/2175/1665 1494/1532/1241 1489/595/465
f 1493/604/474 1510/2176/1666 1498/1527/1236
f 1498/1527/1236 1511/2177/1667 1502/1531/1240
f 1502/1531/1240 1509/596/466 1494/1532/1241
f 1505/2178/1668 1510/2176/1666 1508/601/471
f 1507/2179/1669 1511/2177/1667 1510/2176/1666
f 1506/2180/1670 1509/596/466 1511/2177/1667
f 1458/1507/1217 1495/1525/1234 1492/590/462
f 1467/1506/1216 1499/1528/1237 1495/1525/1234
f 1463/1503/1213 1493/604/474 1499/1528/1237
f 1512/621/491 1451/2153/1647 1514/2144/1638
f 1514/2144/1638 1450/2154/1648 1515/2146/1640
f 1515/2146/1640 1448/2181/448 1513/554/428
f 1344/553/427 1524/2182/1243 1346/2183/1671
f 1346/2183/1671 1529/1540/1249 1347/2184/1672
f 1347/2184/1672 1522/615/485 1345/2185/1673
f 1517/613/483 1526/1537/1246 1521/611/481
f 1519/2186/1674 1530/1541/1250 1526/1537/1246
f 1518/2187/1675 1522/615/485 1530/1541/1250
f 1554/598/468 1446/2188/1207 1561/1559/1268
f 1561/1559/1268 1442/1493/1203 1556/1553/1262
f 1556/1553/1262 1437/581/454 1552/583/456
f 1520/594/429 1542/2189/1258 1523/1533/1242
f 1523/1533/1242 1538/1546/1255 1527/1538/1247
f 1527/1538/1247 1533/1548/1257 1521/611/481
f 1478/1520/1229 1562/2190/1269 1485/1522/1231
f 1485/1522/1231 1558/1556/1265 1480/1513/1223
f 1480/1513/1223 1553/608/478 1476/610/480
f 1545/607/477 1535/1544/1253 1532/605/475
f 1547/2191/1676 1539/1547/1256 1535/1544/1253
f 1546/2192/1677 1533/1548/1257 1539/1547/1256
f 1548/2193/1678 1559/1554/1263 1550/2194/1679
f 1550/2194/1679 1555/1552/1261 1551/2195/1680
f 1551/2195/1680 1552/583/456 1549/582/455
s 9
f 1564/649/514 1593/1575/1283 1589/642/508
f 1566/2196/1681 1597/1577/1285 1593/1575/1283
f 1597/1577/1285 1565/2197/531 1590/690/553
f 1568/640/506 1610/1588/1296 1571/2198/1270
f 1571/2198/1270 1618/1597/1305 1572/2199/1272
f 1572/2199/1272 1608/692/554 1569/691/530
f 1573/661/525 1626/1600/1308 1575/2200/1682
f 1575/2201/1682 1634/1610/1317 1576/2202/1683
f 1576/2202/1683 1624/1612/1319 1574/638/504
f 1638/643/509 1586/1573/1281 1579/641/507
f 1645/1621/1325 1581/1566/1274 1586/1573/1281
f 1641/1618/1322 1577/1567/1275 1581/1566/1274
f 1663/646/512 1678/1647/1345 1675/644/510
f 1667/1638/1337 1682/1652/1350 1678/1647/1345
f 1672/1645/1343 1676/1653/1351 1682/1652/1350
f 1665/633/499 1583/1570/1278 1578/634/500
f 1673/1646/1344 1587/2203/1279 1583/1570/1278
f 1669/1641/1340 1579/647/507 1587/2203/1279
f 1687/626/496 1661/2204/1334 1658/624/494
f 1689/2205/1684 1662/2206/1335 1661/2204/1334
f 1690/2207/1685 1659/635/501 1662/2206/1335
f 1676/1653/1351 1657/2208/1333 1681/1651/1349
f 1681/1651/1349 1656/2209/1332 1685/1654/1352
f 1685/1656/1352 1653/637/503 1677/636/502
f 1608/692/554 1596/1579/1287 1590/690/553
f 1619/1598/1306 1600/2210/1288 1596/1579/1287
f 1615/1595/1303 1591/651/516 1600/2210/1288
f 1692/648/513 1698/2211/1686 1694/2212/1687
f 1694/2212/1687 1697/2213/1688 1693/2214/1689
f 1693/2214/1689 1695/656/521 1691/625/495
f 1565/2215/531 1693/2214/1689 1691/625/495
f 1693/2214/1689 1566/2196/1681 1694/2212/1687
f 1694/2212/1687 1564/649/514 1692/648/513
f 1703/660/524 1670/2216/1338 1705/2217/1690
f 1705/2217/1690 1666/1637/1336 1706/2218/1691
f 1706/2218/1691 1663/646/512 1704/645/511
f 1707/694/555 1690/2207/1685 1709/2219/1692
f 1709/2219/1692 1689/2205/1684 1710/2220/1693
f 1689/2205/1684 1708/2221/1694 1710/2220/1693
f 1700/695/556 1684/1655/1353 1677/693/502
f 1702/2222/1695 1679/1648/1346 1684/1657/1353
f 1701/2223/1696 1675/644/510 1679/1648/1346
f 1638/643/509 1594/1576/1284 1644/1620/1324
f 1644/1620/1324 1602/1585/1293 1648/2224/1326
f 1648/2224/1326 1592/696/549 1639/682/545
f 1720/675/539 1603/2225/1291 1723/2226/1359
f 1723/2226/1359 1599/1582/1290 1724/2227/1360
f 1599/1582/1290 1721/697/557 1724/2227/1360
f 1639/682/545 1715/2228/1358 1647/1623/1327
f 1647/1623/1327 1714/2229/1356 1651/1624/1328
f 1651/1624/1328 1711/2230/1355 1640/687/550
f 1717/679/543 1612/1591/1299 1606/680/544
f 1719/2231/1697 1616/2232/1302 1612/1591/1299
f 1718/2233/1698 1607/652/517 1616/2232/1302
f 1726/673/537 1628/2234/1312 1622/671/535
f 1729/2235/1363 1632/2236/1314 1628/2237/1312
f 1728/2238/1361 1623/670/534 1632/2236/1314
f 1574/700/504 1584/2239/1276 1576/2240/1683
f 1576/2240/1683 1580/1565/1273 1575/2241/1682
f 1575/2241/1682 1577/1567/1275 1573/661/525
f 1624/1612/1319 1609/1587/1295 1605/639/505
f 1635/1611/1318 1613/2242/1297 1609/1587/1295
f 1631/1608/1315 1606/680/544 1613/2242/1297
f 1621/663/527 1642/1617/1321 1625/1599/1307
f 1625/1599/1307 1650/1626/1330 1629/2243/1309
f 1629/2243/1309 1640/687/550 1622/671/535
s 1
f 556/1885/134 69/721/147 58/2244/149
f 228/1/1 317/955/75 145/2/2
f 242/4/4 230/1872/78 398/5/5
f 172/7/7 160/793/633 473/8/8
f 146/13/13 277/918/726 210/14/14
f 568/16/16 472/1054/839 70/17/17
f 484/22/22 552/2245/283 557/23/23
f 82/25/25 468/1829/41 512/26/26
f 288/28/28 125/1705/1374 293/29/29
f 173/31/31 485/1067/852 56/32/32
f 276/34/30 293/29/29 184/35/34
f 105/37/36 544/1878/166 513/38/37
f 82/43/25 224/1685/52 198/44/40
f 469/46/38 197/840/20 162/47/19
f 241/48/42 252/891/703 448/49/43
f 266/51/45 415/1035/827 399/52/46
f 254/54/48 380/996/790 412/55/49
f 147/57/51 198/845/40 224/58/52
f 529/60/54 541/1891/164 358/61/55
f 144/63/57 131/771/618 346/64/58
f 253/66/59 240/879/693 356/67/60
f 129/69/62 225/1677/39 185/70/33
f 130/72/12 304/2246/11 332/73/64
f 305/75/66 120/2247/1699 329/76/67
f 109/81/69 444/1727/1388 525/82/70
f 254/84/48 346/1867/58 453/85/72
f 333/90/76 306/946/747 318/91/77
f 289/93/79 278/921/74 317/94/75
f 414/99/81 533/1835/206 528/100/82
s 2
f 372/102/84 377/1784/1431 603/103/85
s 1
f 572/105/87 548/1726/1387 452/106/88
f 104/108/90 161/798/638 174/109/91
f 94/111/93 173/809/31 225/112/39
f 242/114/4 444/1727/1388 109/115/69
f 92/117/95 80/727/579 516/118/96
f 496/120/98 504/1748/132 830/121/99
f 334/123/101 108/751/598 454/124/102
s 2
f 1/126/104 4/244/204 3/127/105
s 1
f 6/129/107 8/290/229 7/130/108
f 13/132/110 14/352/268 15/133/111
f 17/135/113 18/406/297 20/136/114
f 739/138/116 548/1783/1387 572/139/87
f 636/141/118 432/1793/1440 654/142/119
f 560/144/121 382/1002/796 359/145/122
f 436/147/124 709/1778/241 524/148/125
f 162/150/19 209/2248/21 68/151/127
f 803/153/129 545/1798/143 564/154/130
f 504/156/132 496/1736/98 537/157/133
f 10/159/135 11/319/247 12/160/136
f 553/162/138 486/1071/9 473/163/8
f 667/165/140 680/1938/1504 683/166/141
f 545/168/143 104/1880/90 93/110/92
f 501/170/144 497/1744/1399 856/171/145
f 69/173/147 208/846/669 186/174/148
f 433/176/150 428/1769/224 684/177/151
f 453/179/72 549/1721/238 520/180/153
f 756/182/154 465/1816/171 774/183/155
f 505/185/157 509/1803/1446 834/186/158
f 740/188/160 744/2249/249 726/189/161
f 637/191/163 666/2250/202 541/192/164
f 786/194/165 513/1760/37 544/195/166
s 2
f 620/197/168 624/228/192 581/198/169
s 1
f 565/200/97 516/1712/96 465/201/171
f 739/203/116 440/1752/117 706/204/172
s 2
f 3/127/105 608/1082/203 607/206/174
f 607/206/174 593/2251/191 595/207/175
f 595/207/175 2/128/106 3/127/105
f 1/126/104 590/1074/198 589/208/176
f 589/208/176 631/2252/179 633/209/177
f 633/209/177 4/244/204 1/126/104
f 585/210/178 628/1923/1496 631/211/179
s 1
f 413/213/180 383/1006/800 561/214/181
s 2
f 619/216/183 373/1756/1411 616/217/184
f 627/219/186 612/1914/205 606/220/187
f 615/222/86 603/1907/85 598/223/189
f 611/225/190 598/1901/189 593/226/191
f 624/228/192 628/2253/1496 585/229/178
f 599/231/193 602/1909/199 580/232/194
f 588/234/196 594/1904/197 599/231/193
f 590/236/198 1/126/104 2/128/106
f 2/128/106 595/1078/175 594/235/197
f 594/235/197 588/234/196 590/236/198
f 602/237/199 376/1788/1435 577/238/200
s 1
f 637/239/163 650/1925/216 679/240/201
s 2
f 4/244/204 633/1086/177 632/242/188
f 632/242/188 606/2254/187 608/243/203
f 608/243/203 3/127/105 4/244/204
f 623/218/185 616/217/184 612/245/205
s 1
f 445/247/44 448/49/43 521/248/126
f 533/250/206 432/2255/1440 636/251/118
f 684/253/151 688/2256/1510 657/254/207
f 7/130/108 672/1100/228 671/256/208
f 671/256/208 640/2257/865 642/257/209
f 642/257/209 5/131/109 7/130/108
f 646/258/210 640/1089/865 671/259/208
f 649/261/120 654/1933/119 658/262/212
f 5/131/109 642/1091/209 641/264/214
f 641/264/214 661/2258/223 663/265/215
f 663/265/215 6/129/107 5/131/109
f 650/266/216 646/1929/210 675/267/211
f 429/269/142 560/1852/121 540/270/123
f 657/272/207 688/1948/1510 691/273/217
f 6/129/107 663/1095/215 662/275/218
f 662/275/218 691/273/217 693/276/219
f 693/276/219 8/290/229 6/129/107
f 676/277/220 670/1098/870 692/278/221
f 645/280/213 658/1936/212 661/281/223
f 433/283/150 532/1836/182 561/284/181
f 747/286/225 702/1960/1514 696/287/226
f 8/290/229 693/1104/219 692/278/221
f 692/278/221 670/1098/870 672/289/228
f 672/289/228 7/130/108 8/290/229
f 573/291/71 525/1774/70 710/292/230
f 713/294/232 727/1966/242 731/295/233
f 9/161/137 698/1108/237 697/297/235
f 697/297/235 721/2259/254 723/298/236
f 723/298/236 10/159/135 9/161/137
f 12/160/136 753/1122/246 752/299/227
f 752/299/227 696/287/226 698/300/237
f 698/300/237 9/161/137 12/160/136
f 683/301/141 680/1941/1504 676/302/220
f 437/304/162 520/1861/153 549/305/238
f 731/307/233 734/1115/879 722/308/239
f 10/159/135 723/1112/236 722/308/239
f 722/308/239 734/2260/879 736/310/240
f 736/310/240 11/319/247 10/159/135
f 709/311/241 436/1821/124 727/312/242
f 748/314/243 751/1120/882 735/315/244
f 11/319/247 736/1117/240 735/317/244
f 735/317/244 751/2261/882 753/318/246
f 753/318/246 12/160/136 11/319/247
f 757/320/131 770/1976/282 807/321/248
f 744/323/249 748/2262/243 730/324/245
f 441/326/231 710/1953/230 714/327/250
f 705/329/251 714/1959/250 718/330/252
f 701/332/253 718/1963/252 721/333/254
f 464/335/255 787/1991/264 791/336/256
f 773/338/257 791/1994/256 795/339/258
f 13/132/110 762/1126/263 761/341/260
f 761/341/260 781/2263/887 783/342/261
f 783/342/261 14/352/268 13/132/110
f 16/134/112 817/1140/274 816/343/262
f 816/343/262 760/2264/279 762/344/263
f 762/344/263 13/132/110 16/134/112
f 787/345/264 464/1716/255 517/346/27
f 777/340/259 795/1996/258 798/348/265
f 14/352/268 783/1131/261 782/350/266
f 782/350/266 798/2265/265 800/351/267
f 800/351/267 15/133/111 14/352/268
f 804/353/167 808/2266/270 790/354/269
f 808/356/270 812/2267/272 794/357/271
f 812/359/272 815/1138/892 799/360/273
f 15/133/111 800/1135/267 799/362/273
f 799/362/273 815/1138/892 817/363/274
f 817/363/274 16/134/112 15/133/111
f 851/364/275 826/2009/292 820/365/276
f 811/367/278 766/1984/1527 760/368/279
f 774/370/155 778/2268/281 765/371/280
f 778/372/281 781/1129/887 761/373/260
f 770/375/282 766/1980/1527 811/376/278
f 552/378/283 509/2269/1446 505/379/157
f 860/381/284 864/2270/294 837/382/285
f 17/135/113 822/1144/289 821/384/287
f 821/384/287 841/2271/897 843/385/288
f 843/385/288 18/406/297 17/135/113
f 19/137/115 848/1154/304 847/386/277
f 847/386/277 820/2272/276 822/387/289
f 822/387/289 17/135/113 19/137/115
f 536/388/18 497/1740/1399 501/389/144
f 834/391/158 838/2273/291 825/392/290
f 838/394/291 841/1147/897 821/395/287
f 855/122/100 830/2004/99 826/397/292
f 569/399/139 500/1856/301 508/400/293
f 864/402/294 867/1157/903 842/403/295
f 18/406/297 843/1149/288 842/404/295
f 842/404/295 867/2274/903 869/405/296
f 869/405/296 20/136/114 18/406/297
f 852/407/298 846/1152/900 868/408/299
f 500/410/301 860/2275/284 833/411/286
s 3
f 876/413/302 873/2034/303 880/414/303
s 1
f 20/136/114 869/1159/296 868/416/299
f 868/416/299 846/2276/900 848/417/304
f 848/417/304 19/137/115 20/136/114
f 859/418/146 856/2012/145 852/419/298
s 3
f 888/421/305 885/2028/306 896/422/306
f 901/424/308 892/2033/308 881/425/309
s 4
f 904/427/310 23/2277/1700 1077/428/311
s 3
f 893/430/313 900/2029/313 897/431/314
s 4
f 1092/433/315 1130/1294/1031 1104/434/316
s 1
f 706/436/172 702/1955/1514 747/437/225
s 5
f 24/439/318 27/460/339 930/440/319
f 944/442/321 940/2040/1557 981/443/322
f 957/445/324 965/1186/930 1005/446/325
f 26/448/327 921/2278/1701 929/449/328
f 25/451/330 941/2042/1559 946/452/331
f 928/454/333 966/1189/933 956/455/334
f 964/457/336 961/2053/349 28/458/337
f 27/460/339 945/549/423 987/461/340
f 27/460/339 960/2051/341 967/463/342
f 1016/464/343 1053/2070/1582 1057/465/344
f 980/467/346 1017/2061/1575 1022/468/347
f 961/470/349 986/1201/945 1021/471/350
f 1001/472/351 1004/1209/953 1042/473/352
s 4
f 1069/475/354 1093/1268/1005 1072/476/355
s 5
f 1052/478/357 29/486/363 1037/479/358
f 1021/481/350 1056/1241/982 1036/482/360
f 28/458/337 1036/482/360 1040/483/361
f 1033/485/362 1041/1231/975 1037/479/358
s 6
f 22/487/364 909/2109/1614 1217/488/365
s 4
f 1068/490/367 905/2085/1594 1081/491/368
f 1108/493/370 1149/2279/1702 1154/494/371
f 1080/496/373 1076/2077/1587 1109/497/374
f 1081/499/368 1114/1281/1018 1131/500/376
f 1105/502/377 1129/1291/1028 1165/503/378
f 1197/505/380 1185/1324/1060 1180/506/381
f 1113/508/383 1153/1304/1041 1166/509/384
f 1164/511/386 1198/1338/1072 1176/512/387
s 6
f 31/514/389 1229/2105/1611 1234/515/390
s 4
f 1152/517/392 1148/2093/1601 1181/518/393
f 1166/509/384 1153/1304/1041 1186/520/395
s 6
f 1260/522/397 1245/2117/1620 1250/523/398
f 908/525/400 1209/2112/1617 1233/526/401
s 7
f 21/528/403 1285/2125/1624 1290/529/404
s 6
f 1213/531/406 1216/1346/1077 1248/532/407
s 7
f 1277/534/409 1301/1406/1127 1280/535/410
s 6
f 1228/537/412 1261/2120/1623 1265/538/413
f 1218/540/402 1233/526/401 1264/541/415
s 7
f 1288/543/417 1284/2127/1626 1317/544/418
f 913/546/420 1289/1392/1116 1302/547/421
s 5
f 24/439/318 917/2045/1562 945/549/423
s 7
f 1300/550/424 1334/1432/1150 1312/551/425
s 8
f 1344/553/427 1349/2148/1642 1513/554/428
s 7
f 1302/556/421 1289/2280/1116 1322/557/430
f 1316/559/432 1313/2142/1637 1333/560/433
s 8
f 1356/562/435 36/573/446 1396/563/436
f 1353/565/438 1361/1439/1155 1393/566/439
f 1397/568/441 1420/1478/1191 1408/569/442
f 1376/571/444 1397/2159/441 1392/570/443
f 36/573/446 1405/2163/1655 1421/574/447
f 1448/575/448 1377/1455/1171 1363/576/449
f 1449/578/451 37/2281/1703 1357/579/452
f 1437/581/454 1432/2282/1704 1549/582/455
f 1393/584/439 1410/1472/1187 1400/585/457
f 1401/586/458 1409/1468/1184 1422/587/459
f 1453/589/461 1458/1507/1217 1492/590/462
f 1438/592/450 1554/598/468 1534/593/464
f 1489/595/465 1494/1532/1241 1509/596/466
f 1554/598/468 1478/1520/1229 1456/599/469
f 1472/600/470 1505/2178/1668 1508/601/471
f 1457/603/473 1477/1516/472 1508/601/471
f 1532/605/475 1459/1510/1220 1452/606/476
f 1553/608/478 1548/2193/1678 1473/609/479
f 1521/611/481 1533/1548/1257 1544/612/482
f 33/614/484 1345/2185/1673 1522/615/485
f 1436/617/487 1362/1445/1161 1352/618/488
f 34/620/490 38/623/493 1512/621/491
f 38/623/493 37/2281/1703 1449/578/451
s 9
f 1658/624/494 1565/2215/531 1691/625/495
s 8
f 1513/554/428 1448/2181/448 1438/627/450
s 1
f 124/629/497 121/1707/1375 304/630/11
s 9
f 1654/632/498 1676/1653/1351 1665/633/499
f 1659/635/501 1688/2283/1705 1677/636/502
f 1574/638/504 1624/1612/1319 1605/639/505
f 1579/641/507 1564/649/514 1589/642/508
f 1675/644/510 1699/2284/1706 1704/645/511
f 1579/647/507 1664/1642/523 1692/648/513
f 45/650/515 49/684/547 1591/651/516
f 54/655/520 52/2285/1707 41/653/518
f 41/653/518 1713/2286/1357 1712/654/519
f 1695/656/521 1708/2221/1694 1687/657/496
f 1696/658/522 1692/648/513 1664/659/523
f 1573/661/525 1577/1567/1275 1637/662/526
f 1565/667/531 1658/1633/494 1660/665/529
f 1660/665/529 1570/2287/1271 1569/666/530
f 1722/676/540 40/2288/1708 53/674/538
f 53/674/538 55/685/548 1720/675/539
f 50/677/541 42/2289/1709 43/678/542
f 51/669/533 43/678/542 1606/680/544
f 44/683/546 48/2290/1710 49/684/547
f 1640/687/550 1711/2230/1355 47/672/536
f 39/689/552 1727/2291/1362 1726/673/537
f 1726/673/537 47/672/536 46/688/551
f 1590/690/553 1565/2197/531 1569/691/530
f 1677/693/502 1688/2292/1705 1707/694/555
f 54/655/520 1639/682/545 1592/696/549
f 1655/699/558 1654/2293/498 1578/634/500
s 1
f 59/701/559 61/704/562 60/702/560
f 59/701/559 63/706/564 64/703/561
f 62/705/563 64/703/561 63/706/564
f 66/707/565 67/712/567 64/708/561
f 65/710/566 67/712/567 66/707/565
f 65/710/566 60/1679/560 61/711/562
f 71/715/568 73/718/571 72/716/569
f 71/715/568 75/720/573 76/717/570
f 74/719/572 76/717/570 75/720/573
f 78/722/574 79/724/576 76/717/570
f 77/723/575 79/724/576 78/722/574
f 77/723/575 72/716/569 73/718/571
f 83/725/577 85/729/581 84/726/578
f 83/725/577 87/731/583 88/728/580
f 86/730/582 88/728/580 87/731/583
f 90/732/584 91/734/586 88/728/580
f 89/733/585 91/734/586 90/732/584
f 89/733/585 84/726/578 85/729/581
f 95/735/587 97/746/590 96/736/588
f 99/737/589 100/2294/593 97/738/590
f 98/740/591 100/2294/593 99/737/589
f 98/741/591 102/745/595 103/742/592
f 101/744/594 103/742/592 102/745/595
f 101/744/594 96/736/588 97/746/590
f 111/749/596 113/753/600 112/750/597
f 115/752/599 116/756/603 113/753/600
f 114/754/601 116/756/603 115/752/599
f 114/754/601 118/758/605 119/755/602
f 117/757/604 119/755/602 118/758/605
f 117/757/604 112/750/597 113/753/600
f 132/759/606 134/762/609 133/760/607
f 136/761/608 137/765/612 134/762/609
f 135/763/610 137/765/612 136/761/608
f 139/764/611 140/768/615 137/765/612
f 138/766/613 140/768/615 139/764/611
f 138/766/613 142/1671/617 143/767/614
f 141/769/616 143/773/614 142/770/617
f 141/769/616 133/1670/607 134/772/609
f 134/774/609 137/2295/612 140/768/615
f 148/775/619 150/778/622 149/776/620
f 152/777/621 153/781/625 150/778/622
f 151/779/623 153/781/625 152/777/621
f 151/779/623 155/783/627 156/780/624
f 154/782/626 156/780/624 155/783/627
f 158/784/628 159/2296/630 156/780/624
f 157/785/629 159/2296/630 158/784/628
f 157/786/629 149/776/620 150/778/622
f 153/788/625 156/780/624 159/789/630
f 163/791/631 165/795/635 164/792/632
f 163/791/631 167/1674/637 168/794/634
f 166/796/636 168/800/634 167/797/637
f 170/799/639 171/802/641 168/800/634
f 169/801/640 171/802/641 170/799/639
f 164/792/632 165/795/635 171/802/641
f 175/804/642 177/807/645 176/805/643
f 179/806/644 180/811/648 177/807/645
f 178/808/646 180/811/648 179/806/644
f 182/810/647 183/2297/650 180/811/648
f 181/812/649 183/2298/650 182/813/647
f 181/814/649 176/805/643 177/807/645
f 187/819/651 189/832/654 188/820/652
f 187/821/651 191/825/656 192/822/653
f 190/824/655 192/822/653 191/825/656
f 190/826/655 194/830/659 195/827/657
f 193/829/658 195/827/657 194/830/659
f 188/831/652 189/2299/654 195/827/657
f 199/835/660 201/838/663 200/836/661
f 203/837/662 204/842/666 201/838/663
f 202/839/664 204/842/666 203/837/662
f 202/839/664 206/844/668 207/841/665
f 205/843/667 207/841/665 206/844/668
f 205/843/667 200/836/661 201/838/663
f 208/846/669 212/850/673 214/847/670
f 216/849/672 217/853/676 214/847/670
f 215/851/674 217/853/676 216/849/672
f 219/852/675 220/854/677 217/853/676
f 210/14/14 218/855/678 220/854/677
f 218/855/678 222/858/681 223/856/679
f 221/857/680 223/856/679 222/858/681
f 213/848/671 214/847/670 223/859/679
f 214/861/670 217/2300/676 220/854/677
f 231/863/682 233/872/685 232/864/683
f 231/865/682 235/869/687 236/866/684
f 234/868/686 236/866/684 235/869/687
f 238/870/688 239/873/690 236/866/684
f 237/871/689 239/873/690 238/870/688
f 237/871/689 232/864/683 233/872/685
f 243/877/691 245/881/695 244/878/692
f 243/877/691 247/2124/697 248/880/694
f 246/882/696 248/885/694 247/883/697
f 250/884/698 251/887/700 248/885/694
f 249/886/699 251/887/700 250/884/698
f 249/886/699 244/878/692 245/881/695
f 255/889/701 257/899/705 256/890/702
f 255/892/701 259/896/707 260/893/704
f 258/895/706 260/893/704 259/896/707
f 262/897/708 263/900/710 260/893/704
f 261/898/709 263/900/710 262/897/708
f 261/898/709 256/890/702 257/899/705
f 267/902/711 269/905/714 268/903/712
f 271/904/713 272/906/717 269/905/714
f 270/906/715 272/906/717 271/904/713
f 270/907/715 274/910/719 275/908/716
f 273/909/718 275/908/716 274/910/719
f 273/909/718 268/2123/712 269/911/714
f 279/912/720 281/915/723 280/913/721
f 279/912/720 283/917/725 284/914/722
f 282/916/724 284/914/722 283/917/725
f 286/919/727 287/922/729 284/914/722
f 285/920/728 287/922/729 286/919/727
f 280/913/721 281/915/723 287/922/729
f 295/923/730 297/933/733 296/924/731
f 299/925/732 300/928/734 297/926/733
f 293/29/29 298/929/735 300/928/734
f 298/929/735 302/2301/738 303/930/736
f 301/931/737 303/934/736 302/932/738
f 301/931/737 296/924/731 297/933/733
f 307/937/739 309/940/742 308/938/740
f 311/939/741 312/2302/745 309/940/742
f 310/941/743 312/2302/745 311/939/741
f 314/942/744 315/947/748 312/943/745
f 313/945/746 315/947/748 314/942/744
f 313/945/746 308/938/740 309/940/742
f 319/949/749 321/952/752 320/950/750
f 319/949/749 323/954/754 324/951/751
f 322/953/753 324/951/751 323/954/754
f 322/953/753 326/958/757 327/956/755
f 325/957/756 327/956/755 326/958/757
f 320/959/750 321/2303/752 327/956/755
f 335/962/758 337/965/761 336/963/759
f 335/962/758 339/967/763 340/964/760
f 338/966/762 340/964/760 339/967/763
f 338/966/762 342/970/766 343/968/764
f 341/969/765 343/968/764 342/970/766
f 336/963/759 337/965/761 343/968/764
f 347/971/767 349/974/770 348/972/768
f 351/973/769 352/977/773 349/974/770
f 350/975/771 352/977/773 351/973/769
f 350/975/771 354/976/775 355/976/772
f 353/978/774 355/979/772 354/979/775
f 353/980/774 348/972/768 349/974/770
f 356/67/60 360/984/778 362/982/776
f 360/984/778 364/987/781 365/985/779
f 363/986/780 365/985/779 364/987/781
f 367/988/782 368/989/783 365/985/779
f 358/61/55 366/990/784 368/989/783
f 366/990/784 370/993/787 371/991/785
f 369/992/786 371/991/785 370/993/787
f 361/983/777 362/982/776 371/991/785
f 362/982/776 365/985/779 368/989/783
f 384/994/788 386/998/792 385/995/789
f 384/994/788 388/1000/794 389/997/791
f 387/999/793 389/997/791 388/1000/794
f 391/1001/795 392/1003/797 389/997/791
f 382/1002/796 390/1004/798 392/1003/797
f 390/1004/798 394/1007/801 395/1005/799
f 383/1006/800 393/1008/802 395/1005/799
f 393/1008/802 385/995/789 386/998/792
f 386/998/792 389/997/791 392/1003/797
f 400/1009/803 402/1012/806 401/1010/804
f 404/1011/805 405/1015/809 402/1012/806
f 403/1013/807 405/1015/809 404/1011/805
f 407/1014/808 408/1018/812 405/1015/809
f 406/1016/810 408/1018/812 407/1014/808
f 410/1017/811 411/1020/814 408/1018/812
f 409/1019/813 411/1020/814 410/1017/811
f 409/1019/813 401/1010/804 402/1012/806
f 402/1012/806 405/1015/809 408/1018/812
f 412/55/49 416/1023/817 418/1021/815
f 416/1023/817 420/1026/820 421/1024/818
f 419/1025/819 421/1024/818 420/1026/820
f 423/1027/821 424/1030/822 421/1028/818
f 414/99/81 422/1031/823 424/1030/822
f 422/1031/823 426/1034/826 427/1032/824
f 425/1033/825 427/1032/824 426/1034/826
f 417/1036/816 418/2304/815 427/1032/824
f 418/1021/815 421/2305/818 424/1037/822
f 455/1039/828 457/1042/831 456/1040/829
f 459/1041/830 460/1050/834 457/1042/831
f 458/1043/832 460/2306/834 459/1044/830
f 462/1045/833 463/1049/836 460/1046/834
f 461/1048/835 463/1049/836 462/1045/833
f 461/1048/835 456/1040/829 457/1042/831
f 475/1052/837 477/1056/841 476/1053/838
f 479/1055/840 480/1059/844 477/1056/841
f 478/1057/842 480/1059/844 479/1055/840
f 482/1058/843 483/1061/846 480/1059/844
f 481/1060/845 483/1061/846 482/1058/843
f 476/1053/838 477/1056/841 483/1061/846
f 487/1062/847 489/1065/850 488/1063/848
f 491/1064/849 492/1069/854 489/1065/850
f 490/1066/851 492/1069/854 491/1064/849
f 494/1068/853 495/1072/856 492/1069/854
f 493/1070/855 495/1072/856 494/1068/853
f 493/1070/855 488/1063/848 489/1065/850
s 5
f 931/1162/906 933/1165/909 932/1163/907
f 935/1164/908 936/1168/912 933/1165/909
f 934/1166/910 936/1168/912 935/1164/908
f 938/1167/911 939/1170/914 936/1168/912
f 937/1169/913 939/1170/914 938/1167/911
f 937/1169/913 932/1163/907 933/1165/909
f 947/1171/915 949/1174/918 948/1172/916
f 951/1173/917 952/1175/919 949/1174/918
f 945/549/423 950/1176/920 952/1175/919
f 950/1176/920 954/1179/923 955/1177/921
f 953/1178/922 955/1177/921 954/1179/923
f 953/1178/922 948/1172/916 949/1174/918
f 964/457/336 968/1182/926 970/1180/924
f 968/1182/926 972/1185/929 973/1183/927
f 971/1184/928 973/1183/927 972/1185/929
f 975/1187/931 976/1191/935 973/1183/927
f 974/1188/932 976/1191/935 975/1187/931
f 978/1190/934 979/1192/936 976/1191/935
f 967/463/342 977/1193/937 979/1192/936
f 977/1193/937 969/1181/925 970/1180/924
f 970/1180/924 973/1183/927 976/1191/935
f 988/1194/938 990/1197/941 989/1195/939
f 988/1194/938 992/1199/943 993/1196/940
f 991/1198/942 993/1196/940 992/1199/943
f 995/1200/944 996/1202/946 993/1196/940
f 986/1201/945 994/1204/948 996/1202/946
f 998/1203/947 999/1205/949 996/1202/946
f 987/461/340 997/1206/950 999/1205/949
f 997/1206/950 989/1195/939 990/1197/941
f 990/1197/941 993/1196/940 996/1202/946
f 1007/1207/951 1009/1211/955 1008/1208/952
f 1011/1210/954 1012/1214/958 1009/1211/955
f 1010/1212/956 1012/1214/958 1011/1210/954
f 1014/1213/957 1015/1215/959 1012/1214/958
f 1006/484/338 1013/1216/960 1015/1215/959
f 1013/1216/960 1008/1208/952 1009/1211/955
f 1023/1217/961 1025/1220/964 1024/1218/962
f 1027/1219/963 1028/1223/967 1025/1220/964
f 1026/1221/965 1028/1223/967 1027/1219/963
f 1026/1221/965 1030/1225/969 1031/1222/966
f 1029/1224/968 1031/1222/966 1030/1225/969
f 1029/1224/968 1024/1218/962 1025/1220/964
f 1043/1226/970 1045/1229/973 1044/1227/971
f 1047/1228/972 1048/1233/977 1045/1229/973
f 1046/1230/974 1048/1233/977 1047/1228/972
f 1050/1232/976 1051/1238/979 1048/1233/977
f 1049/1234/978 1051/1236/979 1050/1235/976
f 1049/1234/978 1044/1227/971 1045/1229/973
f 1059/1239/980 1061/1243/984 1060/1240/981
f 1059/1239/980 1063/1245/986 1064/1242/983
f 1062/1244/985 1064/1242/983 1063/1245/986
f 1062/1246/985 1066/1250/989 1067/1247/987
f 1065/1249/988 1067/1247/987 1066/1250/989
f 1060/1240/981 1061/1243/984 1067/1247/987
s 4
f 1083/1253/990 1085/1256/993 1084/1254/991
f 1083/1253/990 1087/1258/995 1088/1255/992
f 1086/1257/994 1088/1255/992 1087/1258/995
f 1086/1257/994 1090/1261/998 1091/1259/996
f 1089/1260/997 1091/1259/996 1090/1261/998
f 1089/1260/997 1084/1254/991 1085/1256/993
f 1095/1262/999 1097/1265/1002 1096/1263/1000
f 1095/1262/999 1099/1267/1004 1100/1264/1001
f 1098/1266/1003 1100/1264/1001 1099/1267/1004
f 1102/1269/1006 1103/1271/1008 1100/1264/1001
f 1101/1270/1007 1103/1271/1008 1102/1269/1006
f 1101/1270/1007 1096/1263/1000 1097/1265/1002
f 1116/1272/1009 1118/1275/1012 1117/1273/1010
f 1120/1274/1011 1121/1276/1013 1118/1275/1012
f 1113/508/383 1119/1277/1014 1121/1276/1013
f 1119/1277/1014 1123/1280/1017 1124/1278/1015
f 1122/1279/1016 1124/1278/1015 1123/1280/1017
f 1126/1282/1019 1127/1283/1020 1124/1278/1015
f 1115/498/375 1125/1284/1021 1127/1283/1020
f 1125/1284/1021 1117/1273/1010 1118/1275/1012
f 1121/1276/1013 1124/1278/1015 1127/1283/1020
f 1132/1285/1022 1134/1288/1025 1133/1286/1023
f 1132/1285/1022 1136/1290/1027 1137/1287/1024
f 1135/1289/1026 1137/1287/1024 1136/1290/1027
f 1139/1292/1029 1140/1296/1033 1137/1287/1024
f 1138/1293/1030 1140/1296/1033 1139/1292/1029
f 1142/1295/1032 1143/1297/1034 1140/1296/1033
f 1131/500/376 1141/1298/1035 1143/1297/1034
f 1141/1298/1035 1133/1286/1023 1134/1288/1025
f 1137/1287/1024 1140/1296/1033 1143/1297/1034
f 1155/1299/1036 1157/1302/1039 1156/1300/1037
f 1159/1301/1038 1160/1306/1043 1157/1302/1039
f 1158/1303/1040 1160/1306/1043 1159/1301/1038
f 1158/1303/1040 1162/1308/1045 1163/1305/1042
f 1161/1307/1044 1163/1305/1042 1162/1308/1045
f 1156/1300/1037 1157/1302/1039 1163/1305/1042
f 1167/1309/1046 1169/1312/1049 1168/1310/1047
f 1171/1311/1048 1172/1315/1052 1169/1312/1049
f 1170/1313/1050 1172/1315/1052 1171/1311/1048
f 1174/1314/1051 1175/1317/1054 1172/1315/1052
f 1173/1316/1053 1175/1317/1054 1174/1314/1051
f 1173/1316/1053 1168/1310/1047 1169/1312/1049
f 1187/1318/1055 1189/1328/1058 1188/1319/1056
f 1191/1320/1057 1192/1326/1062 1189/1321/1058
f 1190/1323/1059 1192/1326/1062 1191/1320/1057
f 1194/1325/1061 1195/1329/1064 1192/1326/1062
f 1193/1327/1063 1195/1329/1064 1194/1325/1061
f 1193/1327/1063 1188/1319/1056 1189/1328/1058
f 1199/1331/1065 1201/1334/1068 1200/1332/1066
f 1199/1331/1065 1203/1336/1070 1204/1333/1067
f 1202/1335/1069 1204/1333/1067 1203/1336/1070
f 1206/1337/1071 1207/1343/1073 1204/1333/1067
f 1198/1338/1072 1205/1341/1074 1207/1339/1073
f 1205/1341/1074 1200/1332/1066 1201/1334/1068
s 6
f 1219/1344/1075 1221/1348/1079 1220/1345/1076
f 1223/1347/1078 1224/1351/1082 1221/1348/1079
f 1222/1349/1080 1224/1351/1082 1223/1347/1078
f 1226/1350/1081 1227/1353/1084 1224/1351/1082
f 1225/1352/1083 1227/1353/1084 1226/1350/1081
f 1225/1352/1083 1220/1345/1076 1221/1348/1079
f 1235/1354/1085 1237/1357/1088 1236/1355/1086
f 1239/1356/1087 1240/1358/1089 1237/1357/1088
f 1233/526/401 1238/1359/1090 1240/1358/1089
f 1238/1359/1090 1242/1362/1093 1243/1360/1091
f 1241/1361/1092 1243/1360/1091 1242/1362/1093
f 1241/1361/1092 1236/1355/1086 1237/1357/1088
f 1248/532/407 1251/1365/1096 1253/1363/1094
f 1251/1365/1096 1255/1368/1099 1256/1366/1097
f 1254/1367/1098 1256/1366/1097 1255/1368/1099
f 1258/1369/1100 1259/1370/1101 1256/1366/1097
f 1250/523/398 1257/1371/1102 1259/1370/1101
f 1257/1371/1102 1252/2114/1095 1253/1372/1094
f 1264/541/415 1267/1377/1105 1269/1375/1103
f 1267/1377/1105 1271/1380/1108 1272/1378/1106
f 1270/1379/1107 1272/1378/1106 1271/1380/1108
f 1270/1381/1107 1274/1385/1111 1275/1382/1109
f 1273/1384/1110 1275/1382/1109 1274/1385/1111
f 1268/1376/1104 1269/1375/1103 1275/1382/1109
s 7
f 1291/1388/1112 1293/1391/1115 1292/1389/1113
f 1295/1390/1114 1296/1393/1117 1293/1391/1115
f 1289/1392/1116 1294/1394/1118 1296/1393/1117
f 1294/1394/1118 1298/1397/1121 1299/1395/1119
f 1297/1396/1120 1299/1395/1119 1298/1397/1121
f 1297/1398/1120 1292/1389/1113 1293/1391/1115
f 1303/1401/1122 1305/1404/1125 1304/1402/1123
f 1307/1403/1124 1308/1408/1129 1305/1404/1125
f 1306/1405/1126 1308/1408/1129 1307/1403/1124
f 1306/1405/1126 1310/1410/1131 1311/1407/1128
f 1309/1409/1130 1311/1407/1128 1310/1410/1131
f 1309/1409/1130 1304/1402/1123 1305/1404/1125
f 1323/1411/1132 1325/1420/1135 1324/1412/1133
f 1323/1413/1132 1327/1417/1137 1328/1414/1134
f 1326/1416/1136 1328/1414/1134 1327/1417/1137
f 1330/1418/1138 1331/1421/1140 1328/1414/1134
f 1329/1419/1139 1331/1421/1140 1330/1418/1138
f 1329/1419/1139 1324/1412/1133 1325/1420/1135
f 1332/558/431 1335/1426/1144 1337/1423/1141
f 1339/1425/1143 1340/1427/1145 1337/1423/1141
f 1333/560/433 1338/1428/1146 1340/1427/1145
f 1338/1428/1146 1342/2139/1149 1343/1429/1147
f 1341/1430/1148 1343/1433/1147 1342/1431/1149
f 1336/1424/1142 1337/1423/1141 1343/1433/1147
s 8
f 1364/1435/1151 1366/1438/1154 1365/1436/1152
f 1368/1437/1153 1369/1440/1156 1366/1438/1154
f 1361/1439/1155 1367/1441/1157 1369/1440/1156
f 1367/1441/1157 1371/1444/1160 1372/1442/1158
f 1370/1443/1159 1372/1442/1158 1371/1444/1160
f 1374/1446/1162 1375/1447/1163 1372/1442/1158
f 1363/576/449 1373/1448/1164 1375/1447/1163
f 1373/1448/1164 1365/1436/1152 1366/1438/1154
f 1369/1440/1156 1372/1442/1158 1375/1447/1163
f 1376/571/444 1380/1451/1167 1382/1449/1165
f 1380/1451/1167 1384/1454/1170 1385/1452/1168
f 1383/1453/1169 1385/1452/1168 1384/1454/1170
f 1383/1453/1169 1387/1458/1174 1388/1456/1172
f 1386/1457/1173 1388/1456/1172 1387/1458/1174
f 1386/1457/1173 1390/1461/1177 1391/1459/1175
f 1389/1460/1176 1391/1459/1175 1390/1461/1177
f 1381/1450/1166 1382/1449/1165 1391/1459/1175
f 1382/1449/1165 1385/1452/1168 1388/1456/1172
f 1411/1462/1178 1413/1465/1181 1412/1463/1179
f 1411/1462/1178 1415/1467/1183 1416/1464/1180
f 1414/1466/1182 1416/1464/1180 1415/1467/1183
f 1418/1469/1185 1419/1475/1188 1416/1464/1180
f 1417/1470/1186 1419/1473/1188 1418/1471/1185
f 1417/1470/1186 1412/1463/1179 1413/1465/1181
f 1423/1476/1189 1425/1480/1193 1424/1477/1190
f 1427/1479/1192 1428/2307/1196 1425/1480/1193
f 1426/1481/1194 1428/2307/1196 1427/1479/1192
f 1430/1482/1195 1431/1486/1198 1428/1483/1196
f 1429/1485/1197 1431/1486/1198 1430/1482/1195
f 1429/1485/1197 1424/1477/1190 1425/1480/1193
f 1439/1489/1199 1441/1492/1202 1440/1490/1200
f 1439/1489/1199 1443/1494/1204 1444/1491/1201
f 1442/1493/1203 1444/1491/1201 1443/1494/1204
f 1442/1493/1203 1446/1497/1207 1447/1495/1205
f 1445/1496/1206 1447/1495/1205 1446/1497/1207
f 1440/1490/1200 1441/1492/1202 1447/1495/1205
f 1456/599/469 1460/1501/1211 1462/1498/1208
f 1464/1500/1210 1465/1502/1212 1462/1498/1208
f 1457/603/473 1463/1503/1213 1465/1502/1212
f 1463/1503/1213 1467/1506/1216 1468/1504/1214
f 1466/1505/1215 1468/1504/1214 1467/1506/1216
f 1470/1508/1218 1471/1511/1221 1468/1504/1214
f 1469/1509/1219 1471/1511/1221 1470/1508/1218
f 1461/1499/1209 1462/1498/1208 1471/1511/1221
f 1465/1502/1212 1468/1504/1214 1471/1511/1221
f 1479/1512/1222 1481/1515/1225 1480/1513/1223
f 1483/1514/1224 1484/1517/1226 1481/1515/1225
f 1477/1516/472 1482/1519/1228 1484/1517/1226
f 1486/1518/1227 1487/1521/1230 1484/1517/1226
f 1478/1520/1229 1485/1522/1231 1487/1521/1230
f 1485/1522/1231 1480/1513/1223 1481/1515/1225
f 1492/590/462 1495/1525/1234 1497/1523/1232
f 1495/1525/1234 1499/1528/1237 1500/1526/1235
f 1498/1527/1236 1500/1526/1235 1499/1528/1237
f 1498/1527/1236 1502/1531/1240 1503/1529/1238
f 1501/1530/1239 1503/1529/1238 1502/1531/1240
f 1496/1524/1233 1497/1523/1232 1503/1529/1238
f 1523/1533/1242 1525/1536/1245 1524/1534/1243
f 1523/1533/1242 1527/1538/1247 1528/1535/1244
f 1526/1537/1246 1528/1535/1244 1527/1538/1247
f 1526/1537/1246 1530/1541/1250 1531/1539/1248
f 1529/1540/1249 1531/1539/1248 1530/1541/1250
f 1524/1534/1243 1525/1536/1245 1531/1539/1248
f 1532/605/475 1535/1544/1253 1537/1542/1251
f 1535/1544/1253 1539/1547/1256 1540/1545/1254
f 1538/1546/1255 1540/1545/1254 1539/1547/1256
f 1542/1549/1258 1543/1551/1260 1540/1545/1254
f 1541/1550/1259 1543/1551/1260 1542/1549/1258
f 1536/1543/1252 1537/1542/1251 1543/1551/1260
f 1555/1552/1261 1557/1555/1264 1556/1553/1262
f 1559/1554/1263 1560/1558/1267 1557/1555/1264
f 1558/1556/1265 1560/1558/1267 1559/1554/1263
f 1558/1556/1265 1562/1560/1269 1563/1557/1266
f 1561/1559/1268 1563/1557/1266 1562/1560/1269
f 1561/1559/1268 1556/1553/1262 1557/1555/1264
s 9
f 1580/1565/1273 1582/1569/1277 1581/1566/1274
f 1584/1568/1276 1585/1572/1280 1582/1569/1277
f 1583/1570/1278 1585/1572/1280 1584/1568/1276
f 1587/1571/1279 1588/1574/1282 1585/1572/1280
f 1586/1573/1281 1588/1574/1282 1587/1571/1279
f 1586/1573/1281 1581/1566/1274 1582/1569/1277
f 1593/1575/1283 1595/1578/1286 1594/1576/1284
f 1597/1577/1285 1598/1581/1289 1595/1578/1286
f 1596/1579/1287 1598/1581/1289 1597/1577/1285
f 1600/1580/1288 1601/1584/1292 1598/1581/1289
f 1599/1582/1290 1601/1584/1292 1600/1580/1288
f 1603/1583/1291 1604/1586/1294 1601/1584/1292
f 1602/1585/1293 1604/1586/1294 1603/1583/1291
f 1602/1585/1293 1594/1576/1284 1595/1578/1286
f 1598/1581/1289 1601/1584/1292 1604/1586/1294
f 1609/1587/1295 1611/1590/1298 1610/1588/1296
f 1613/1589/1297 1614/1593/1301 1611/1590/1298
f 1612/1591/1299 1614/1593/1301 1613/1589/1297
f 1612/1591/1299 1616/1594/1302 1617/1592/1300
f 1607/652/517 1615/1595/1303 1617/1592/1300
f 1615/1595/1303 1619/1598/1306 1620/1596/1304
f 1618/1597/1305 1620/1596/1304 1619/1598/1306
f 1610/1588/1296 1611/1590/1298 1620/1596/1304
f 1611/1590/1298 1614/1593/1301 1617/1592/1300
f 1625/1599/1307 1627/1602/1310 1626/1600/1308
f 1629/1601/1309 1630/1603/1311 1627/1602/1310
f 1622/671/535 1628/2234/1312 1630/1603/1311
f 1628/1604/1312 1632/1607/1314 1633/1605/1313
f 1623/670/534 1631/1608/1315 1633/1605/1313
f 1631/1608/1315 1635/1611/1318 1636/1609/1316
f 1634/1610/1317 1636/1609/1316 1635/1611/1318
f 1634/1610/1317 1626/2308/1308 1627/1613/1310
f 1630/1606/1311 1633/1605/1313 1636/1614/1316
f 1637/662/526 1641/1618/1322 1643/1616/1320
f 1641/1618/1322 1645/1621/1325 1646/1619/1323
f 1644/1620/1324 1646/1619/1323 1645/1621/1325
f 1648/1622/1326 1649/1625/1329 1646/1619/1323
f 1647/1623/1327 1649/1625/1329 1648/1622/1326
f 1651/1624/1328 1652/1627/1331 1649/1625/1329
f 1650/1626/1330 1652/1627/1331 1651/1624/1328
f 1642/1617/1321 1643/1616/1320 1652/1627/1331
f 1643/1616/1320 1646/1619/1323 1649/1625/1329
f 1666/1637/1336 1668/1640/1339 1667/1638/1337
f 1670/1639/1338 1671/1644/1342 1668/1640/1339
f 1669/1641/1340 1671/1644/1342 1670/1639/1338
f 1669/1641/1340 1673/1646/1344 1674/1643/1341
f 1672/1645/1343 1674/1643/1341 1673/1646/1344
f 1672/1645/1343 1667/1638/1337 1668/1640/1339
f 1678/1647/1345 1680/1650/1348 1679/1648/1346
f 1678/1647/1345 1682/1652/1350 1683/1649/1347
f 1681/1651/1349 1683/1649/1347 1682/1652/1350
f 1685/1654/1352 1686/1654/1354 1683/1649/1347
f 1684/1655/1353 1686/1656/1354 1685/1656/1352
f 1684/1657/1353 1679/1648/1346 1680/1650/1348
s 1
f 144/63/57 149/776/620 141/769/616
f 149/776/620 157/786/629 133/1670/607
f 157/785/629 147/57/51 128/59/53
f 131/771/618 142/770/617 353/978/774
f 142/1671/617 138/766/613 348/972/768
f 138/766/613 130/72/12 344/74/65
f 332/73/64 304/2246/11 308/1672/740
f 335/962/758 308/1672/740 313/945/746
f 339/1673/763 313/945/746 306/946/747
f 172/7/7 176/805/643 163/791/631
f 176/805/643 181/814/649 167/1674/637
f 181/812/649 174/109/91 161/798/638
f 128/59/53 224/58/52 226/1675/1364
f 132/759/606 226/1675/1364 227/1676/1365
f 136/761/608 227/1676/1365 225/1677/39
f 211/36/35 184/35/34 188/820/652
f 221/860/680 188/831/652 193/829/658
f 213/848/671 193/829/658 186/174/148
f 209/21/21 197/20/20 203/1678/662
f 215/851/674 203/1678/662 199/835/660
f 219/852/675 199/835/660 196/15/15
f 56/32/32 60/702/560 190/824/655
f 60/1679/560 65/710/566 194/830/659
f 65/710/566 58/175/149 186/174/148
f 92/117/95 96/736/588 83/725/577
f 96/736/588 101/744/594 87/731/583
f 101/744/594 94/111/93 81/113/94
f 334/123/101 342/970/766 111/749/596
f 342/970/766 338/966/762 115/1680/599
f 338/966/762 333/116/76 109/115/69
f 147/57/51 158/784/628 205/843/667
f 158/784/628 154/782/626 200/836/661
f 154/782/626 146/13/13 196/15/15
f 161/798/638 104/108/90 106/1681/1366
f 166/796/636 106/1681/1366 107/1682/1367
f 170/1683/639 107/1682/1367 105/37/36
f 81/113/94 225/112/39 227/1676/1365
f 86/730/582 227/1676/1365 226/1675/1364
f 90/1684/584 226/1675/1364 224/1685/52
f 174/109/91 182/813/647 98/740/591
f 182/810/647 178/808/646 102/745/595
f 178/808/646 173/809/31 94/111/93
f 278/921/74 289/93/79 291/1686/1368
f 285/920/728 291/1686/1368 290/1687/1369
f 280/1688/721 290/1687/1369 288/28/28
f 211/36/35 222/858/681 279/912/720
f 222/858/681 218/855/678 283/917/725
f 218/855/678 210/14/14 277/918/726
f 316/77/68 329/76/67 331/1689/1370
f 319/949/749 331/1689/1370 330/1690/1371
f 323/1691/754 330/1690/1371 328/95/80
f 184/35/34 293/29/29 299/1692/732
f 187/1693/651 299/1692/732 295/1694/730
f 191/1696/656 295/923/730 292/71/63
f 277/918/726 146/13/13 155/783/627
f 282/916/724 155/783/627 151/779/623
f 286/1697/727 151/779/623 145/88/2
f 292/71/63 296/924/731 135/763/610
f 296/924/731 301/931/737 139/1698/611
f 301/931/737 294/10/10 130/12/12
f 240/879/693 244/878/692 360/984/778
f 244/878/692 249/886/699 364/987/781
f 249/886/699 242/4/4 357/6/6
f 68/151/127 209/2248/21 216/1699/672
f 71/715/568 216/1699/672 212/850/673
f 75/1700/573 212/850/673 208/846/669
f 294/631/10 302/1702/738 126/1701/1372
f 302/1702/738 298/2309/735 127/1703/1373
f 298/1704/735 293/29/29 125/1705/1374
f 121/1707/1375 123/1708/1376 307/937/739
f 123/1708/1376 122/1709/1377 311/939/741
f 122/1709/1377 120/2247/1699 305/75/66
f 318/91/77 326/958/757 237/871/689
f 326/958/757 322/953/753 232/864/683
f 322/953/753 317/955/75 228/1/1
f 144/63/57 265/65/50 271/1710/713
f 148/775/619 271/1710/713 267/902/711
f 152/1711/621 267/902/711 264/3/3
f 516/1712/96 518/2310/1478 467/1713/1378
f 467/1713/1378 518/2310/1478 519/1714/1379
f 466/1715/1380 519/1714/1379 517/346/27
f 413/213/180 420/1026/820 393/1008/802
f 420/1026/820 416/1023/817 385/995/789
f 416/1023/817 412/55/49 380/996/790
f 529/60/54 397/62/56 404/1011/805
f 404/1011/805 400/1009/803 530/1718/1382
f 400/1009/803 396/101/83 528/100/82
f 561/214/181 383/1006/800 394/1007/801
f 394/1007/801 390/1004/798 562/1720/1384
f 390/1004/798 382/1002/796 560/144/121
f 549/1721/238 453/179/72 459/1722/830
f 551/1724/1385 459/1041/830 455/1039/828
f 550/1725/1386 455/1039/828 452/106/88
f 444/1727/1388 446/1868/1476 527/1728/1389
f 527/1728/1389 446/1868/1476 447/1729/1390
f 526/1730/1391 447/1729/1390 445/247/44
f 553/401/138 508/400/293 510/1731/1392
f 555/1733/1393 510/2311/1392 511/1734/1394
f 511/1734/1394 509/2269/1446 552/378/283
f 496/1736/98 498/2312/1403 539/1737/1396
f 539/1737/1396 498/2312/1403 499/1738/1397
f 538/1739/1398 499/1738/1397 497/1740/1399
f 569/164/139 473/163/8 479/1741/840
f 571/1742/1400 479/1741/840 475/1052/837
f 570/1743/1401 475/1052/837 472/1054/839
f 497/1744/1399 499/2313/1397 858/1745/1402
f 858/1745/1402 499/2313/1397 498/1746/1403
f 857/1747/1404 498/1746/1403 496/120/98
f 504/1748/132 506/1750/1406 832/1749/1405
f 506/1750/1406 507/2314/1475 831/1751/1407
f 831/1751/1407 507/2314/1475 505/185/157
f 440/1752/117 442/2315/1473 708/1753/1408
f 708/1753/1408 442/2315/1473 443/1754/1409
f 707/1755/1410 443/1754/1409 441/326/231
s 2
f 373/1756/1411 375/1758/1413 618/1757/1412
f 375/1758/1413 374/2316/1711 617/1759/1414
f 617/1759/1414 374/2316/1711 372/102/84
s 1
f 513/1760/37 786/194/165 788/1761/1415
f 515/1762/1416 788/1761/1415 789/1763/1417
f 514/1764/1418 789/1763/1417 787/345/264
f 429/167/142 683/166/141 685/1765/1419
f 685/1765/1419 686/1768/1422 430/1767/1421
f 686/1768/1422 684/177/151 428/1769/224
f 541/192/164 666/2250/202 668/1770/1423
f 668/1770/1423 669/1773/1426 542/1772/1425
f 669/1773/1426 667/271/140 540/270/123
f 525/1774/70 527/1776/1389 712/1775/1427
f 527/1776/1389 526/2317/1391 711/1777/1428
f 711/1777/1428 526/2317/1391 524/148/125
f 549/305/238 551/2318/1385 742/1779/1429
f 551/1780/1385 550/2319/1386 741/1781/1430
f 741/1781/1430 550/2319/1386 548/1783/1387
s 2
f 377/1784/1431 379/2320/1712 605/1785/1432
f 605/1785/1432 379/2320/1712 378/1786/1433
f 604/1787/1434 378/1786/1433 376/1788/1435
s 1
f 433/176/150 653/178/152 655/1789/1436
f 435/1790/1437 655/1789/1436 656/1791/1438
f 656/1791/1438 654/142/119 432/1793/1440
f 544/195/166 546/2318/1442 806/1794/1441
f 546/1795/1442 547/2321/1477 805/1796/1443
f 805/1796/1443 547/2321/1477 545/1798/143
f 508/412/293 833/411/286 835/1799/1444
f 510/1800/1392 835/1799/1444 836/1801/1445
f 836/1801/1445 834/186/158 509/1803/1446
f 501/170/144 859/172/146 861/1804/1447
f 861/1804/1447 862/1807/1450 502/1806/1449
f 862/1807/1450 860/2275/284 500/410/301
f 565/200/97 756/202/154 758/1808/1451
f 758/1808/1451 759/1811/1454 566/1810/1453
f 759/1811/1454 757/155/131 564/154/130
f 464/335/255 773/337/257 775/1812/1455
f 466/1813/1380 775/1812/1455 776/1814/1456
f 776/1814/1456 774/183/155 465/1816/171
f 437/190/162 726/189/161 728/1817/1457
f 439/1818/1458 728/1817/1457 729/1819/1459
f 729/1819/1459 727/312/242 436/1821/124
f 529/193/54 531/1823/1381 639/1822/1461
f 531/1823/1381 530/2322/1382 638/1824/1462
f 638/1824/1462 530/2322/1382 528/252/82
f 469/39/38 513/38/37 515/1825/1416
f 471/1826/1463 515/1825/1416 514/1827/1418
f 514/1827/1418 512/26/26 468/1829/41
f 520/180/153 522/1831/1466 451/1830/1465
f 522/1831/1466 523/1833/1468 450/1832/1467
f 523/1833/1468 521/248/126 448/49/43
f 532/215/182 534/2323/1469 419/1025/819
f 534/1834/1469 535/2324/1470 423/1027/821
f 423/1027/821 535/2324/1470 533/1835/206
f 532/1836/182 433/283/150 435/1837/1437
f 435/1839/1437 434/1842/1439 535/1840/1470
f 434/1842/1439 432/2255/1440 533/250/206
f 553/162/138 555/1843/1393 493/1070/855
f 555/1843/1393 554/1844/1395 488/1063/848
f 554/1844/1395 552/2245/283 484/22/22
f 573/291/71 441/293/231 443/1845/1409
f 443/1845/1409 442/1848/1473 574/1847/1472
f 442/1848/1473 440/140/117 572/139/87
f 428/285/224 561/284/181 563/1849/1383
f 563/1849/1383 562/2325/1384 431/1851/1420
f 431/1851/1420 562/2325/1384 560/1852/121
f 556/158/134 558/2326/1479 506/1853/1406
f 506/1853/1406 558/2326/1479 559/1854/1474
f 507/1855/1475 559/1854/1474 557/380/23
f 500/1856/301 569/399/139 571/1857/1400
f 571/1857/1400 570/2327/1401 503/1859/1448
f 503/1859/1448 570/2327/1401 568/390/16
f 437/304/162 439/1862/1458 522/1860/1466
f 439/1862/1458 438/1864/1460 523/1863/1468
f 438/1864/1460 436/147/124 521/149/126
f 485/1067/852 173/31/31 179/1865/644
f 490/1066/851 179/1865/644 175/804/642
f 494/1866/853 175/804/642 172/7/7
f 472/1054/839 476/1053/838 77/723/575
f 476/1053/838 481/1060/845 72/716/569
f 481/1060/845 474/152/128 68/151/127
f 484/22/22 57/24/24 63/706/564
f 487/1062/847 63/706/564 59/701/559
f 491/1064/849 59/701/559 56/32/32
f 345/125/103 454/124/102 462/1045/833
f 350/975/771 462/1045/833 458/1047/832
f 354/979/775 458/1043/832 453/85/72
f 252/891/703 256/890/702 450/1832/1467
f 256/890/702 261/898/709 451/1830/1465
f 261/898/709 254/84/48 449/86/73
f 241/48/42 445/50/44 447/1729/1390
f 246/882/696 447/1729/1390 446/1868/1476
f 250/1869/698 446/1868/1476 444/1727/1388
f 474/152/128 482/1058/843 169/801/640
f 482/1058/843 478/1057/842 164/792/632
f 478/1057/842 473/8/8 160/793/633
f 468/45/41 198/44/40 206/1870/668
f 470/1828/1464 206/1870/668 202/839/664
f 202/839/664 197/840/20 469/46/38
f 229/53/47 399/52/46 410/1017/811
f 234/868/686 410/1017/811 406/1016/810
f 238/1871/688 406/1016/810 398/5/5
f 415/1035/827 266/51/45 274/910/719
f 425/1033/825 274/910/719 270/907/715
f 417/1022/816 270/906/715 265/56/50
f 253/66/59 381/68/61 388/1000/794
f 258/895/706 388/1000/794 384/994/788
f 262/1873/708 384/994/788 380/996/790
f 357/6/6 398/5/5 407/1014/808
f 363/986/780 407/1014/808 403/1013/807
f 367/988/782 403/1013/807 397/62/56
f 537/1874/133 539/1875/1396 74/719/572
f 539/1875/1396 538/1876/1398 78/722/574
f 538/1876/1398 536/18/18 70/17/17
f 105/37/36 107/1682/1367 546/1877/1442
f 107/1682/1367 106/1681/1366 547/1879/1477
f 547/1879/1477 106/1681/1366 104/1880/90
f 80/727/579 84/726/578 518/1881/1478
f 84/726/578 89/733/585 519/1882/1379
f 89/733/585 82/25/25 517/27/27
f 573/83/71 575/1883/1471 114/754/601
f 575/1883/1471 574/1884/1472 118/758/605
f 574/1884/1472 572/105/87 110/107/89
f 556/1885/134 58/2244/149 66/1886/565
f 558/1887/1479 66/1886/565 62/1888/563
f 559/1890/1474 62/705/563 57/24/24
f 541/1891/164 543/1892/1424 366/990/784
f 543/1892/1424 542/2328/1425 370/993/787
f 370/993/787 542/2328/1425 540/146/123
f 92/117/95 565/119/97 567/1893/1452
f 95/1894/587 567/1893/1452 566/1895/1453
f 99/1897/589 566/2329/1453 564/169/130
s 2
f 585/210/178 589/212/176 592/1898/858
f 592/1898/858 591/1073/857 586/1900/1481
f 591/1073/857 588/234/196 584/233/195
f 598/1901/189 600/1902/1482 596/1077/859
f 600/1902/1482 601/1908/1485 597/1903/860
f 597/1903/860 601/1908/1485 599/231/193
f 581/230/169 585/229/178 587/1899/1480
f 583/1905/1483 587/1899/1480 586/1900/1481
f 586/1900/1481 584/233/195 580/232/194
f 603/1907/85 605/1785/1432 600/1902/1482
f 605/1785/1432 604/1787/1434 601/1908/1485
f 601/1908/1485 604/1787/1434 602/1909/199
f 576/199/170 581/198/169 583/1905/1483
f 578/1910/1486 583/1905/1483 582/1906/1484
f 582/1906/1484 580/232/194 577/238/200
f 616/217/184 618/1757/1412 614/1912/1488
f 618/1757/1412 617/1759/1414 613/1913/1489
f 613/1913/1489 617/1759/1414 615/222/86
f 612/1914/205 614/1912/1488 609/1081/861
f 614/1912/1488 613/1913/1489 610/1915/862
f 610/1915/862 613/1913/1489 611/225/190
f 619/216/183 623/218/185 625/1916/1490
f 621/1917/1491 625/1916/1490 626/1918/1492
f 626/1918/1492 624/228/192 620/197/168
f 623/218/185 627/246/186 629/1920/1494
f 625/1916/1490 629/1920/1494 630/1921/1495
f 630/1921/1495 628/2253/1496 624/228/192
f 627/219/186 632/221/188 635/1922/864
f 629/1920/1494 635/1922/864 634/1085/863
f 634/1085/863 631/211/179 628/1923/1496
s 1
f 637/239/163 639/1926/1461 652/1924/1497
f 639/1926/1461 638/2330/1462 651/1927/1498
f 651/1927/1498 638/2330/1462 636/141/118
f 650/266/216 652/1924/1497 648/1928/1499
f 652/1924/1497 651/1927/1498 647/1930/1500
f 647/1930/1500 651/1927/1498 649/261/120
f 653/255/152 657/254/207 659/1931/1501
f 659/1931/1501 660/1932/1502 656/1791/1438
f 660/1932/1502 658/262/212 654/1933/119
f 646/258/210 648/1928/1499 643/1090/866
f 648/1928/1499 647/1930/1500 644/1934/867
f 644/1934/867 647/1930/1500 645/280/213
f 657/272/207 662/274/218 665/1935/869
f 659/1931/1501 665/1935/869 664/1094/868
f 664/1094/868 661/281/223 658/1936/212
f 667/165/140 669/2331/1426 682/1937/1503
f 682/1937/1503 669/2331/1426 668/1939/1423
f 681/1940/1505 668/1939/1423 666/241/202
f 680/1941/1504 682/1937/1503 678/1942/1506
f 682/1937/1503 681/1940/1505 677/1943/1507
f 677/1943/1507 681/1940/1505 679/268/201
f 676/277/220 678/1942/1506 673/1099/871
f 673/1099/871 678/1942/1506 677/1943/1507
f 674/1944/872 677/1943/1507 675/260/211
f 683/301/141 687/303/222 689/1945/1508
f 689/1945/1508 690/1946/1509 686/1768/1422
f 690/1946/1509 688/2256/1510 684/253/151
f 687/279/222 692/278/221 695/1947/874
f 695/1947/874 694/1103/873 690/1946/1509
f 694/1103/873 691/273/217 688/1948/1510
f 709/311/241 713/313/232 715/1949/1511
f 711/1950/1428 715/1949/1511 716/1951/1512
f 716/1951/1512 714/327/250 710/1953/230
f 706/436/172 708/1753/1408 704/1954/1513
f 704/1954/1513 708/1753/1408 707/1755/1410
f 703/1956/1515 707/1755/1410 705/329/251
f 713/294/232 717/296/234 719/1957/1516
f 715/1949/1511 719/1957/1516 720/1958/1517
f 720/1958/1517 718/330/252 714/1959/250
f 702/1960/1514 704/1954/1513 699/1107/875
f 699/1107/875 704/1954/1513 703/1956/1515
f 700/1961/876 703/1956/1515 701/332/253
f 717/309/234 722/308/239 725/1962/878
f 719/1957/1516 725/1962/878 724/1111/877
f 724/1111/877 721/333/254 718/1963/252
f 726/325/161 730/324/245 732/1964/1518
f 728/1817/1457 732/1964/1518 733/1965/1519
f 733/1965/1519 731/295/233 727/1966/242
f 730/316/245 735/315/244 738/1967/881
f 732/1964/1518 738/1967/881 737/1116/880
f 737/1116/880 734/1115/879 731/307/233
f 739/203/116 743/205/173 745/1968/1520
f 745/1968/1520 746/1971/1521 742/1970/1429
f 746/1971/1521 744/2249/249 740/188/160
f 743/438/173 747/437/225 749/1972/1522
f 749/1972/1522 750/1973/1523 746/1971/1521
f 750/1973/1523 748/2262/243 744/323/249
f 747/286/225 752/288/227 755/1974/884
f 755/1974/884 754/1121/883 750/1973/1523
f 754/1121/883 751/1120/882 748/314/243
f 757/320/131 759/1977/1454 772/1975/1524
f 759/1977/1454 758/2332/1451 771/1978/1525
f 771/1978/1525 758/2332/1451 756/182/154
f 770/375/282 772/1975/1524 768/1979/1526
f 772/1975/1524 771/1978/1525 767/1981/1528
f 767/1981/1528 771/1978/1525 769/184/156
f 773/338/257 777/340/259 779/1982/1529
f 775/1812/1455 779/1982/1529 780/1983/1530
f 780/1983/1530 778/2268/281 774/370/155
f 766/1984/1527 768/1979/1526 763/1125/885
f 768/1979/1526 767/1981/1528 764/1985/886
f 764/1985/886 767/1981/1528 765/374/280
f 777/340/259 782/349/266 785/1986/889
f 779/1982/1529 785/1986/889 784/1130/888
f 784/1130/888 781/1129/887 778/372/281
f 786/355/165 790/354/269 792/1987/1531
f 792/1987/1531 793/1990/1532 789/1989/1417
f 793/1990/1532 791/336/256 787/1991/264
f 790/358/269 794/357/271 796/1992/1533
f 796/1992/1533 797/1993/1534 793/1990/1532
f 797/1993/1534 795/339/258 791/1994/256
f 794/361/271 799/360/273 802/1995/891
f 802/1995/891 801/1134/890 797/1993/1534
f 801/1134/890 798/348/265 795/1996/258
f 803/322/129 807/321/248 809/1997/1535
f 805/1998/1443 809/1997/1535 810/1999/1536
f 810/1999/1536 808/2266/270 804/353/167
f 807/377/248 811/376/278 813/2001/1537
f 809/1997/1535 813/2001/1537 814/2002/1538
f 814/2002/1538 812/2267/272 808/356/270
f 811/367/278 816/369/262 819/2003/894
f 813/2001/1537 819/2003/894 818/1139/893
f 818/1139/893 815/1138/892 812/359/272
f 830/2004/99 832/1749/1405 828/2005/1539
f 832/1749/1405 831/1751/1407 827/2006/1540
f 827/2006/1540 831/1751/1407 829/393/159
f 833/383/286 837/382/285 839/2007/1541
f 835/1799/1444 839/2007/1541 840/2008/1542
f 840/2008/1542 838/2273/291 834/391/158
f 826/2009/292 828/2005/1539 823/1143/895
f 828/2005/1539 827/2006/1540 824/2010/896
f 824/2010/896 827/2006/1540 825/396/290
f 837/382/285 842/403/295 845/2011/899
f 839/2007/1541 845/2011/899 844/1148/898
f 844/1148/898 841/1147/897 838/394/291
f 856/2012/145 858/1745/1402 854/2013/1543
f 854/2013/1543 858/1745/1402 857/1747/1404
f 853/2014/1544 857/1747/1404 855/122/100
f 852/407/298 854/2013/1543 849/1153/901
f 849/1153/901 854/2013/1543 853/2014/1544
f 850/2015/902 853/2014/1544 851/364/275
f 859/418/146 863/420/300 865/2016/1545
f 865/2016/1545 866/2017/1546 862/1807/1450
f 866/2017/1546 864/2270/294 860/381/284
f 863/409/300 868/408/299 871/2018/905
f 871/2018/905 870/1158/904 866/2017/1546
f 870/1158/904 867/1157/903 864/402/294
s 3
f 889/415/302 891/2020/1547 878/2019/1547
f 891/2020/1547 890/2022/1548 879/2021/1548
f 890/2022/1548 888/421/305 877/423/307
f 884/432/314 897/431/314 899/2023/1549
f 886/2025/1549 899/2333/1549 898/2026/1550
f 898/2026/1550 896/422/306 885/2028/306
f 900/2029/313 893/430/313 895/2030/1551
f 895/2030/1551 894/2334/1553 903/2032/1553
f 903/2032/1553 894/2334/1553 892/2033/308
f 873/2034/303 875/2335/1554 882/2035/1554
f 882/2035/1554 875/2335/1554 874/2036/1555
f 874/2036/1555 872/426/309 881/425/309
s 5
f 984/444/323 989/1195/939 947/1171/915
f 989/1195/939 997/1206/950 951/2038/917
f 997/1206/950 987/461/340 945/549/423
f 944/442/321 948/1172/916 942/2039/1556
f 948/1172/916 953/1178/922 943/2041/1558
f 953/1178/922 946/452/331 941/2042/1559
f 924/450/329 929/449/328 935/1164/908
f 926/2043/1560 935/1164/908 931/1162/906
f 927/2044/1561 931/1162/906 928/454/333
f 917/2045/1562 919/2046/1563 950/1176/920
f 919/2046/1563 918/2047/1564 954/1179/923
f 918/2047/1564 916/453/332 946/452/331
f 929/449/328 921/2278/1701 923/2048/1565
f 934/1166/910 923/2048/1565 922/2049/1566
f 938/2050/911 922/2049/1566 920/441/320
f 960/2051/341 962/2052/1567 977/1193/937
f 962/2052/1567 963/2054/1568 969/1181/925
f 969/1181/925 963/2054/1568 961/2053/349
f 987/461/340 998/1203/947 962/2052/1567
f 962/2052/1567 998/1203/947 994/1204/948
f 963/2054/1568 994/1204/948 986/1201/945
f 985/469/348 992/1199/943 982/2055/1569
f 982/2055/1569 992/1199/943 988/1194/938
f 983/2056/1570 988/1194/938 984/444/323
f 966/1189/933 975/1187/931 958/2057/1571
f 958/2057/1571 975/1187/931 971/1184/928
f 959/2058/1572 971/1184/928 965/1186/930
f 966/1189/933 928/454/333 932/1163/907
f 974/1188/932 932/1163/907 937/1169/913
f 978/1190/934 937/1169/913 930/440/319
f 1016/464/343 1020/466/345 1024/1218/962
f 1018/2059/1573 1024/1218/962 1029/1224/968
f 1019/2060/1574 1029/1224/968 1022/468/347
f 1005/446/325 1011/1210/954 1002/2062/1576
f 1011/1210/954 1007/1207/951 1003/2063/1577
f 1007/1207/951 1004/1209/953 1001/472/351
f 1006/459/338 1014/2064/957 968/1182/926
f 1014/2064/957 1010/1212/956 972/1185/929
f 1010/1212/956 1005/446/325 965/1186/930
f 1022/468/347 1030/1225/969 991/1198/942
f 1030/1225/969 1026/1221/965 995/1200/944
f 1026/1221/965 1021/471/350 986/1201/945
f 1040/483/361 1036/482/360 1038/2065/1578
f 1043/1226/970 1038/2065/1578 1039/2066/1579
f 1047/1228/972 1039/2066/1579 1037/479/358
f 1036/482/360 1056/1241/982 1060/1240/981
f 1038/2065/1578 1060/1240/981 1065/1249/988
f 1039/2066/1579 1065/1249/988 1058/480/359
f 1058/480/359 1066/1250/989 1054/2067/1580
f 1066/1250/989 1062/1246/985 1055/2068/1581
f 1055/2069/1581 1062/1244/985 1057/465/344
f 1032/474/353 1042/473/352 1050/1235/976
f 1034/2072/1583 1050/1232/976 1046/1230/974
f 1035/2073/1584 1046/1230/974 1041/1231/975
f 1004/1209/953 1008/1208/952 1049/1234/978
f 1008/1208/952 1013/1216/960 1044/1227/971
f 1013/1216/960 1006/484/338 1040/483/361
f 1056/1241/982 1021/481/350 1027/2074/963
f 1059/1239/980 1027/2074/963 1023/1217/961
f 1063/1245/986 1023/1217/961 1020/466/345
s 4
f 1082/429/312 1077/428/311 1079/2075/1585
f 1089/1260/997 1079/2075/1585 1078/2076/1586
f 1084/1254/991 1078/2076/1586 1076/2077/1587
f 1073/435/317 1075/2078/1588 1095/1262/999
f 1075/2078/1588 1074/2079/1589 1099/1267/1004
f 1074/2079/1589 1072/476/355 1093/1268/1005
f 1068/490/367 1094/492/369 1102/2080/1006
f 1070/2081/1590 1102/2080/1006 1098/1266/1003
f 1071/2082/1591 1098/1266/1003 1093/1268/1005
f 1082/429/312 1090/1261/998 906/2083/1592
f 1090/1261/998 1086/1257/994 907/2084/1593
f 1086/1257/994 1081/491/368 905/2085/1594
f 1115/498/375 1109/497/374 1111/2086/1595
f 1111/2086/1595 1110/2087/1596 1117/1273/1010
f 1110/2087/1596 1108/493/370 1112/495/372
f 1128/510/385 1133/1286/1023 1119/1277/1014
f 1133/1286/1023 1141/1298/1035 1123/1280/1017
f 1141/1298/1035 1131/500/376 1114/1281/1018
f 1129/1291/1028 1105/502/377 1107/2088/1597
f 1135/1289/1026 1107/2088/1597 1106/2089/1598
f 1106/2089/1598 1104/434/316 1130/1294/1031
f 1094/501/369 1131/500/376 1142/1295/1032
f 1101/1270/1007 1142/1295/1032 1138/1293/1030
f 1096/1263/1000 1138/1293/1030 1130/1294/1031
f 1114/1281/1018 1081/499/368 1087/2090/995
f 1122/1279/1016 1087/2090/995 1083/1253/990
f 1126/1282/1019 1083/1253/990 1080/496/373
f 1154/494/371 1149/2279/1702 1151/2091/1599
f 1161/1307/1044 1151/2091/1599 1150/2092/1600
f 1156/1300/1037 1150/2092/1600 1148/2093/1601
f 1145/513/388 1147/2336/1713 1167/1309/1046
f 1167/1309/1046 1147/2336/1713 1146/2094/1602
f 1171/1311/1048 1146/2094/1602 1144/504/379
f 1128/510/385 1166/509/384 1174/2095/1051
f 1132/1285/1022 1174/2095/1051 1170/1313/1050
f 1136/1290/1027 1170/1313/1050 1165/503/378
f 1153/1304/1041 1113/508/383 1120/1274/1011
f 1158/1303/1040 1120/1274/1011 1116/1272/1009
f 1162/1308/1045 1116/1272/1009 1112/495/372
f 1184/519/394 1181/518/393 1183/2096/1603
f 1187/1322/1055 1183/2337/1603 1182/2097/1604
f 1191/1320/1057 1182/2097/1604 1180/506/381
f 1185/1324/1060 1197/505/380 1203/1336/1070
f 1190/1323/1059 1203/1336/1070 1199/1331/1065
f 1194/1325/1061 1199/1331/1065 1196/521/396
f 1197/505/380 1177/507/382 1179/2098/1605
f 1202/1335/1069 1179/2098/1605 1178/2099/1606
f 1206/1340/1071 1178/2338/1606 1176/512/387
f 1152/517/392 1184/519/394 1188/1319/1056
f 1155/1299/1036 1188/1319/1056 1193/1327/1063
f 1159/2100/1038 1193/1327/1063 1186/520/395
f 1164/511/386 1168/1310/1047 1205/1341/1074
f 1168/1310/1047 1173/1316/1053 1200/1332/1066
f 1173/1316/1053 1166/509/384 1196/521/396
s 1
f 305/75/66 316/77/68 320/950/750
f 310/944/743 320/959/750 325/957/756
f 314/942/744 325/957/756 318/91/77
s 6
f 1212/489/366 1217/488/365 1223/1347/1078
f 1214/2101/1607 1223/1347/1078 1219/1344/1075
f 1215/2102/1608 1219/1344/1075 1216/1346/1077
f 1232/539/414 1236/1355/1086 1230/2103/1609
f 1236/1355/1086 1241/1361/1092 1231/2104/1610
f 1241/1361/1092 1234/515/390 1229/2105/1611
f 908/525/400 1218/527/402 1226/2106/1081
f 910/2107/1612 1226/2106/1081 1222/1349/1080
f 911/2108/1613 1222/1349/1080 1217/488/365
f 1234/515/390 1242/1362/1093 1210/2110/1615
f 1242/1362/1093 1238/1359/1090 1211/2111/1616
f 1238/1359/1090 1233/526/401 1209/2112/1617
f 1244/533/408 1248/532/407 1252/1364/1095
f 1252/2114/1095 1257/1371/1102 1247/2115/1619
f 1257/1371/1102 1250/523/398 1245/2117/1620
f 1249/542/416 1264/541/415 1268/1376/1104
f 1254/1367/1098 1268/1376/1104 1273/1384/1110
f 1258/1369/1100 1273/1384/1110 1266/524/399
f 1266/524/399 1274/1385/1111 1262/2118/1621
f 1274/1385/1111 1270/1381/1107 1263/2119/1622
f 1270/1379/1107 1265/538/413 1261/2120/1623
f 1264/541/415 1233/526/401 1239/2122/1087
f 1267/1377/1105 1239/2122/1087 1235/1354/1085
f 1271/1380/1108 1235/1354/1085 1232/539/414
f 1216/1346/1077 1220/1345/1076 1251/1365/1096
f 1220/1345/1076 1225/1352/1083 1255/1368/1099
f 1225/1352/1083 1218/540/402 1249/542/416
s 1
f 264/3/3 268/903/712 231/863/682
f 268/2123/712 273/909/718 235/869/687
f 273/909/718 266/51/45 229/53/47
f 253/66/59 259/896/707 243/877/691
f 259/896/707 255/892/701 247/2124/697
f 255/889/701 252/891/703 241/48/42
f 344/74/65 332/73/64 336/963/759
f 347/971/767 336/963/759 341/969/765
f 351/973/769 341/969/765 334/123/101
f 396/101/83 401/1010/804 422/1031/823
f 401/1010/804 409/1019/813 426/1034/826
f 409/1019/813 399/52/46 415/1035/827
f 108/751/598 112/750/597 461/1048/835
f 112/750/597 117/757/604 456/1040/829
f 117/757/604 110/107/89 452/106/88
f 359/145/122 382/1002/796 391/1001/795
f 369/992/786 391/1001/795 387/999/793
f 361/983/777 387/999/793 381/68/61
s 7
f 1285/2125/1624 1287/2339/1625 1297/1396/1120
f 1287/2126/1625 1286/2340/1714 1292/1389/1113
f 1292/1389/1113 1286/2340/1714 1284/2127/1626
f 1301/1406/1127 1307/1403/1124 1282/2128/1627
f 1307/1403/1124 1303/1401/1122 1283/2129/1628
f 1303/1401/1122 1300/550/424 1281/552/426
f 1289/1392/1116 913/546/420 915/2130/1629
f 1294/1394/1118 915/2130/1629 914/2131/1630
f 1298/1397/1121 914/2131/1630 912/530/405
f 1301/1406/1127 1277/534/409 1279/2132/1631
f 1306/1405/1126 1279/2132/1631 1278/2133/1632
f 1310/2134/1131 1278/2133/1632 1276/548/422
f 1320/545/419 1317/544/418 1319/2135/1633
f 1319/2136/1633 1318/2137/1634 1327/1417/1137
f 1318/2137/1634 1316/559/432 1321/561/434
f 1322/557/430 1330/1418/1138 1335/1426/1144
f 1335/1426/1144 1330/1418/1138 1326/1416/1136
f 1339/1425/1143 1326/1416/1136 1321/561/434
f 1334/1432/1150 1342/1431/1149 1314/2138/1635
f 1342/2139/1149 1338/1428/1146 1315/2140/1636
f 1338/1428/1146 1333/560/433 1313/2142/1637
f 1332/558/431 1336/1424/1142 1309/1409/1130
f 1336/1424/1142 1341/1430/1148 1304/1402/1123
f 1341/1430/1148 1334/1432/1150 1300/550/424
f 1322/557/430 1289/2280/1116 1295/2143/1114
f 1329/1419/1139 1295/2143/1114 1291/1388/1112
f 1324/1412/1133 1291/1388/1112 1288/543/417
s 8
f 1348/622/492 1512/621/491 1514/2144/1638
f 1350/2145/1639 1514/2144/1638 1515/2146/1640
f 1515/2146/1640 1513/554/428 1349/2148/1642
f 1534/593/464 1456/599/469 1461/1499/1209
f 1541/1550/1259 1461/1499/1209 1469/1509/1219
f 1536/1543/1252 1469/1509/1219 1459/1510/1220
f 1377/1455/1171 1384/1454/1170 1373/1448/1164
f 1384/1454/1170 1380/1451/1167 1365/1436/1152
f 1380/1451/1167 1376/571/444 1360/572/445
f 1379/564/437 1390/1461/1177 1358/2149/1643
f 1390/1461/1177 1386/1457/1173 1359/2150/1644
f 1359/2150/1644 1386/1457/1173 1378/580/453
f 1362/1445/1161 1371/1444/1160 1354/2151/1645
f 1371/1444/1160 1367/1441/1157 1355/2152/1646
f 1367/1441/1157 1361/1439/1155 1353/565/438
f 1363/576/449 1374/1446/1162 1445/1496/1206
f 1374/1446/1162 1370/1443/1159 1440/1490/1200
f 1370/1443/1159 1362/1445/1161 1436/617/487
f 1378/580/453 1387/1458/1174 1451/2153/1647
f 1451/2153/1647 1387/1458/1174 1383/1453/1169
f 1450/2154/1648 1383/1453/1169 1377/1455/1171
f 1360/572/445 1392/570/443 1394/2155/1649
f 1364/1435/1151 1394/2155/1649 1395/2156/1650
f 1368/1437/1153 1395/2156/1650 1393/566/439
f 1379/564/437 1396/563/436 1398/2157/1651
f 1389/1460/1176 1398/2157/1651 1399/2158/1652
f 1381/1450/1166 1399/2158/1652 1397/2159/441
f 1420/1478/1191 1424/1477/1190 1411/1462/1178
f 1424/1477/1190 1429/1485/1197 1415/1467/1183
f 1429/1485/1197 1422/587/459 1409/1468/1184
f 1404/588/460 1422/587/459 1430/1482/1195
f 1406/2160/1653 1430/1482/1195 1426/1484/1194
f 1407/2162/1654 1426/1481/1194 1421/574/447
f 1400/585/457 1410/1472/1187 1418/1471/1185
f 1402/2165/1656 1418/1469/1185 1414/1466/1182
f 1403/2166/1657 1414/1466/1182 1409/1468/1184
f 1392/570/443 1408/569/442 1412/1463/1179
f 1394/2155/1649 1412/1463/1179 1417/1470/1186
f 1395/2156/1650 1417/1470/1186 1410/1472/1187
f 1396/563/436 1421/574/447 1427/1479/1192
f 1398/2157/1651 1427/1479/1192 1423/1476/1189
f 1399/2158/1652 1423/1476/1189 1420/1478/1191
f 1436/617/487 1433/619/489 1435/2167/1658
f 1439/1489/1199 1435/2167/1658 1434/2168/1659
f 1434/2168/1659 1432/2282/1704 1437/581/454
f 1459/1510/1220 1470/1508/1218 1454/2169/1660
f 1470/1508/1218 1466/1505/1215 1455/2170/1661
f 1455/2170/1661 1466/1505/1215 1458/1507/1217
f 1476/610/480 1473/609/479 1475/2171/1662
f 1479/1512/1222 1475/2171/1662 1474/2172/1663
f 1483/2173/1224 1474/2172/1663 1472/600/470
f 1456/599/469 1478/1520/1229 1486/1518/1227
f 1460/1501/1211 1486/1518/1227 1482/1519/1228
f 1464/1500/1210 1482/1519/1228 1477/1516/472
f 1488/591/463 1492/590/462 1496/1524/1233
f 1490/2174/1664 1496/1524/1233 1501/1530/1239
f 1491/2175/1665 1501/1530/1239 1494/1532/1241
f 1493/604/474 1508/601/471 1510/2176/1666
f 1498/1527/1236 1510/2176/1666 1511/2177/1667
f 1502/1531/1240 1511/2177/1667 1509/596/466
f 1505/2178/1668 1507/2179/1669 1510/2176/1666
f 1507/2179/1669 1506/2180/1670 1511/2177/1667
f 1506/2180/1670 1504/597/467 1509/596/466
f 1458/1507/1217 1467/1506/1216 1495/1525/1234
f 1467/1506/1216 1463/1503/1213 1499/1528/1237
f 1463/1503/1213 1457/603/473 1493/604/474
f 1512/621/491 1449/578/451 1451/2153/1647
f 1514/2144/1638 1451/2153/1647 1450/2154/1648
f 1515/2146/1640 1450/2154/1648 1448/2181/448
f 1344/553/427 1520/555/429 1524/2182/1243
f 1346/2183/1671 1524/2182/1243 1529/1540/1249
f 1347/2184/1672 1529/1540/1249 1522/615/485
f 1517/613/483 1519/2186/1674 1526/1537/1246
f 1519/2186/1674 1518/2187/1675 1530/1541/1250
f 1518/2187/1675 1516/616/486 1522/615/485
f 1554/598/468 1438/592/450 1446/2188/1207
f 1561/1559/1268 1446/2188/1207 1442/1493/1203
f 1556/1553/1262 1442/1493/1203 1437/581/454
f 1520/594/429 1534/593/464 1542/2189/1258
f 1523/1533/1242 1542/2189/1258 1538/1546/1255
f 1527/1538/1247 1538/1546/1255 1533/1548/1257
f 1478/1520/1229 1554/598/468 1562/2190/1269
f 1485/1522/1231 1562/2190/1269 1558/1556/1265
f 1480/1513/1223 1558/1556/1265 1553/608/478
f 1545/607/477 1547/2191/1676 1535/1544/1253
f 1547/2191/1676 1546/2192/1677 1539/1547/1256
f 1546/2192/1677 1544/612/482 1533/1548/1257
f 1548/2193/1678 1553/608/478 1559/1554/1263
f 1550/2194/1679 1559/1554/1263 1555/1552/1261
f 1551/2195/1680 1555/1552/1261 1552/583/456
s 9
f 1564/649/514 1566/2196/1681 1593/1575/1283
f 1566/2196/1681 1567/2341/1715 1597/1577/1285
f 1597/1577/1285 1567/2341/1715 1565/2197/531
f 1568/640/506 1605/639/505 1610/1588/1296
f 1571/2198/1270 1610/1588/1296 1618/1597/1305
f 1572/2199/1272 1618/1597/1305 1608/692/554
f 1573/661/525 1621/663/527 1626/1600/1308
f 1575/2201/1682 1626/2308/1308 1634/1610/1317
f 1576/2202/1683 1634/1610/1317 1624/1612/1319
f 1638/643/509 1645/1621/1325 1586/1573/1281
f 1645/1621/1325 1641/1618/1322 1581/1566/1274
f 1641/1618/1322 1637/662/526 1577/1567/1275
f 1663/646/512 1667/1638/1337 1678/1647/1345
f 1667/1638/1337 1672/1645/1343 1682/1652/1350
f 1672/1645/1343 1665/633/499 1676/1653/1351
f 1665/633/499 1673/1646/1344 1583/1570/1278
f 1673/1646/1344 1669/1641/1340 1587/2203/1279
f 1669/1641/1340 1664/1642/523 1579/647/507
f 1687/626/496 1689/2205/1684 1661/2204/1334
f 1689/2205/1684 1690/2207/1685 1662/2206/1335
f 1690/2207/1685 1688/2283/1705 1659/635/501
f 1676/1653/1351 1654/632/498 1657/2208/1333
f 1681/1651/1349 1657/2208/1333 1656/2209/1332
f 1685/1656/1352 1656/2342/1332 1653/637/503
f 1608/692/554 1619/1598/1306 1596/1579/1287
f 1619/1598/1306 1615/1595/1303 1600/2210/1288
f 1615/1595/1303 1607/652/517 1591/651/516
f 1692/648/513 1696/658/522 1698/2211/1686
f 1694/2212/1687 1698/2211/1686 1697/2213/1688
f 1693/2214/1689 1697/2213/1688 1695/656/521
f 1565/2215/531 1567/2341/1715 1693/2214/1689
f 1693/2214/1689 1567/2341/1715 1566/2196/1681
f 1694/2212/1687 1566/2196/1681 1564/649/514
f 1703/660/524 1664/659/523 1670/2216/1338
f 1705/2217/1690 1670/2216/1338 1666/1637/1336
f 1706/2218/1691 1666/1637/1336 1663/646/512
f 1707/694/555 1688/2292/1705 1690/2207/1685
f 1709/2219/1692 1690/2207/1685 1689/2205/1684
f 1689/2205/1684 1687/657/496 1708/2221/1694
f 1700/695/556 1702/2343/1695 1684/1655/1353
f 1702/2222/1695 1701/2223/1696 1679/1648/1346
f 1701/2223/1696 1699/2284/1706 1675/644/510
f 1638/643/509 1589/642/508 1594/1576/1284
f 1644/1620/1324 1594/1576/1284 1602/1585/1293
f 1648/2224/1326 1602/1585/1293 1592/696/549
f 1720/675/539 1592/686/549 1603/2225/1291
f 1723/2226/1359 1603/2225/1291 1599/1582/1290
f 1599/1582/1290 1591/698/516 1721/697/557
f 1639/682/545 1712/681/519 1715/2228/1358
f 1647/1623/1327 1715/2228/1358 1714/2229/1356
f 1651/1624/1328 1714/2229/1356 1711/2230/1355
f 1717/679/543 1719/2231/1697 1612/1591/1299
f 1719/2231/1697 1718/2233/1698 1616/2232/1302
f 1718/2233/1698 1716/664/528 1607/652/517
f 1726/673/537 1729/2344/1363 1628/2234/1312
f 1729/2235/1363 1728/2238/1361 1632/2236/1314
f 1728/2238/1361 1725/668/532 1623/670/534
f 1574/700/504 1578/634/500 1584/2239/1276
f 1576/2240/1683 1584/2239/1276 1580/1565/1273
f 1575/2241/1682 1580/1565/1273 1577/1567/1275
f 1624/1612/1319 1635/1611/1318 1609/1587/1295
f 1635/1611/1318 1631/1608/1315 1613/2242/1297
f 1631/1608/1315 1623/670/534 1606/680/544
f 1621/663/527 1637/662/526 1642/1617/1321
f 1625/1599/1307 1642/1617/1321 1650/1626/1330
f 1629/2243/1309 1650/1626/1330 1640/687/550
s 1
f 556/1885/134 537/1874/133 69/721/147
